file_path,class_name
C:\Users\PAVAN H\Downloads\SIPaKMeD\im_Dyskeratotic\im_Dyskeratotic\CROPPED\003_08.bmp,im_Dyskeratotic
C:\Users\PAVAN H\Downloads\SIPaKMeD\im_Metaplastic\im_Metaplastic\CROPPED\139_03.bmp,im_Metaplastic
C:\Users\PAVAN H\Downloads\SIPaKMeD\im_Superficial-Intermediate\im_Superficial-Intermediate\CROPPED\005_05.bmp,im_Superficial-Intermediate
C:\Users\PAVAN H\Downloads\SIPaKMeD\im_Metaplastic\im_Metaplastic\074.bmp,im_Metaplastic
C:\Users\PAVAN H\Downloads\SIPaKMeD\im_Metaplastic\im_Metaplastic\CROPPED\167_06.bmp,im_Metaplastic
C:\Users\PAVAN H\Downloads\SIPaKMeD\im_Metaplastic\im_Metaplastic\CROPPED\249_02.bmp,im_Metaplastic
C:\Users\PAVAN H\Downloads\SIPaKMeD\im_Superficial-Intermediate\im_Superficial-Intermediate\CROPPED\056_07.bmp,im_Superficial-Intermediate
C:\Users\PAVAN H\Downloads\SIPaKMeD\im_Dyskeratotic\im_Dyskeratotic\CROPPED\177_01.bmp,im_Dyskeratotic
C:\Users\PAVAN H\Downloads\SIPaKMeD\im_Metaplastic\im_Metaplastic\CROPPED\074_02.bmp,im_Metaplastic
C:\Users\PAVAN H\Downloads\SIPaKMeD\im_Dyskeratotic\im_Dyskeratotic\CROPPED\102_09.bmp,im_Dyskeratotic
C:\Users\PAVAN H\Downloads\SIPaKMeD\im_Dyskeratotic\im_Dyskeratotic\CROPPED\217_06.bmp,im_Dyskeratotic
C:\Users\PAVAN H\Downloads\SIPaKMeD\im_Superficial-Intermediate\im_Superficial-Intermediate\CROPPED\094_09.bmp,im_Superficial-Intermediate
C:\Users\PAVAN H\Downloads\SIPaKMeD\im_Metaplastic\im_Metaplastic\132.bmp,im_Metaplastic
C:\Users\PAVAN H\Downloads\SIPaKMeD\im_Dyskeratotic\im_Dyskeratotic\CROPPED\213_02.bmp,im_Dyskeratotic
C:\Users\PAVAN H\Downloads\SIPaKMeD\im_Parabasal\im_Parabasal\CROPPED\098_02.bmp,im_Parabasal
C:\Users\PAVAN H\Downloads\SIPaKMeD\im_Koilocytotic\im_Koilocytotic\CROPPED\096_03.bmp,im_Koilocytotic
C:\Users\PAVAN H\Downloads\SIPaKMeD\im_Koilocytotic\im_Koilocytotic\CROPPED\101_01.bmp,im_Koilocytotic
C:\Users\PAVAN H\Downloads\SIPaKMeD\im_Koilocytotic\im_Koilocytotic\200.bmp,im_Koilocytotic
C:\Users\PAVAN H\Downloads\SIPaKMeD\im_Superficial-Intermediate\im_Superficial-Intermediate\CROPPED\103_06.bmp,im_Superficial-Intermediate
C:\Users\PAVAN H\Downloads\SIPaKMeD\im_Metaplastic\im_Metaplastic\192.bmp,im_Metaplastic
C:\Users\PAVAN H\Downloads\SIPaKMeD\im_Dyskeratotic\im_Dyskeratotic\CROPPED\170_02.bmp,im_Dyskeratotic
C:\Users\PAVAN H\Downloads\SIPaKMeD\im_Dyskeratotic\im_Dyskeratotic\CROPPED\011_11.bmp,im_Dyskeratotic
C:\Users\PAVAN H\Downloads\SIPaKMeD\im_Superficial-Intermediate\im_Superficial-Intermediate\CROPPED\023_02.bmp,im_Superficial-Intermediate
C:\Users\PAVAN H\Downloads\SIPaKMeD\im_Dyskeratotic\im_Dyskeratotic\116.bmp,im_Dyskeratotic
C:\Users\PAVAN H\Downloads\SIPaKMeD\im_Metaplastic\im_Metaplastic\027.bmp,im_Metaplastic
C:\Users\PAVAN H\Downloads\SIPaKMeD\im_Dyskeratotic\im_Dyskeratotic\CROPPED\121_01.bmp,im_Dyskeratotic
C:\Users\PAVAN H\Downloads\SIPaKMeD\im_Superficial-Intermediate\im_Superficial-Intermediate\CROPPED\056_01.bmp,im_Superficial-Intermediate
C:\Users\PAVAN H\Downloads\SIPaKMeD\im_Dyskeratotic\im_Dyskeratotic\127.bmp,im_Dyskeratotic
C:\Users\PAVAN H\Downloads\SIPaKMeD\im_Superficial-Intermediate\im_Superficial-Intermediate\CROPPED\009_09.bmp,im_Superficial-Intermediate
C:\Users\PAVAN H\Downloads\SIPaKMeD\im_Superficial-Intermediate\im_Superficial-Intermediate\CROPPED\083_03.bmp,im_Superficial-Intermediate
C:\Users\PAVAN H\Downloads\SIPaKMeD\im_Metaplastic\im_Metaplastic\CROPPED\140_03.bmp,im_Metaplastic
C:\Users\PAVAN H\Downloads\SIPaKMeD\im_Koilocytotic\im_Koilocytotic\CROPPED\102_05.bmp,im_Koilocytotic
C:\Users\PAVAN H\Downloads\SIPaKMeD\im_Superficial-Intermediate\im_Superficial-Intermediate\CROPPED\057_06.bmp,im_Superficial-Intermediate
C:\Users\PAVAN H\Downloads\SIPaKMeD\im_Metaplastic\im_Metaplastic\CROPPED\139_04.bmp,im_Metaplastic
C:\Users\PAVAN H\Downloads\SIPaKMeD\im_Koilocytotic\im_Koilocytotic\029.bmp,im_Koilocytotic
C:\Users\PAVAN H\Downloads\SIPaKMeD\im_Metaplastic\im_Metaplastic\060.bmp,im_Metaplastic
C:\Users\PAVAN H\Downloads\SIPaKMeD\im_Metaplastic\im_Metaplastic\CROPPED\167_02.bmp,im_Metaplastic
C:\Users\PAVAN H\Downloads\SIPaKMeD\im_Superficial-Intermediate\im_Superficial-Intermediate\CROPPED\126_04.bmp,im_Superficial-Intermediate
C:\Users\PAVAN H\Downloads\SIPaKMeD\im_Koilocytotic\im_Koilocytotic\CROPPED\107_08.bmp,im_Koilocytotic
C:\Users\PAVAN H\Downloads\SIPaKMeD\im_Superficial-Intermediate\im_Superficial-Intermediate\CROPPED\098_01.bmp,im_Superficial-Intermediate
C:\Users\PAVAN H\Downloads\SIPaKMeD\im_Koilocytotic\im_Koilocytotic\CROPPED\157_03.bmp,im_Koilocytotic
C:\Users\PAVAN H\Downloads\SIPaKMeD\im_Koilocytotic\im_Koilocytotic\CROPPED\222_02.bmp,im_Koilocytotic
C:\Users\PAVAN H\Downloads\SIPaKMeD\im_Superficial-Intermediate\im_Superficial-Intermediate\CROPPED\088_01.bmp,im_Superficial-Intermediate
C:\Users\PAVAN H\Downloads\SIPaKMeD\im_Koilocytotic\im_Koilocytotic\CROPPED\043_04.bmp,im_Koilocytotic
C:\Users\PAVAN H\Downloads\SIPaKMeD\im_Dyskeratotic\im_Dyskeratotic\026.bmp,im_Dyskeratotic
C:\Users\PAVAN H\Downloads\SIPaKMeD\im_Dyskeratotic\im_Dyskeratotic\192.bmp,im_Dyskeratotic
C:\Users\PAVAN H\Downloads\SIPaKMeD\im_Dyskeratotic\im_Dyskeratotic\073.bmp,im_Dyskeratotic
C:\Users\PAVAN H\Downloads\SIPaKMeD\im_Dyskeratotic\im_Dyskeratotic\CROPPED\114_06.bmp,im_Dyskeratotic
C:\Users\PAVAN H\Downloads\SIPaKMeD\im_Koilocytotic\im_Koilocytotic\CROPPED\088_11.bmp,im_Koilocytotic
C:\Users\PAVAN H\Downloads\SIPaKMeD\im_Dyskeratotic\im_Dyskeratotic\CROPPED\099_02.bmp,im_Dyskeratotic
C:\Users\PAVAN H\Downloads\SIPaKMeD\im_Superficial-Intermediate\im_Superficial-Intermediate\022.bmp,im_Superficial-Intermediate
C:\Users\PAVAN H\Downloads\SIPaKMeD\im_Dyskeratotic\im_Dyskeratotic\079.bmp,im_Dyskeratotic
C:\Users\PAVAN H\Downloads\SIPaKMeD\im_Koilocytotic\im_Koilocytotic\CROPPED\124_01.bmp,im_Koilocytotic
C:\Users\PAVAN H\Downloads\SIPaKMeD\im_Koilocytotic\im_Koilocytotic\CROPPED\089_06.bmp,im_Koilocytotic
C:\Users\PAVAN H\Downloads\SIPaKMeD\im_Koilocytotic\im_Koilocytotic\088.bmp,im_Koilocytotic
C:\Users\PAVAN H\Downloads\SIPaKMeD\im_Superficial-Intermediate\im_Superficial-Intermediate\CROPPED\049_03.bmp,im_Superficial-Intermediate
C:\Users\PAVAN H\Downloads\SIPaKMeD\im_Metaplastic\im_Metaplastic\CROPPED\082_06.bmp,im_Metaplastic
C:\Users\PAVAN H\Downloads\SIPaKMeD\im_Parabasal\im_Parabasal\CROPPED\087_01.bmp,im_Parabasal
C:\Users\PAVAN H\Downloads\SIPaKMeD\im_Superficial-Intermediate\im_Superficial-Intermediate\CROPPED\100_01.bmp,im_Superficial-Intermediate
C:\Users\PAVAN H\Downloads\SIPaKMeD\im_Dyskeratotic\im_Dyskeratotic\CROPPED\067_16.bmp,im_Dyskeratotic
C:\Users\PAVAN H\Downloads\SIPaKMeD\im_Dyskeratotic\im_Dyskeratotic\CROPPED\141_02.bmp,im_Dyskeratotic
C:\Users\PAVAN H\Downloads\SIPaKMeD\im_Superficial-Intermediate\im_Superficial-Intermediate\CROPPED\002_02.bmp,im_Superficial-Intermediate
C:\Users\PAVAN H\Downloads\SIPaKMeD\im_Superficial-Intermediate\im_Superficial-Intermediate\CROPPED\005_03.bmp,im_Superficial-Intermediate
C:\Users\PAVAN H\Downloads\SIPaKMeD\im_Koilocytotic\im_Koilocytotic\CROPPED\113_06.bmp,im_Koilocytotic
C:\Users\PAVAN H\Downloads\SIPaKMeD\im_Superficial-Intermediate\im_Superficial-Intermediate\087.bmp,im_Superficial-Intermediate
C:\Users\PAVAN H\Downloads\SIPaKMeD\im_Koilocytotic\im_Koilocytotic\181.bmp,im_Koilocytotic
C:\Users\PAVAN H\Downloads\SIPaKMeD\im_Metaplastic\im_Metaplastic\075.bmp,im_Metaplastic
C:\Users\PAVAN H\Downloads\SIPaKMeD\im_Parabasal\im_Parabasal\CROPPED\012_06.bmp,im_Parabasal
C:\Users\PAVAN H\Downloads\SIPaKMeD\im_Koilocytotic\im_Koilocytotic\CROPPED\082_04.bmp,im_Koilocytotic
C:\Users\PAVAN H\Downloads\SIPaKMeD\im_Dyskeratotic\im_Dyskeratotic\CROPPED\066_14.bmp,im_Dyskeratotic
C:\Users\PAVAN H\Downloads\SIPaKMeD\im_Superficial-Intermediate\im_Superficial-Intermediate\CROPPED\083_04.bmp,im_Superficial-Intermediate
C:\Users\PAVAN H\Downloads\SIPaKMeD\im_Superficial-Intermediate\im_Superficial-Intermediate\CROPPED\008_06.bmp,im_Superficial-Intermediate
C:\Users\PAVAN H\Downloads\SIPaKMeD\im_Parabasal\im_Parabasal\CROPPED\027_02.bmp,im_Parabasal
C:\Users\PAVAN H\Downloads\SIPaKMeD\im_Parabasal\im_Parabasal\CROPPED\047_02.bmp,im_Parabasal
C:\Users\PAVAN H\Downloads\SIPaKMeD\im_Koilocytotic\im_Koilocytotic\CROPPED\180_02.bmp,im_Koilocytotic
C:\Users\PAVAN H\Downloads\SIPaKMeD\im_Metaplastic\im_Metaplastic\CROPPED\231_02.bmp,im_Metaplastic
C:\Users\PAVAN H\Downloads\SIPaKMeD\im_Metaplastic\im_Metaplastic\123.bmp,im_Metaplastic
C:\Users\PAVAN H\Downloads\SIPaKMeD\im_Superficial-Intermediate\im_Superficial-Intermediate\CROPPED\021_09.bmp,im_Superficial-Intermediate
C:\Users\PAVAN H\Downloads\SIPaKMeD\im_Metaplastic\im_Metaplastic\CROPPED\055_02.bmp,im_Metaplastic
C:\Users\PAVAN H\Downloads\SIPaKMeD\im_Superficial-Intermediate\im_Superficial-Intermediate\CROPPED\102_01.bmp,im_Superficial-Intermediate
C:\Users\PAVAN H\Downloads\SIPaKMeD\im_Superficial-Intermediate\im_Superficial-Intermediate\CROPPED\003_03.bmp,im_Superficial-Intermediate
C:\Users\PAVAN H\Downloads\SIPaKMeD\im_Superficial-Intermediate\im_Superficial-Intermediate\CROPPED\019_07.bmp,im_Superficial-Intermediate
C:\Users\PAVAN H\Downloads\SIPaKMeD\im_Parabasal\im_Parabasal\CROPPED\095_04.bmp,im_Parabasal
C:\Users\PAVAN H\Downloads\SIPaKMeD\im_Superficial-Intermediate\im_Superficial-Intermediate\CROPPED\008_09.bmp,im_Superficial-Intermediate
C:\Users\PAVAN H\Downloads\SIPaKMeD\im_Superficial-Intermediate\im_Superficial-Intermediate\CROPPED\124_07.bmp,im_Superficial-Intermediate
C:\Users\PAVAN H\Downloads\SIPaKMeD\im_Koilocytotic\im_Koilocytotic\CROPPED\095_12.bmp,im_Koilocytotic
C:\Users\PAVAN H\Downloads\SIPaKMeD\im_Koilocytotic\im_Koilocytotic\CROPPED\155_01.bmp,im_Koilocytotic
C:\Users\PAVAN H\Downloads\SIPaKMeD\im_Metaplastic\im_Metaplastic\270.bmp,im_Metaplastic
C:\Users\PAVAN H\Downloads\SIPaKMeD\im_Parabasal\im_Parabasal\065.bmp,im_Parabasal
C:\Users\PAVAN H\Downloads\SIPaKMeD\im_Dyskeratotic\im_Dyskeratotic\125.bmp,im_Dyskeratotic
C:\Users\PAVAN H\Downloads\SIPaKMeD\im_Superficial-Intermediate\im_Superficial-Intermediate\CROPPED\008_01.bmp,im_Superficial-Intermediate
C:\Users\PAVAN H\Downloads\SIPaKMeD\im_Dyskeratotic\im_Dyskeratotic\CROPPED\216_01.bmp,im_Dyskeratotic
C:\Users\PAVAN H\Downloads\SIPaKMeD\im_Metaplastic\im_Metaplastic\CROPPED\037_02.bmp,im_Metaplastic
C:\Users\PAVAN H\Downloads\SIPaKMeD\im_Dyskeratotic\im_Dyskeratotic\CROPPED\223_02.bmp,im_Dyskeratotic
C:\Users\PAVAN H\Downloads\SIPaKMeD\im_Superficial-Intermediate\im_Superficial-Intermediate\CROPPED\056_03.bmp,im_Superficial-Intermediate
C:\Users\PAVAN H\Downloads\SIPaKMeD\im_Superficial-Intermediate\im_Superficial-Intermediate\CROPPED\078_07.bmp,im_Superficial-Intermediate
C:\Users\PAVAN H\Downloads\SIPaKMeD\im_Koilocytotic\im_Koilocytotic\CROPPED\140_10.bmp,im_Koilocytotic
C:\Users\PAVAN H\Downloads\SIPaKMeD\im_Superficial-Intermediate\im_Superficial-Intermediate\CROPPED\004_11.bmp,im_Superficial-Intermediate
C:\Users\PAVAN H\Downloads\SIPaKMeD\im_Dyskeratotic\im_Dyskeratotic\CROPPED\080_01.bmp,im_Dyskeratotic
C:\Users\PAVAN H\Downloads\SIPaKMeD\im_Koilocytotic\im_Koilocytotic\222.bmp,im_Koilocytotic
C:\Users\PAVAN H\Downloads\SIPaKMeD\im_Dyskeratotic\im_Dyskeratotic\134.bmp,im_Dyskeratotic
C:\Users\PAVAN H\Downloads\SIPaKMeD\im_Dyskeratotic\im_Dyskeratotic\CROPPED\006_06.bmp,im_Dyskeratotic
C:\Users\PAVAN H\Downloads\SIPaKMeD\im_Koilocytotic\im_Koilocytotic\CROPPED\123_06.bmp,im_Koilocytotic
C:\Users\PAVAN H\Downloads\SIPaKMeD\im_Metaplastic\im_Metaplastic\CROPPED\219_01.bmp,im_Metaplastic
C:\Users\PAVAN H\Downloads\SIPaKMeD\im_Parabasal\im_Parabasal\CROPPED\072_05.bmp,im_Parabasal
C:\Users\PAVAN H\Downloads\SIPaKMeD\im_Superficial-Intermediate\im_Superficial-Intermediate\CROPPED\007_09.bmp,im_Superficial-Intermediate
C:\Users\PAVAN H\Downloads\SIPaKMeD\im_Dyskeratotic\im_Dyskeratotic\CROPPED\104_02.bmp,im_Dyskeratotic
C:\Users\PAVAN H\Downloads\SIPaKMeD\im_Superficial-Intermediate\im_Superficial-Intermediate\CROPPED\015_02.bmp,im_Superficial-Intermediate
C:\Users\PAVAN H\Downloads\SIPaKMeD\im_Dyskeratotic\im_Dyskeratotic\CROPPED\178_01.bmp,im_Dyskeratotic
C:\Users\PAVAN H\Downloads\SIPaKMeD\im_Dyskeratotic\im_Dyskeratotic\CROPPED\073_02.bmp,im_Dyskeratotic
C:\Users\PAVAN H\Downloads\SIPaKMeD\im_Koilocytotic\im_Koilocytotic\CROPPED\093_06.bmp,im_Koilocytotic
C:\Users\PAVAN H\Downloads\SIPaKMeD\im_Superficial-Intermediate\im_Superficial-Intermediate\CROPPED\018_01.bmp,im_Superficial-Intermediate
C:\Users\PAVAN H\Downloads\SIPaKMeD\im_Superficial-Intermediate\im_Superficial-Intermediate\CROPPED\057_02.bmp,im_Superficial-Intermediate
C:\Users\PAVAN H\Downloads\SIPaKMeD\im_Dyskeratotic\im_Dyskeratotic\CROPPED\020_02.bmp,im_Dyskeratotic
C:\Users\PAVAN H\Downloads\SIPaKMeD\im_Parabasal\im_Parabasal\CROPPED\058_01.bmp,im_Parabasal
C:\Users\PAVAN H\Downloads\SIPaKMeD\im_Parabasal\im_Parabasal\CROPPED\025_05.bmp,im_Parabasal
C:\Users\PAVAN H\Downloads\SIPaKMeD\im_Koilocytotic\im_Koilocytotic\117.bmp,im_Koilocytotic
C:\Users\PAVAN H\Downloads\SIPaKMeD\im_Koilocytotic\im_Koilocytotic\CROPPED\117_01.bmp,im_Koilocytotic
C:\Users\PAVAN H\Downloads\SIPaKMeD\im_Koilocytotic\im_Koilocytotic\238.bmp,im_Koilocytotic
C:\Users\PAVAN H\Downloads\SIPaKMeD\im_Superficial-Intermediate\im_Superficial-Intermediate\CROPPED\094_03.bmp,im_Superficial-Intermediate
C:\Users\PAVAN H\Downloads\SIPaKMeD\im_Metaplastic\im_Metaplastic\CROPPED\015_02.bmp,im_Metaplastic
C:\Users\PAVAN H\Downloads\SIPaKMeD\im_Metaplastic\im_Metaplastic\CROPPED\193_04.bmp,im_Metaplastic
C:\Users\PAVAN H\Downloads\SIPaKMeD\im_Koilocytotic\im_Koilocytotic\171.bmp,im_Koilocytotic
C:\Users\PAVAN H\Downloads\SIPaKMeD\im_Superficial-Intermediate\im_Superficial-Intermediate\CROPPED\094_07.bmp,im_Superficial-Intermediate
C:\Users\PAVAN H\Downloads\SIPaKMeD\im_Metaplastic\im_Metaplastic\100.bmp,im_Metaplastic
C:\Users\PAVAN H\Downloads\SIPaKMeD\im_Koilocytotic\im_Koilocytotic\230.bmp,im_Koilocytotic
C:\Users\PAVAN H\Downloads\SIPaKMeD\im_Koilocytotic\im_Koilocytotic\CROPPED\206_01.bmp,im_Koilocytotic
C:\Users\PAVAN H\Downloads\SIPaKMeD\im_Koilocytotic\im_Koilocytotic\CROPPED\060_01.bmp,im_Koilocytotic
C:\Users\PAVAN H\Downloads\SIPaKMeD\im_Dyskeratotic\im_Dyskeratotic\CROPPED\030_04.bmp,im_Dyskeratotic
C:\Users\PAVAN H\Downloads\SIPaKMeD\im_Metaplastic\im_Metaplastic\CROPPED\239_05.bmp,im_Metaplastic
C:\Users\PAVAN H\Downloads\SIPaKMeD\im_Parabasal\im_Parabasal\CROPPED\097_04.bmp,im_Parabasal
C:\Users\PAVAN H\Downloads\SIPaKMeD\im_Dyskeratotic\im_Dyskeratotic\CROPPED\067_06.bmp,im_Dyskeratotic
C:\Users\PAVAN H\Downloads\SIPaKMeD\im_Dyskeratotic\im_Dyskeratotic\182.bmp,im_Dyskeratotic
C:\Users\PAVAN H\Downloads\SIPaKMeD\im_Dyskeratotic\im_Dyskeratotic\CROPPED\026_03.bmp,im_Dyskeratotic
C:\Users\PAVAN H\Downloads\SIPaKMeD\im_Koilocytotic\im_Koilocytotic\CROPPED\073_02.bmp,im_Koilocytotic
C:\Users\PAVAN H\Downloads\SIPaKMeD\im_Metaplastic\im_Metaplastic\CROPPED\002_01.bmp,im_Metaplastic
C:\Users\PAVAN H\Downloads\SIPaKMeD\im_Koilocytotic\im_Koilocytotic\CROPPED\030_01.bmp,im_Koilocytotic
C:\Users\PAVAN H\Downloads\SIPaKMeD\im_Koilocytotic\im_Koilocytotic\CROPPED\150_04.bmp,im_Koilocytotic
C:\Users\PAVAN H\Downloads\SIPaKMeD\im_Koilocytotic\im_Koilocytotic\048.bmp,im_Koilocytotic
C:\Users\PAVAN H\Downloads\SIPaKMeD\im_Koilocytotic\im_Koilocytotic\CROPPED\154_01.bmp,im_Koilocytotic
C:\Users\PAVAN H\Downloads\SIPaKMeD\im_Parabasal\im_Parabasal\CROPPED\079_03.bmp,im_Parabasal
C:\Users\PAVAN H\Downloads\SIPaKMeD\im_Parabasal\im_Parabasal\016.bmp,im_Parabasal
C:\Users\PAVAN H\Downloads\SIPaKMeD\im_Dyskeratotic\im_Dyskeratotic\CROPPED\163_03.bmp,im_Dyskeratotic
C:\Users\PAVAN H\Downloads\SIPaKMeD\im_Dyskeratotic\im_Dyskeratotic\CROPPED\031_03.bmp,im_Dyskeratotic
C:\Users\PAVAN H\Downloads\SIPaKMeD\im_Dyskeratotic\im_Dyskeratotic\166.bmp,im_Dyskeratotic
C:\Users\PAVAN H\Downloads\SIPaKMeD\im_Parabasal\im_Parabasal\053.bmp,im_Parabasal
C:\Users\PAVAN H\Downloads\SIPaKMeD\im_Superficial-Intermediate\im_Superficial-Intermediate\CROPPED\010_03.bmp,im_Superficial-Intermediate
C:\Users\PAVAN H\Downloads\SIPaKMeD\im_Superficial-Intermediate\im_Superficial-Intermediate\CROPPED\019_10.bmp,im_Superficial-Intermediate
C:\Users\PAVAN H\Downloads\SIPaKMeD\im_Dyskeratotic\im_Dyskeratotic\CROPPED\066_13.bmp,im_Dyskeratotic
C:\Users\PAVAN H\Downloads\SIPaKMeD\im_Parabasal\im_Parabasal\CROPPED\059_01.bmp,im_Parabasal
C:\Users\PAVAN H\Downloads\SIPaKMeD\im_Superficial-Intermediate\im_Superficial-Intermediate\CROPPED\004_08.bmp,im_Superficial-Intermediate
C:\Users\PAVAN H\Downloads\SIPaKMeD\im_Superficial-Intermediate\im_Superficial-Intermediate\037.bmp,im_Superficial-Intermediate
C:\Users\PAVAN H\Downloads\SIPaKMeD\im_Dyskeratotic\im_Dyskeratotic\CROPPED\096_01.bmp,im_Dyskeratotic
C:\Users\PAVAN H\Downloads\SIPaKMeD\im_Dyskeratotic\im_Dyskeratotic\CROPPED\132_02.bmp,im_Dyskeratotic
C:\Users\PAVAN H\Downloads\SIPaKMeD\im_Metaplastic\im_Metaplastic\076.bmp,im_Metaplastic
C:\Users\PAVAN H\Downloads\SIPaKMeD\im_Metaplastic\im_Metaplastic\CROPPED\121_01.bmp,im_Metaplastic
C:\Users\PAVAN H\Downloads\SIPaKMeD\im_Koilocytotic\im_Koilocytotic\CROPPED\107_01.bmp,im_Koilocytotic
C:\Users\PAVAN H\Downloads\SIPaKMeD\im_Koilocytotic\im_Koilocytotic\CROPPED\130_04.bmp,im_Koilocytotic
C:\Users\PAVAN H\Downloads\SIPaKMeD\im_Koilocytotic\im_Koilocytotic\CROPPED\130_06.bmp,im_Koilocytotic
C:\Users\PAVAN H\Downloads\SIPaKMeD\im_Dyskeratotic\im_Dyskeratotic\001.bmp,im_Dyskeratotic
C:\Users\PAVAN H\Downloads\SIPaKMeD\im_Parabasal\im_Parabasal\CROPPED\053_04.bmp,im_Parabasal
C:\Users\PAVAN H\Downloads\SIPaKMeD\im_Superficial-Intermediate\im_Superficial-Intermediate\100.bmp,im_Superficial-Intermediate
C:\Users\PAVAN H\Downloads\SIPaKMeD\im_Superficial-Intermediate\im_Superficial-Intermediate\CROPPED\057_05.bmp,im_Superficial-Intermediate
C:\Users\PAVAN H\Downloads\SIPaKMeD\im_Metaplastic\im_Metaplastic\CROPPED\201_03.bmp,im_Metaplastic
C:\Users\PAVAN H\Downloads\SIPaKMeD\im_Dyskeratotic\im_Dyskeratotic\CROPPED\111_01.bmp,im_Dyskeratotic
C:\Users\PAVAN H\Downloads\SIPaKMeD\im_Dyskeratotic\im_Dyskeratotic\209.bmp,im_Dyskeratotic
C:\Users\PAVAN H\Downloads\SIPaKMeD\im_Parabasal\im_Parabasal\CROPPED\001_05.bmp,im_Parabasal
C:\Users\PAVAN H\Downloads\SIPaKMeD\im_Dyskeratotic\im_Dyskeratotic\CROPPED\200_01.bmp,im_Dyskeratotic
C:\Users\PAVAN H\Downloads\SIPaKMeD\im_Dyskeratotic\im_Dyskeratotic\CROPPED\203_01.bmp,im_Dyskeratotic
C:\Users\PAVAN H\Downloads\SIPaKMeD\im_Superficial-Intermediate\im_Superficial-Intermediate\CROPPED\063_01.bmp,im_Superficial-Intermediate
C:\Users\PAVAN H\Downloads\SIPaKMeD\im_Superficial-Intermediate\im_Superficial-Intermediate\CROPPED\020_07.bmp,im_Superficial-Intermediate
C:\Users\PAVAN H\Downloads\SIPaKMeD\im_Koilocytotic\im_Koilocytotic\CROPPED\095_18.bmp,im_Koilocytotic
C:\Users\PAVAN H\Downloads\SIPaKMeD\im_Parabasal\im_Parabasal\CROPPED\019_05.bmp,im_Parabasal
C:\Users\PAVAN H\Downloads\SIPaKMeD\im_Koilocytotic\im_Koilocytotic\206.bmp,im_Koilocytotic
C:\Users\PAVAN H\Downloads\SIPaKMeD\im_Koilocytotic\im_Koilocytotic\CROPPED\113_08.bmp,im_Koilocytotic
C:\Users\PAVAN H\Downloads\SIPaKMeD\im_Superficial-Intermediate\im_Superficial-Intermediate\CROPPED\026_03.bmp,im_Superficial-Intermediate
C:\Users\PAVAN H\Downloads\SIPaKMeD\im_Dyskeratotic\im_Dyskeratotic\CROPPED\011_04.bmp,im_Dyskeratotic
C:\Users\PAVAN H\Downloads\SIPaKMeD\im_Dyskeratotic\im_Dyskeratotic\CROPPED\112_01.bmp,im_Dyskeratotic
C:\Users\PAVAN H\Downloads\SIPaKMeD\im_Superficial-Intermediate\im_Superficial-Intermediate\CROPPED\118_01.bmp,im_Superficial-Intermediate
C:\Users\PAVAN H\Downloads\SIPaKMeD\im_Superficial-Intermediate\im_Superficial-Intermediate\CROPPED\054_01.bmp,im_Superficial-Intermediate
C:\Users\PAVAN H\Downloads\SIPaKMeD\im_Metaplastic\im_Metaplastic\CROPPED\253_01.bmp,im_Metaplastic
C:\Users\PAVAN H\Downloads\SIPaKMeD\im_Superficial-Intermediate\im_Superficial-Intermediate\CROPPED\031_05.bmp,im_Superficial-Intermediate
C:\Users\PAVAN H\Downloads\SIPaKMeD\im_Metaplastic\im_Metaplastic\CROPPED\139_01.bmp,im_Metaplastic
C:\Users\PAVAN H\Downloads\SIPaKMeD\im_Parabasal\im_Parabasal\042.bmp,im_Parabasal
C:\Users\PAVAN H\Downloads\SIPaKMeD\im_Koilocytotic\im_Koilocytotic\CROPPED\110_03.bmp,im_Koilocytotic
C:\Users\PAVAN H\Downloads\SIPaKMeD\im_Dyskeratotic\im_Dyskeratotic\CROPPED\125_01.bmp,im_Dyskeratotic
C:\Users\PAVAN H\Downloads\SIPaKMeD\im_Koilocytotic\im_Koilocytotic\CROPPED\124_02.bmp,im_Koilocytotic
C:\Users\PAVAN H\Downloads\SIPaKMeD\im_Dyskeratotic\im_Dyskeratotic\CROPPED\074_02.bmp,im_Dyskeratotic
C:\Users\PAVAN H\Downloads\SIPaKMeD\im_Superficial-Intermediate\im_Superficial-Intermediate\018.bmp,im_Superficial-Intermediate
C:\Users\PAVAN H\Downloads\SIPaKMeD\im_Koilocytotic\im_Koilocytotic\227.bmp,im_Koilocytotic
C:\Users\PAVAN H\Downloads\SIPaKMeD\im_Dyskeratotic\im_Dyskeratotic\CROPPED\111_05.bmp,im_Dyskeratotic
C:\Users\PAVAN H\Downloads\SIPaKMeD\im_Koilocytotic\im_Koilocytotic\CROPPED\238_02.bmp,im_Koilocytotic
C:\Users\PAVAN H\Downloads\SIPaKMeD\im_Dyskeratotic\im_Dyskeratotic\CROPPED\062_02.bmp,im_Dyskeratotic
C:\Users\PAVAN H\Downloads\SIPaKMeD\im_Metaplastic\im_Metaplastic\CROPPED\025_09.bmp,im_Metaplastic
C:\Users\PAVAN H\Downloads\SIPaKMeD\im_Metaplastic\im_Metaplastic\CROPPED\006_03.bmp,im_Metaplastic
C:\Users\PAVAN H\Downloads\SIPaKMeD\im_Koilocytotic\im_Koilocytotic\234.bmp,im_Koilocytotic
C:\Users\PAVAN H\Downloads\SIPaKMeD\im_Koilocytotic\im_Koilocytotic\CROPPED\011_04.bmp,im_Koilocytotic
C:\Users\PAVAN H\Downloads\SIPaKMeD\im_Superficial-Intermediate\im_Superficial-Intermediate\CROPPED\060_04.bmp,im_Superficial-Intermediate
C:\Users\PAVAN H\Downloads\SIPaKMeD\im_Metaplastic\im_Metaplastic\CROPPED\253_05.bmp,im_Metaplastic
C:\Users\PAVAN H\Downloads\SIPaKMeD\im_Dyskeratotic\im_Dyskeratotic\CROPPED\198_02.bmp,im_Dyskeratotic
C:\Users\PAVAN H\Downloads\SIPaKMeD\im_Parabasal\im_Parabasal\CROPPED\093_22.bmp,im_Parabasal
C:\Users\PAVAN H\Downloads\SIPaKMeD\im_Parabasal\im_Parabasal\CROPPED\035_03.bmp,im_Parabasal
C:\Users\PAVAN H\Downloads\SIPaKMeD\im_Metaplastic\im_Metaplastic\CROPPED\053_02.bmp,im_Metaplastic
C:\Users\PAVAN H\Downloads\SIPaKMeD\im_Metaplastic\im_Metaplastic\CROPPED\088_01.bmp,im_Metaplastic
C:\Users\PAVAN H\Downloads\SIPaKMeD\im_Metaplastic\im_Metaplastic\CROPPED\164_06.bmp,im_Metaplastic
C:\Users\PAVAN H\Downloads\SIPaKMeD\im_Superficial-Intermediate\im_Superficial-Intermediate\CROPPED\027_04.bmp,im_Superficial-Intermediate
C:\Users\PAVAN H\Downloads\SIPaKMeD\im_Dyskeratotic\im_Dyskeratotic\062.bmp,im_Dyskeratotic
C:\Users\PAVAN H\Downloads\SIPaKMeD\im_Koilocytotic\im_Koilocytotic\CROPPED\099_14.bmp,im_Koilocytotic
C:\Users\PAVAN H\Downloads\SIPaKMeD\im_Metaplastic\im_Metaplastic\052.bmp,im_Metaplastic
C:\Users\PAVAN H\Downloads\SIPaKMeD\im_Dyskeratotic\im_Dyskeratotic\011.bmp,im_Dyskeratotic
C:\Users\PAVAN H\Downloads\SIPaKMeD\im_Parabasal\im_Parabasal\CROPPED\089_07.bmp,im_Parabasal
C:\Users\PAVAN H\Downloads\SIPaKMeD\im_Superficial-Intermediate\im_Superficial-Intermediate\CROPPED\066_03.bmp,im_Superficial-Intermediate
C:\Users\PAVAN H\Downloads\SIPaKMeD\im_Parabasal\im_Parabasal\008.bmp,im_Parabasal
C:\Users\PAVAN H\Downloads\SIPaKMeD\im_Superficial-Intermediate\im_Superficial-Intermediate\094.bmp,im_Superficial-Intermediate
C:\Users\PAVAN H\Downloads\SIPaKMeD\im_Dyskeratotic\im_Dyskeratotic\CROPPED\062_01.bmp,im_Dyskeratotic
C:\Users\PAVAN H\Downloads\SIPaKMeD\im_Superficial-Intermediate\im_Superficial-Intermediate\CROPPED\108_05.bmp,im_Superficial-Intermediate
C:\Users\PAVAN H\Downloads\SIPaKMeD\im_Superficial-Intermediate\im_Superficial-Intermediate\CROPPED\023_03.bmp,im_Superficial-Intermediate
C:\Users\PAVAN H\Downloads\SIPaKMeD\im_Superficial-Intermediate\im_Superficial-Intermediate\CROPPED\097_01.bmp,im_Superficial-Intermediate
C:\Users\PAVAN H\Downloads\SIPaKMeD\im_Dyskeratotic\im_Dyskeratotic\CROPPED\218_04.bmp,im_Dyskeratotic
C:\Users\PAVAN H\Downloads\SIPaKMeD\im_Koilocytotic\im_Koilocytotic\CROPPED\084_06.bmp,im_Koilocytotic
C:\Users\PAVAN H\Downloads\SIPaKMeD\im_Parabasal\im_Parabasal\CROPPED\041_05.bmp,im_Parabasal
C:\Users\PAVAN H\Downloads\SIPaKMeD\im_Koilocytotic\im_Koilocytotic\160.bmp,im_Koilocytotic
C:\Users\PAVAN H\Downloads\SIPaKMeD\im_Dyskeratotic\im_Dyskeratotic\035.bmp,im_Dyskeratotic
C:\Users\PAVAN H\Downloads\SIPaKMeD\im_Koilocytotic\im_Koilocytotic\CROPPED\090_03.bmp,im_Koilocytotic
C:\Users\PAVAN H\Downloads\SIPaKMeD\im_Metaplastic\im_Metaplastic\CROPPED\031_01.bmp,im_Metaplastic
C:\Users\PAVAN H\Downloads\SIPaKMeD\im_Koilocytotic\im_Koilocytotic\095.bmp,im_Koilocytotic
C:\Users\PAVAN H\Downloads\SIPaKMeD\im_Parabasal\im_Parabasal\CROPPED\072_03.bmp,im_Parabasal
C:\Users\PAVAN H\Downloads\SIPaKMeD\im_Metaplastic\im_Metaplastic\CROPPED\181_01.bmp,im_Metaplastic
C:\Users\PAVAN H\Downloads\SIPaKMeD\im_Superficial-Intermediate\im_Superficial-Intermediate\CROPPED\107_07.bmp,im_Superficial-Intermediate
C:\Users\PAVAN H\Downloads\SIPaKMeD\im_Koilocytotic\im_Koilocytotic\127.bmp,im_Koilocytotic
C:\Users\PAVAN H\Downloads\SIPaKMeD\im_Parabasal\im_Parabasal\CROPPED\011_07.bmp,im_Parabasal
C:\Users\PAVAN H\Downloads\SIPaKMeD\im_Dyskeratotic\im_Dyskeratotic\CROPPED\003_02.bmp,im_Dyskeratotic
C:\Users\PAVAN H\Downloads\SIPaKMeD\im_Metaplastic\im_Metaplastic\135.bmp,im_Metaplastic
C:\Users\PAVAN H\Downloads\SIPaKMeD\im_Koilocytotic\im_Koilocytotic\030.bmp,im_Koilocytotic
C:\Users\PAVAN H\Downloads\SIPaKMeD\im_Metaplastic\im_Metaplastic\145.bmp,im_Metaplastic
C:\Users\PAVAN H\Downloads\SIPaKMeD\im_Dyskeratotic\im_Dyskeratotic\CROPPED\160_03.bmp,im_Dyskeratotic
C:\Users\PAVAN H\Downloads\SIPaKMeD\im_Dyskeratotic\im_Dyskeratotic\119.bmp,im_Dyskeratotic
C:\Users\PAVAN H\Downloads\SIPaKMeD\im_Superficial-Intermediate\im_Superficial-Intermediate\CROPPED\124_05.bmp,im_Superficial-Intermediate
C:\Users\PAVAN H\Downloads\SIPaKMeD\im_Dyskeratotic\im_Dyskeratotic\CROPPED\198_03.bmp,im_Dyskeratotic
C:\Users\PAVAN H\Downloads\SIPaKMeD\im_Koilocytotic\im_Koilocytotic\CROPPED\095_13.bmp,im_Koilocytotic
C:\Users\PAVAN H\Downloads\SIPaKMeD\im_Metaplastic\im_Metaplastic\CROPPED\183_01.bmp,im_Metaplastic
C:\Users\PAVAN H\Downloads\SIPaKMeD\im_Metaplastic\im_Metaplastic\107.bmp,im_Metaplastic
C:\Users\PAVAN H\Downloads\SIPaKMeD\im_Metaplastic\im_Metaplastic\258.bmp,im_Metaplastic
C:\Users\PAVAN H\Downloads\SIPaKMeD\im_Dyskeratotic\im_Dyskeratotic\CROPPED\173_03.bmp,im_Dyskeratotic
C:\Users\PAVAN H\Downloads\SIPaKMeD\im_Superficial-Intermediate\im_Superficial-Intermediate\CROPPED\114_05.bmp,im_Superficial-Intermediate
C:\Users\PAVAN H\Downloads\SIPaKMeD\im_Dyskeratotic\im_Dyskeratotic\CROPPED\083_01.bmp,im_Dyskeratotic
C:\Users\PAVAN H\Downloads\SIPaKMeD\im_Metaplastic\im_Metaplastic\CROPPED\124_02.bmp,im_Metaplastic
C:\Users\PAVAN H\Downloads\SIPaKMeD\im_Dyskeratotic\im_Dyskeratotic\CROPPED\066_04.bmp,im_Dyskeratotic
C:\Users\PAVAN H\Downloads\SIPaKMeD\im_Dyskeratotic\im_Dyskeratotic\218.bmp,im_Dyskeratotic
C:\Users\PAVAN H\Downloads\SIPaKMeD\im_Parabasal\im_Parabasal\CROPPED\093_19.bmp,im_Parabasal
C:\Users\PAVAN H\Downloads\SIPaKMeD\im_Koilocytotic\im_Koilocytotic\CROPPED\097_07.bmp,im_Koilocytotic
C:\Users\PAVAN H\Downloads\SIPaKMeD\im_Parabasal\im_Parabasal\CROPPED\069_09.bmp,im_Parabasal
C:\Users\PAVAN H\Downloads\SIPaKMeD\im_Parabasal\im_Parabasal\CROPPED\016_04.bmp,im_Parabasal
C:\Users\PAVAN H\Downloads\SIPaKMeD\im_Superficial-Intermediate\im_Superficial-Intermediate\CROPPED\104_03.bmp,im_Superficial-Intermediate
C:\Users\PAVAN H\Downloads\SIPaKMeD\im_Koilocytotic\im_Koilocytotic\CROPPED\130_09.bmp,im_Koilocytotic
C:\Users\PAVAN H\Downloads\SIPaKMeD\im_Superficial-Intermediate\im_Superficial-Intermediate\CROPPED\019_09.bmp,im_Superficial-Intermediate
C:\Users\PAVAN H\Downloads\SIPaKMeD\im_Superficial-Intermediate\im_Superficial-Intermediate\CROPPED\105_01.bmp,im_Superficial-Intermediate
C:\Users\PAVAN H\Downloads\SIPaKMeD\im_Koilocytotic\im_Koilocytotic\CROPPED\095_02.bmp,im_Koilocytotic
C:\Users\PAVAN H\Downloads\SIPaKMeD\im_Superficial-Intermediate\im_Superficial-Intermediate\CROPPED\125_03.bmp,im_Superficial-Intermediate
C:\Users\PAVAN H\Downloads\SIPaKMeD\im_Koilocytotic\im_Koilocytotic\100.bmp,im_Koilocytotic
C:\Users\PAVAN H\Downloads\SIPaKMeD\im_Dyskeratotic\im_Dyskeratotic\CROPPED\006_02.bmp,im_Dyskeratotic
C:\Users\PAVAN H\Downloads\SIPaKMeD\im_Superficial-Intermediate\im_Superficial-Intermediate\CROPPED\106_08.bmp,im_Superficial-Intermediate
C:\Users\PAVAN H\Downloads\SIPaKMeD\im_Koilocytotic\im_Koilocytotic\CROPPED\156_01.bmp,im_Koilocytotic
C:\Users\PAVAN H\Downloads\SIPaKMeD\im_Parabasal\im_Parabasal\050.bmp,im_Parabasal
C:\Users\PAVAN H\Downloads\SIPaKMeD\im_Parabasal\im_Parabasal\CROPPED\064_05.bmp,im_Parabasal
C:\Users\PAVAN H\Downloads\SIPaKMeD\im_Metaplastic\im_Metaplastic\CROPPED\029_01.bmp,im_Metaplastic
C:\Users\PAVAN H\Downloads\SIPaKMeD\im_Koilocytotic\im_Koilocytotic\CROPPED\082_05.bmp,im_Koilocytotic
C:\Users\PAVAN H\Downloads\SIPaKMeD\im_Koilocytotic\im_Koilocytotic\032.bmp,im_Koilocytotic
C:\Users\PAVAN H\Downloads\SIPaKMeD\im_Dyskeratotic\im_Dyskeratotic\CROPPED\141_06.bmp,im_Dyskeratotic
C:\Users\PAVAN H\Downloads\SIPaKMeD\im_Metaplastic\im_Metaplastic\CROPPED\211_01.bmp,im_Metaplastic
C:\Users\PAVAN H\Downloads\SIPaKMeD\im_Parabasal\im_Parabasal\CROPPED\057_10.bmp,im_Parabasal
C:\Users\PAVAN H\Downloads\SIPaKMeD\im_Superficial-Intermediate\im_Superficial-Intermediate\CROPPED\031_01.bmp,im_Superficial-Intermediate
C:\Users\PAVAN H\Downloads\SIPaKMeD\im_Metaplastic\im_Metaplastic\CROPPED\023_06.bmp,im_Metaplastic
C:\Users\PAVAN H\Downloads\SIPaKMeD\im_Dyskeratotic\im_Dyskeratotic\CROPPED\013_02.bmp,im_Dyskeratotic
C:\Users\PAVAN H\Downloads\SIPaKMeD\im_Metaplastic\im_Metaplastic\240.bmp,im_Metaplastic
C:\Users\PAVAN H\Downloads\SIPaKMeD\im_Koilocytotic\im_Koilocytotic\CROPPED\107_06.bmp,im_Koilocytotic
C:\Users\PAVAN H\Downloads\SIPaKMeD\im_Superficial-Intermediate\im_Superficial-Intermediate\CROPPED\098_08.bmp,im_Superficial-Intermediate
C:\Users\PAVAN H\Downloads\SIPaKMeD\im_Dyskeratotic\im_Dyskeratotic\CROPPED\014_04.bmp,im_Dyskeratotic
C:\Users\PAVAN H\Downloads\SIPaKMeD\im_Koilocytotic\im_Koilocytotic\058.bmp,im_Koilocytotic
C:\Users\PAVAN H\Downloads\SIPaKMeD\im_Parabasal\im_Parabasal\CROPPED\096_05.bmp,im_Parabasal
C:\Users\PAVAN H\Downloads\SIPaKMeD\im_Koilocytotic\im_Koilocytotic\CROPPED\128_01.bmp,im_Koilocytotic
C:\Users\PAVAN H\Downloads\SIPaKMeD\im_Koilocytotic\im_Koilocytotic\CROPPED\090_07.bmp,im_Koilocytotic
C:\Users\PAVAN H\Downloads\SIPaKMeD\im_Dyskeratotic\im_Dyskeratotic\CROPPED\028_01.bmp,im_Dyskeratotic
C:\Users\PAVAN H\Downloads\SIPaKMeD\im_Superficial-Intermediate\im_Superficial-Intermediate\CROPPED\009_06.bmp,im_Superficial-Intermediate
C:\Users\PAVAN H\Downloads\SIPaKMeD\im_Koilocytotic\im_Koilocytotic\CROPPED\099_10.bmp,im_Koilocytotic
C:\Users\PAVAN H\Downloads\SIPaKMeD\im_Dyskeratotic\im_Dyskeratotic\CROPPED\033_01.bmp,im_Dyskeratotic
C:\Users\PAVAN H\Downloads\SIPaKMeD\im_Parabasal\im_Parabasal\CROPPED\052_09.bmp,im_Parabasal
C:\Users\PAVAN H\Downloads\SIPaKMeD\im_Koilocytotic\im_Koilocytotic\CROPPED\140_09.bmp,im_Koilocytotic
C:\Users\PAVAN H\Downloads\SIPaKMeD\im_Dyskeratotic\im_Dyskeratotic\CROPPED\219_03.bmp,im_Dyskeratotic
C:\Users\PAVAN H\Downloads\SIPaKMeD\im_Superficial-Intermediate\im_Superficial-Intermediate\CROPPED\057_01.bmp,im_Superficial-Intermediate
C:\Users\PAVAN H\Downloads\SIPaKMeD\im_Superficial-Intermediate\im_Superficial-Intermediate\CROPPED\063_02.bmp,im_Superficial-Intermediate
C:\Users\PAVAN H\Downloads\SIPaKMeD\im_Koilocytotic\im_Koilocytotic\CROPPED\113_02.bmp,im_Koilocytotic
C:\Users\PAVAN H\Downloads\SIPaKMeD\im_Metaplastic\im_Metaplastic\CROPPED\027_01.bmp,im_Metaplastic
C:\Users\PAVAN H\Downloads\SIPaKMeD\im_Dyskeratotic\im_Dyskeratotic\CROPPED\141_11.bmp,im_Dyskeratotic
C:\Users\PAVAN H\Downloads\SIPaKMeD\im_Dyskeratotic\im_Dyskeratotic\CROPPED\067_04.bmp,im_Dyskeratotic
C:\Users\PAVAN H\Downloads\SIPaKMeD\im_Koilocytotic\im_Koilocytotic\CROPPED\133_07.bmp,im_Koilocytotic
C:\Users\PAVAN H\Downloads\SIPaKMeD\im_Parabasal\im_Parabasal\CROPPED\058_03.bmp,im_Parabasal
C:\Users\PAVAN H\Downloads\SIPaKMeD\im_Superficial-Intermediate\im_Superficial-Intermediate\CROPPED\119_10.bmp,im_Superficial-Intermediate
C:\Users\PAVAN H\Downloads\SIPaKMeD\im_Metaplastic\im_Metaplastic\088.bmp,im_Metaplastic
C:\Users\PAVAN H\Downloads\SIPaKMeD\im_Koilocytotic\im_Koilocytotic\123.bmp,im_Koilocytotic
C:\Users\PAVAN H\Downloads\SIPaKMeD\im_Superficial-Intermediate\im_Superficial-Intermediate\CROPPED\106_03.bmp,im_Superficial-Intermediate
C:\Users\PAVAN H\Downloads\SIPaKMeD\im_Dyskeratotic\im_Dyskeratotic\CROPPED\102_07.bmp,im_Dyskeratotic
C:\Users\PAVAN H\Downloads\SIPaKMeD\im_Parabasal\im_Parabasal\CROPPED\045_04.bmp,im_Parabasal
C:\Users\PAVAN H\Downloads\SIPaKMeD\im_Metaplastic\im_Metaplastic\218.bmp,im_Metaplastic
C:\Users\PAVAN H\Downloads\SIPaKMeD\im_Superficial-Intermediate\im_Superficial-Intermediate\CROPPED\097_04.bmp,im_Superficial-Intermediate
C:\Users\PAVAN H\Downloads\SIPaKMeD\im_Dyskeratotic\im_Dyskeratotic\181.bmp,im_Dyskeratotic
C:\Users\PAVAN H\Downloads\SIPaKMeD\im_Koilocytotic\im_Koilocytotic\CROPPED\090_04.bmp,im_Koilocytotic
C:\Users\PAVAN H\Downloads\SIPaKMeD\im_Dyskeratotic\im_Dyskeratotic\131.bmp,im_Dyskeratotic
C:\Users\PAVAN H\Downloads\SIPaKMeD\im_Koilocytotic\im_Koilocytotic\CROPPED\129_02.bmp,im_Koilocytotic
C:\Users\PAVAN H\Downloads\SIPaKMeD\im_Metaplastic\im_Metaplastic\CROPPED\092_06.bmp,im_Metaplastic
C:\Users\PAVAN H\Downloads\SIPaKMeD\im_Koilocytotic\im_Koilocytotic\031.bmp,im_Koilocytotic
C:\Users\PAVAN H\Downloads\SIPaKMeD\im_Metaplastic\im_Metaplastic\CROPPED\019_01.bmp,im_Metaplastic
C:\Users\PAVAN H\Downloads\SIPaKMeD\im_Koilocytotic\im_Koilocytotic\CROPPED\216_01.bmp,im_Koilocytotic
C:\Users\PAVAN H\Downloads\SIPaKMeD\im_Dyskeratotic\im_Dyskeratotic\CROPPED\163_05.bmp,im_Dyskeratotic
C:\Users\PAVAN H\Downloads\SIPaKMeD\im_Koilocytotic\im_Koilocytotic\CROPPED\043_01.bmp,im_Koilocytotic
C:\Users\PAVAN H\Downloads\SIPaKMeD\im_Parabasal\im_Parabasal\011.bmp,im_Parabasal
C:\Users\PAVAN H\Downloads\SIPaKMeD\im_Koilocytotic\im_Koilocytotic\CROPPED\108_01.bmp,im_Koilocytotic
C:\Users\PAVAN H\Downloads\SIPaKMeD\im_Koilocytotic\im_Koilocytotic\CROPPED\052_04.bmp,im_Koilocytotic
C:\Users\PAVAN H\Downloads\SIPaKMeD\im_Koilocytotic\im_Koilocytotic\CROPPED\089_04.bmp,im_Koilocytotic
C:\Users\PAVAN H\Downloads\SIPaKMeD\im_Metaplastic\im_Metaplastic\CROPPED\097_02.bmp,im_Metaplastic
C:\Users\PAVAN H\Downloads\SIPaKMeD\im_Dyskeratotic\im_Dyskeratotic\CROPPED\113_04.bmp,im_Dyskeratotic
C:\Users\PAVAN H\Downloads\SIPaKMeD\im_Dyskeratotic\im_Dyskeratotic\053.bmp,im_Dyskeratotic
C:\Users\PAVAN H\Downloads\SIPaKMeD\im_Metaplastic\im_Metaplastic\059.bmp,im_Metaplastic
C:\Users\PAVAN H\Downloads\SIPaKMeD\im_Dyskeratotic\im_Dyskeratotic\145.bmp,im_Dyskeratotic
C:\Users\PAVAN H\Downloads\SIPaKMeD\im_Superficial-Intermediate\im_Superficial-Intermediate\CROPPED\112_02.bmp,im_Superficial-Intermediate
C:\Users\PAVAN H\Downloads\SIPaKMeD\im_Superficial-Intermediate\im_Superficial-Intermediate\CROPPED\017_10.bmp,im_Superficial-Intermediate
C:\Users\PAVAN H\Downloads\SIPaKMeD\im_Dyskeratotic\im_Dyskeratotic\CROPPED\066_12.bmp,im_Dyskeratotic
C:\Users\PAVAN H\Downloads\SIPaKMeD\im_Superficial-Intermediate\im_Superficial-Intermediate\CROPPED\097_10.bmp,im_Superficial-Intermediate
C:\Users\PAVAN H\Downloads\SIPaKMeD\im_Metaplastic\im_Metaplastic\195.bmp,im_Metaplastic
C:\Users\PAVAN H\Downloads\SIPaKMeD\im_Superficial-Intermediate\im_Superficial-Intermediate\CROPPED\116_03.bmp,im_Superficial-Intermediate
C:\Users\PAVAN H\Downloads\SIPaKMeD\im_Koilocytotic\im_Koilocytotic\005.bmp,im_Koilocytotic
C:\Users\PAVAN H\Downloads\SIPaKMeD\im_Metaplastic\im_Metaplastic\CROPPED\140_01.bmp,im_Metaplastic
C:\Users\PAVAN H\Downloads\SIPaKMeD\im_Koilocytotic\im_Koilocytotic\CROPPED\117_07.bmp,im_Koilocytotic
C:\Users\PAVAN H\Downloads\SIPaKMeD\im_Parabasal\im_Parabasal\CROPPED\093_12.bmp,im_Parabasal
C:\Users\PAVAN H\Downloads\SIPaKMeD\im_Koilocytotic\im_Koilocytotic\022.bmp,im_Koilocytotic
C:\Users\PAVAN H\Downloads\SIPaKMeD\im_Superficial-Intermediate\im_Superficial-Intermediate\CROPPED\073_06.bmp,im_Superficial-Intermediate
C:\Users\PAVAN H\Downloads\SIPaKMeD\im_Koilocytotic\im_Koilocytotic\CROPPED\058_02.bmp,im_Koilocytotic
C:\Users\PAVAN H\Downloads\SIPaKMeD\im_Metaplastic\im_Metaplastic\CROPPED\025_06.bmp,im_Metaplastic
C:\Users\PAVAN H\Downloads\SIPaKMeD\im_Metaplastic\im_Metaplastic\CROPPED\239_03.bmp,im_Metaplastic
C:\Users\PAVAN H\Downloads\SIPaKMeD\im_Parabasal\im_Parabasal\057.bmp,im_Parabasal
C:\Users\PAVAN H\Downloads\SIPaKMeD\im_Koilocytotic\im_Koilocytotic\081.bmp,im_Koilocytotic
C:\Users\PAVAN H\Downloads\SIPaKMeD\im_Koilocytotic\im_Koilocytotic\192.bmp,im_Koilocytotic
C:\Users\PAVAN H\Downloads\SIPaKMeD\im_Koilocytotic\im_Koilocytotic\178.bmp,im_Koilocytotic
C:\Users\PAVAN H\Downloads\SIPaKMeD\im_Parabasal\im_Parabasal\CROPPED\070_13.bmp,im_Parabasal
C:\Users\PAVAN H\Downloads\SIPaKMeD\im_Metaplastic\im_Metaplastic\CROPPED\141_03.bmp,im_Metaplastic
C:\Users\PAVAN H\Downloads\SIPaKMeD\im_Koilocytotic\im_Koilocytotic\056.bmp,im_Koilocytotic
C:\Users\PAVAN H\Downloads\SIPaKMeD\im_Koilocytotic\im_Koilocytotic\CROPPED\220_01.bmp,im_Koilocytotic
C:\Users\PAVAN H\Downloads\SIPaKMeD\im_Dyskeratotic\im_Dyskeratotic\CROPPED\100_07.bmp,im_Dyskeratotic
C:\Users\PAVAN H\Downloads\SIPaKMeD\im_Parabasal\im_Parabasal\CROPPED\042_09.bmp,im_Parabasal
C:\Users\PAVAN H\Downloads\SIPaKMeD\im_Koilocytotic\im_Koilocytotic\CROPPED\045_02.bmp,im_Koilocytotic
C:\Users\PAVAN H\Downloads\SIPaKMeD\im_Koilocytotic\im_Koilocytotic\216.bmp,im_Koilocytotic
C:\Users\PAVAN H\Downloads\SIPaKMeD\im_Superficial-Intermediate\im_Superficial-Intermediate\CROPPED\009_05.bmp,im_Superficial-Intermediate
C:\Users\PAVAN H\Downloads\SIPaKMeD\im_Parabasal\im_Parabasal\CROPPED\027_05.bmp,im_Parabasal
C:\Users\PAVAN H\Downloads\SIPaKMeD\im_Superficial-Intermediate\im_Superficial-Intermediate\CROPPED\009_10.bmp,im_Superficial-Intermediate
C:\Users\PAVAN H\Downloads\SIPaKMeD\im_Koilocytotic\im_Koilocytotic\CROPPED\140_03.bmp,im_Koilocytotic
C:\Users\PAVAN H\Downloads\SIPaKMeD\im_Koilocytotic\im_Koilocytotic\CROPPED\163_03.bmp,im_Koilocytotic
C:\Users\PAVAN H\Downloads\SIPaKMeD\im_Koilocytotic\im_Koilocytotic\CROPPED\052_02.bmp,im_Koilocytotic
C:\Users\PAVAN H\Downloads\SIPaKMeD\im_Metaplastic\im_Metaplastic\CROPPED\251_02.bmp,im_Metaplastic
C:\Users\PAVAN H\Downloads\SIPaKMeD\im_Dyskeratotic\im_Dyskeratotic\CROPPED\101_06.bmp,im_Dyskeratotic
C:\Users\PAVAN H\Downloads\SIPaKMeD\im_Metaplastic\im_Metaplastic\163.bmp,im_Metaplastic
C:\Users\PAVAN H\Downloads\SIPaKMeD\im_Superficial-Intermediate\im_Superficial-Intermediate\CROPPED\009_02.bmp,im_Superficial-Intermediate
C:\Users\PAVAN H\Downloads\SIPaKMeD\im_Parabasal\im_Parabasal\CROPPED\023_03.bmp,im_Parabasal
C:\Users\PAVAN H\Downloads\SIPaKMeD\im_Superficial-Intermediate\im_Superficial-Intermediate\070.bmp,im_Superficial-Intermediate
C:\Users\PAVAN H\Downloads\SIPaKMeD\im_Parabasal\im_Parabasal\CROPPED\064_06.bmp,im_Parabasal
C:\Users\PAVAN H\Downloads\SIPaKMeD\im_Metaplastic\im_Metaplastic\CROPPED\166_01.bmp,im_Metaplastic
C:\Users\PAVAN H\Downloads\SIPaKMeD\im_Metaplastic\im_Metaplastic\200.bmp,im_Metaplastic
C:\Users\PAVAN H\Downloads\SIPaKMeD\im_Parabasal\im_Parabasal\CROPPED\095_16.bmp,im_Parabasal
C:\Users\PAVAN H\Downloads\SIPaKMeD\im_Dyskeratotic\im_Dyskeratotic\169.bmp,im_Dyskeratotic
C:\Users\PAVAN H\Downloads\SIPaKMeD\im_Metaplastic\im_Metaplastic\CROPPED\116_05.bmp,im_Metaplastic
C:\Users\PAVAN H\Downloads\SIPaKMeD\im_Parabasal\im_Parabasal\CROPPED\012_02.bmp,im_Parabasal
C:\Users\PAVAN H\Downloads\SIPaKMeD\im_Parabasal\im_Parabasal\045.bmp,im_Parabasal
C:\Users\PAVAN H\Downloads\SIPaKMeD\im_Superficial-Intermediate\im_Superficial-Intermediate\CROPPED\083_11.bmp,im_Superficial-Intermediate
C:\Users\PAVAN H\Downloads\SIPaKMeD\im_Metaplastic\im_Metaplastic\159.bmp,im_Metaplastic
C:\Users\PAVAN H\Downloads\SIPaKMeD\im_Dyskeratotic\im_Dyskeratotic\CROPPED\210_01.bmp,im_Dyskeratotic
C:\Users\PAVAN H\Downloads\SIPaKMeD\im_Parabasal\im_Parabasal\CROPPED\102_07.bmp,im_Parabasal
C:\Users\PAVAN H\Downloads\SIPaKMeD\im_Superficial-Intermediate\im_Superficial-Intermediate\CROPPED\049_01.bmp,im_Superficial-Intermediate
C:\Users\PAVAN H\Downloads\SIPaKMeD\im_Parabasal\im_Parabasal\CROPPED\043_03.bmp,im_Parabasal
C:\Users\PAVAN H\Downloads\SIPaKMeD\im_Koilocytotic\im_Koilocytotic\228.bmp,im_Koilocytotic
C:\Users\PAVAN H\Downloads\SIPaKMeD\im_Superficial-Intermediate\im_Superficial-Intermediate\CROPPED\017_19.bmp,im_Superficial-Intermediate
C:\Users\PAVAN H\Downloads\SIPaKMeD\im_Parabasal\im_Parabasal\CROPPED\056_03.bmp,im_Parabasal
C:\Users\PAVAN H\Downloads\SIPaKMeD\im_Koilocytotic\im_Koilocytotic\CROPPED\218_02.bmp,im_Koilocytotic
C:\Users\PAVAN H\Downloads\SIPaKMeD\im_Dyskeratotic\im_Dyskeratotic\CROPPED\166_01.bmp,im_Dyskeratotic
C:\Users\PAVAN H\Downloads\SIPaKMeD\im_Metaplastic\im_Metaplastic\033.bmp,im_Metaplastic
C:\Users\PAVAN H\Downloads\SIPaKMeD\im_Dyskeratotic\im_Dyskeratotic\CROPPED\107_02.bmp,im_Dyskeratotic
C:\Users\PAVAN H\Downloads\SIPaKMeD\im_Metaplastic\im_Metaplastic\CROPPED\009_02.bmp,im_Metaplastic
C:\Users\PAVAN H\Downloads\SIPaKMeD\im_Metaplastic\im_Metaplastic\CROPPED\074_05.bmp,im_Metaplastic
C:\Users\PAVAN H\Downloads\SIPaKMeD\im_Koilocytotic\im_Koilocytotic\CROPPED\123_12.bmp,im_Koilocytotic
C:\Users\PAVAN H\Downloads\SIPaKMeD\im_Koilocytotic\im_Koilocytotic\096.bmp,im_Koilocytotic
C:\Users\PAVAN H\Downloads\SIPaKMeD\im_Koilocytotic\im_Koilocytotic\CROPPED\123_15.bmp,im_Koilocytotic
C:\Users\PAVAN H\Downloads\SIPaKMeD\im_Koilocytotic\im_Koilocytotic\190.bmp,im_Koilocytotic
C:\Users\PAVAN H\Downloads\SIPaKMeD\im_Koilocytotic\im_Koilocytotic\CROPPED\093_01.bmp,im_Koilocytotic
C:\Users\PAVAN H\Downloads\SIPaKMeD\im_Superficial-Intermediate\im_Superficial-Intermediate\CROPPED\106_07.bmp,im_Superficial-Intermediate
C:\Users\PAVAN H\Downloads\SIPaKMeD\im_Metaplastic\im_Metaplastic\CROPPED\088_02.bmp,im_Metaplastic
C:\Users\PAVAN H\Downloads\SIPaKMeD\im_Superficial-Intermediate\im_Superficial-Intermediate\CROPPED\097_06.bmp,im_Superficial-Intermediate
C:\Users\PAVAN H\Downloads\SIPaKMeD\im_Metaplastic\im_Metaplastic\CROPPED\264_05.bmp,im_Metaplastic
C:\Users\PAVAN H\Downloads\SIPaKMeD\im_Dyskeratotic\im_Dyskeratotic\CROPPED\119_02.bmp,im_Dyskeratotic
C:\Users\PAVAN H\Downloads\SIPaKMeD\im_Superficial-Intermediate\im_Superficial-Intermediate\CROPPED\010_10.bmp,im_Superficial-Intermediate
C:\Users\PAVAN H\Downloads\SIPaKMeD\im_Dyskeratotic\im_Dyskeratotic\CROPPED\016_03.bmp,im_Dyskeratotic
C:\Users\PAVAN H\Downloads\SIPaKMeD\im_Parabasal\im_Parabasal\CROPPED\071_07.bmp,im_Parabasal
C:\Users\PAVAN H\Downloads\SIPaKMeD\im_Dyskeratotic\im_Dyskeratotic\039.bmp,im_Dyskeratotic
C:\Users\PAVAN H\Downloads\SIPaKMeD\im_Superficial-Intermediate\im_Superficial-Intermediate\CROPPED\066_01.bmp,im_Superficial-Intermediate
C:\Users\PAVAN H\Downloads\SIPaKMeD\im_Koilocytotic\im_Koilocytotic\CROPPED\192_01.bmp,im_Koilocytotic
C:\Users\PAVAN H\Downloads\SIPaKMeD\im_Koilocytotic\im_Koilocytotic\CROPPED\097_11.bmp,im_Koilocytotic
C:\Users\PAVAN H\Downloads\SIPaKMeD\im_Dyskeratotic\im_Dyskeratotic\CROPPED\135_01.bmp,im_Dyskeratotic
C:\Users\PAVAN H\Downloads\SIPaKMeD\im_Parabasal\im_Parabasal\CROPPED\083_02.bmp,im_Parabasal
C:\Users\PAVAN H\Downloads\SIPaKMeD\im_Dyskeratotic\im_Dyskeratotic\CROPPED\100_05.bmp,im_Dyskeratotic
C:\Users\PAVAN H\Downloads\SIPaKMeD\im_Metaplastic\im_Metaplastic\CROPPED\069_07.bmp,im_Metaplastic
C:\Users\PAVAN H\Downloads\SIPaKMeD\im_Parabasal\im_Parabasal\CROPPED\093_16.bmp,im_Parabasal
C:\Users\PAVAN H\Downloads\SIPaKMeD\im_Superficial-Intermediate\im_Superficial-Intermediate\CROPPED\102_08.bmp,im_Superficial-Intermediate
C:\Users\PAVAN H\Downloads\SIPaKMeD\im_Superficial-Intermediate\im_Superficial-Intermediate\CROPPED\057_09.bmp,im_Superficial-Intermediate
C:\Users\PAVAN H\Downloads\SIPaKMeD\im_Koilocytotic\im_Koilocytotic\237.bmp,im_Koilocytotic
C:\Users\PAVAN H\Downloads\SIPaKMeD\im_Koilocytotic\im_Koilocytotic\CROPPED\039_01.bmp,im_Koilocytotic
C:\Users\PAVAN H\Downloads\SIPaKMeD\im_Koilocytotic\im_Koilocytotic\CROPPED\160_03.bmp,im_Koilocytotic
C:\Users\PAVAN H\Downloads\SIPaKMeD\im_Superficial-Intermediate\im_Superficial-Intermediate\CROPPED\098_04.bmp,im_Superficial-Intermediate
C:\Users\PAVAN H\Downloads\SIPaKMeD\im_Metaplastic\im_Metaplastic\CROPPED\199_02.bmp,im_Metaplastic
C:\Users\PAVAN H\Downloads\SIPaKMeD\im_Parabasal\im_Parabasal\CROPPED\097_15.bmp,im_Parabasal
C:\Users\PAVAN H\Downloads\SIPaKMeD\im_Koilocytotic\im_Koilocytotic\CROPPED\152_01.bmp,im_Koilocytotic
C:\Users\PAVAN H\Downloads\SIPaKMeD\im_Parabasal\im_Parabasal\CROPPED\052_10.bmp,im_Parabasal
C:\Users\PAVAN H\Downloads\SIPaKMeD\im_Superficial-Intermediate\im_Superficial-Intermediate\CROPPED\080_02.bmp,im_Superficial-Intermediate
C:\Users\PAVAN H\Downloads\SIPaKMeD\im_Metaplastic\im_Metaplastic\CROPPED\074_06.bmp,im_Metaplastic
C:\Users\PAVAN H\Downloads\SIPaKMeD\im_Koilocytotic\im_Koilocytotic\CROPPED\126_01.bmp,im_Koilocytotic
C:\Users\PAVAN H\Downloads\SIPaKMeD\im_Superficial-Intermediate\im_Superficial-Intermediate\CROPPED\108_04.bmp,im_Superficial-Intermediate
C:\Users\PAVAN H\Downloads\SIPaKMeD\im_Dyskeratotic\im_Dyskeratotic\CROPPED\120_02.bmp,im_Dyskeratotic
C:\Users\PAVAN H\Downloads\SIPaKMeD\im_Metaplastic\im_Metaplastic\CROPPED\096_01.bmp,im_Metaplastic
C:\Users\PAVAN H\Downloads\SIPaKMeD\im_Superficial-Intermediate\im_Superficial-Intermediate\CROPPED\060_05.bmp,im_Superficial-Intermediate
C:\Users\PAVAN H\Downloads\SIPaKMeD\im_Parabasal\im_Parabasal\CROPPED\101_05.bmp,im_Parabasal
C:\Users\PAVAN H\Downloads\SIPaKMeD\im_Parabasal\im_Parabasal\CROPPED\018_05.bmp,im_Parabasal
C:\Users\PAVAN H\Downloads\SIPaKMeD\im_Metaplastic\im_Metaplastic\CROPPED\069_03.bmp,im_Metaplastic
C:\Users\PAVAN H\Downloads\SIPaKMeD\im_Dyskeratotic\im_Dyskeratotic\CROPPED\101_10.bmp,im_Dyskeratotic
C:\Users\PAVAN H\Downloads\SIPaKMeD\im_Metaplastic\im_Metaplastic\096.bmp,im_Metaplastic
C:\Users\PAVAN H\Downloads\SIPaKMeD\im_Koilocytotic\im_Koilocytotic\CROPPED\227_01.bmp,im_Koilocytotic
C:\Users\PAVAN H\Downloads\SIPaKMeD\im_Parabasal\im_Parabasal\CROPPED\096_09.bmp,im_Parabasal
C:\Users\PAVAN H\Downloads\SIPaKMeD\im_Parabasal\im_Parabasal\CROPPED\102_03.bmp,im_Parabasal
C:\Users\PAVAN H\Downloads\SIPaKMeD\im_Superficial-Intermediate\im_Superficial-Intermediate\CROPPED\051_04.bmp,im_Superficial-Intermediate
C:\Users\PAVAN H\Downloads\SIPaKMeD\im_Koilocytotic\im_Koilocytotic\CROPPED\160_01.bmp,im_Koilocytotic
C:\Users\PAVAN H\Downloads\SIPaKMeD\im_Dyskeratotic\im_Dyskeratotic\CROPPED\014_03.bmp,im_Dyskeratotic
C:\Users\PAVAN H\Downloads\SIPaKMeD\im_Dyskeratotic\im_Dyskeratotic\CROPPED\031_05.bmp,im_Dyskeratotic
C:\Users\PAVAN H\Downloads\SIPaKMeD\im_Koilocytotic\im_Koilocytotic\CROPPED\040_02.bmp,im_Koilocytotic
C:\Users\PAVAN H\Downloads\SIPaKMeD\im_Parabasal\im_Parabasal\CROPPED\011_01.bmp,im_Parabasal
C:\Users\PAVAN H\Downloads\SIPaKMeD\im_Superficial-Intermediate\im_Superficial-Intermediate\CROPPED\097_09.bmp,im_Superficial-Intermediate
C:\Users\PAVAN H\Downloads\SIPaKMeD\im_Metaplastic\im_Metaplastic\CROPPED\074_07.bmp,im_Metaplastic
C:\Users\PAVAN H\Downloads\SIPaKMeD\im_Superficial-Intermediate\im_Superficial-Intermediate\CROPPED\067_09.bmp,im_Superficial-Intermediate
C:\Users\PAVAN H\Downloads\SIPaKMeD\im_Koilocytotic\im_Koilocytotic\CROPPED\093_09.bmp,im_Koilocytotic
C:\Users\PAVAN H\Downloads\SIPaKMeD\im_Dyskeratotic\im_Dyskeratotic\CROPPED\003_11.bmp,im_Dyskeratotic
C:\Users\PAVAN H\Downloads\SIPaKMeD\im_Superficial-Intermediate\im_Superficial-Intermediate\CROPPED\082_02.bmp,im_Superficial-Intermediate
C:\Users\PAVAN H\Downloads\SIPaKMeD\im_Superficial-Intermediate\im_Superficial-Intermediate\CROPPED\103_04.bmp,im_Superficial-Intermediate
C:\Users\PAVAN H\Downloads\SIPaKMeD\im_Dyskeratotic\im_Dyskeratotic\CROPPED\101_08.bmp,im_Dyskeratotic
C:\Users\PAVAN H\Downloads\SIPaKMeD\im_Parabasal\im_Parabasal\CROPPED\095_17.bmp,im_Parabasal
C:\Users\PAVAN H\Downloads\SIPaKMeD\im_Dyskeratotic\im_Dyskeratotic\CROPPED\195_01.bmp,im_Dyskeratotic
C:\Users\PAVAN H\Downloads\SIPaKMeD\im_Parabasal\im_Parabasal\CROPPED\052_05.bmp,im_Parabasal
C:\Users\PAVAN H\Downloads\SIPaKMeD\im_Superficial-Intermediate\im_Superficial-Intermediate\102.bmp,im_Superficial-Intermediate
C:\Users\PAVAN H\Downloads\SIPaKMeD\im_Superficial-Intermediate\im_Superficial-Intermediate\CROPPED\017_04.bmp,im_Superficial-Intermediate
C:\Users\PAVAN H\Downloads\SIPaKMeD\im_Koilocytotic\im_Koilocytotic\CROPPED\030_02.bmp,im_Koilocytotic
C:\Users\PAVAN H\Downloads\SIPaKMeD\im_Dyskeratotic\im_Dyskeratotic\CROPPED\043_02.bmp,im_Dyskeratotic
C:\Users\PAVAN H\Downloads\SIPaKMeD\im_Dyskeratotic\im_Dyskeratotic\CROPPED\067_10.bmp,im_Dyskeratotic
C:\Users\PAVAN H\Downloads\SIPaKMeD\im_Parabasal\im_Parabasal\CROPPED\095_01.bmp,im_Parabasal
C:\Users\PAVAN H\Downloads\SIPaKMeD\im_Parabasal\im_Parabasal\082.bmp,im_Parabasal
C:\Users\PAVAN H\Downloads\SIPaKMeD\im_Parabasal\im_Parabasal\CROPPED\097_08.bmp,im_Parabasal
C:\Users\PAVAN H\Downloads\SIPaKMeD\im_Koilocytotic\im_Koilocytotic\CROPPED\094_09.bmp,im_Koilocytotic
C:\Users\PAVAN H\Downloads\SIPaKMeD\im_Superficial-Intermediate\im_Superficial-Intermediate\CROPPED\021_02.bmp,im_Superficial-Intermediate
C:\Users\PAVAN H\Downloads\SIPaKMeD\im_Parabasal\im_Parabasal\CROPPED\043_02.bmp,im_Parabasal
C:\Users\PAVAN H\Downloads\SIPaKMeD\im_Parabasal\im_Parabasal\CROPPED\057_06.bmp,im_Parabasal
C:\Users\PAVAN H\Downloads\SIPaKMeD\im_Dyskeratotic\im_Dyskeratotic\173.bmp,im_Dyskeratotic
C:\Users\PAVAN H\Downloads\SIPaKMeD\im_Koilocytotic\im_Koilocytotic\065.bmp,im_Koilocytotic
C:\Users\PAVAN H\Downloads\SIPaKMeD\im_Metaplastic\im_Metaplastic\CROPPED\088_05.bmp,im_Metaplastic
C:\Users\PAVAN H\Downloads\SIPaKMeD\im_Koilocytotic\im_Koilocytotic\CROPPED\007_03.bmp,im_Koilocytotic
C:\Users\PAVAN H\Downloads\SIPaKMeD\im_Koilocytotic\im_Koilocytotic\CROPPED\179_01.bmp,im_Koilocytotic
C:\Users\PAVAN H\Downloads\SIPaKMeD\im_Parabasal\im_Parabasal\CROPPED\042_07.bmp,im_Parabasal
C:\Users\PAVAN H\Downloads\SIPaKMeD\im_Superficial-Intermediate\im_Superficial-Intermediate\CROPPED\018_03.bmp,im_Superficial-Intermediate
C:\Users\PAVAN H\Downloads\SIPaKMeD\im_Dyskeratotic\im_Dyskeratotic\CROPPED\103_01.bmp,im_Dyskeratotic
C:\Users\PAVAN H\Downloads\SIPaKMeD\im_Metaplastic\im_Metaplastic\CROPPED\087_01.bmp,im_Metaplastic
C:\Users\PAVAN H\Downloads\SIPaKMeD\im_Superficial-Intermediate\im_Superficial-Intermediate\050.bmp,im_Superficial-Intermediate
C:\Users\PAVAN H\Downloads\SIPaKMeD\im_Koilocytotic\im_Koilocytotic\CROPPED\089_01.bmp,im_Koilocytotic
C:\Users\PAVAN H\Downloads\SIPaKMeD\im_Superficial-Intermediate\im_Superficial-Intermediate\CROPPED\007_14.bmp,im_Superficial-Intermediate
C:\Users\PAVAN H\Downloads\SIPaKMeD\im_Metaplastic\im_Metaplastic\CROPPED\002_15.bmp,im_Metaplastic
C:\Users\PAVAN H\Downloads\SIPaKMeD\im_Superficial-Intermediate\im_Superficial-Intermediate\CROPPED\095_07.bmp,im_Superficial-Intermediate
C:\Users\PAVAN H\Downloads\SIPaKMeD\im_Koilocytotic\im_Koilocytotic\CROPPED\097_01.bmp,im_Koilocytotic
C:\Users\PAVAN H\Downloads\SIPaKMeD\im_Koilocytotic\im_Koilocytotic\CROPPED\174_01.bmp,im_Koilocytotic
C:\Users\PAVAN H\Downloads\SIPaKMeD\im_Superficial-Intermediate\im_Superficial-Intermediate\CROPPED\047_02.bmp,im_Superficial-Intermediate
C:\Users\PAVAN H\Downloads\SIPaKMeD\im_Dyskeratotic\im_Dyskeratotic\CROPPED\019_05.bmp,im_Dyskeratotic
C:\Users\PAVAN H\Downloads\SIPaKMeD\im_Dyskeratotic\im_Dyskeratotic\CROPPED\067_08.bmp,im_Dyskeratotic
C:\Users\PAVAN H\Downloads\SIPaKMeD\im_Koilocytotic\im_Koilocytotic\CROPPED\163_02.bmp,im_Koilocytotic
C:\Users\PAVAN H\Downloads\SIPaKMeD\im_Dyskeratotic\im_Dyskeratotic\156.bmp,im_Dyskeratotic
C:\Users\PAVAN H\Downloads\SIPaKMeD\im_Metaplastic\im_Metaplastic\023.bmp,im_Metaplastic
C:\Users\PAVAN H\Downloads\SIPaKMeD\im_Koilocytotic\im_Koilocytotic\CROPPED\080_02.bmp,im_Koilocytotic
C:\Users\PAVAN H\Downloads\SIPaKMeD\im_Superficial-Intermediate\im_Superficial-Intermediate\CROPPED\083_07.bmp,im_Superficial-Intermediate
C:\Users\PAVAN H\Downloads\SIPaKMeD\im_Koilocytotic\im_Koilocytotic\CROPPED\154_04.bmp,im_Koilocytotic
C:\Users\PAVAN H\Downloads\SIPaKMeD\im_Metaplastic\im_Metaplastic\CROPPED\254_03.bmp,im_Metaplastic
C:\Users\PAVAN H\Downloads\SIPaKMeD\im_Superficial-Intermediate\im_Superficial-Intermediate\CROPPED\034_02.bmp,im_Superficial-Intermediate
C:\Users\PAVAN H\Downloads\SIPaKMeD\im_Dyskeratotic\im_Dyskeratotic\133.bmp,im_Dyskeratotic
C:\Users\PAVAN H\Downloads\SIPaKMeD\im_Dyskeratotic\im_Dyskeratotic\CROPPED\112_06.bmp,im_Dyskeratotic
C:\Users\PAVAN H\Downloads\SIPaKMeD\im_Koilocytotic\im_Koilocytotic\CROPPED\142_03.bmp,im_Koilocytotic
C:\Users\PAVAN H\Downloads\SIPaKMeD\im_Superficial-Intermediate\im_Superficial-Intermediate\CROPPED\021_01.bmp,im_Superficial-Intermediate
C:\Users\PAVAN H\Downloads\SIPaKMeD\im_Parabasal\im_Parabasal\CROPPED\081_06.bmp,im_Parabasal
C:\Users\PAVAN H\Downloads\SIPaKMeD\im_Parabasal\im_Parabasal\CROPPED\054_03.bmp,im_Parabasal
C:\Users\PAVAN H\Downloads\SIPaKMeD\im_Metaplastic\im_Metaplastic\CROPPED\163_01.bmp,im_Metaplastic
C:\Users\PAVAN H\Downloads\SIPaKMeD\im_Metaplastic\im_Metaplastic\CROPPED\071_02.bmp,im_Metaplastic
C:\Users\PAVAN H\Downloads\SIPaKMeD\im_Metaplastic\im_Metaplastic\232.bmp,im_Metaplastic
C:\Users\PAVAN H\Downloads\SIPaKMeD\im_Koilocytotic\im_Koilocytotic\CROPPED\030_05.bmp,im_Koilocytotic
C:\Users\PAVAN H\Downloads\SIPaKMeD\im_Superficial-Intermediate\im_Superficial-Intermediate\CROPPED\074_01.bmp,im_Superficial-Intermediate
C:\Users\PAVAN H\Downloads\SIPaKMeD\im_Metaplastic\im_Metaplastic\CROPPED\217_04.bmp,im_Metaplastic
C:\Users\PAVAN H\Downloads\SIPaKMeD\im_Metaplastic\im_Metaplastic\266.bmp,im_Metaplastic
C:\Users\PAVAN H\Downloads\SIPaKMeD\im_Koilocytotic\im_Koilocytotic\CROPPED\163_04.bmp,im_Koilocytotic
C:\Users\PAVAN H\Downloads\SIPaKMeD\im_Koilocytotic\im_Koilocytotic\CROPPED\238_01.bmp,im_Koilocytotic
C:\Users\PAVAN H\Downloads\SIPaKMeD\im_Parabasal\im_Parabasal\CROPPED\013_02.bmp,im_Parabasal
C:\Users\PAVAN H\Downloads\SIPaKMeD\im_Dyskeratotic\im_Dyskeratotic\019.bmp,im_Dyskeratotic
C:\Users\PAVAN H\Downloads\SIPaKMeD\im_Metaplastic\im_Metaplastic\211.bmp,im_Metaplastic
C:\Users\PAVAN H\Downloads\SIPaKMeD\im_Superficial-Intermediate\im_Superficial-Intermediate\CROPPED\001_05.bmp,im_Superficial-Intermediate
C:\Users\PAVAN H\Downloads\SIPaKMeD\im_Superficial-Intermediate\im_Superficial-Intermediate\CROPPED\017_03.bmp,im_Superficial-Intermediate
C:\Users\PAVAN H\Downloads\SIPaKMeD\im_Dyskeratotic\im_Dyskeratotic\186.bmp,im_Dyskeratotic
C:\Users\PAVAN H\Downloads\SIPaKMeD\im_Dyskeratotic\im_Dyskeratotic\CROPPED\064_03.bmp,im_Dyskeratotic
C:\Users\PAVAN H\Downloads\SIPaKMeD\im_Koilocytotic\im_Koilocytotic\CROPPED\108_02.bmp,im_Koilocytotic
C:\Users\PAVAN H\Downloads\SIPaKMeD\im_Superficial-Intermediate\im_Superficial-Intermediate\060.bmp,im_Superficial-Intermediate
C:\Users\PAVAN H\Downloads\SIPaKMeD\im_Parabasal\im_Parabasal\CROPPED\106_09.bmp,im_Parabasal
C:\Users\PAVAN H\Downloads\SIPaKMeD\im_Dyskeratotic\im_Dyskeratotic\CROPPED\160_02.bmp,im_Dyskeratotic
C:\Users\PAVAN H\Downloads\SIPaKMeD\im_Dyskeratotic\im_Dyskeratotic\CROPPED\102_01.bmp,im_Dyskeratotic
C:\Users\PAVAN H\Downloads\SIPaKMeD\im_Dyskeratotic\im_Dyskeratotic\CROPPED\209_01.bmp,im_Dyskeratotic
C:\Users\PAVAN H\Downloads\SIPaKMeD\im_Superficial-Intermediate\im_Superficial-Intermediate\CROPPED\058_01.bmp,im_Superficial-Intermediate
C:\Users\PAVAN H\Downloads\SIPaKMeD\im_Superficial-Intermediate\im_Superficial-Intermediate\CROPPED\039_02.bmp,im_Superficial-Intermediate
C:\Users\PAVAN H\Downloads\SIPaKMeD\im_Parabasal\im_Parabasal\CROPPED\081_04.bmp,im_Parabasal
C:\Users\PAVAN H\Downloads\SIPaKMeD\im_Dyskeratotic\im_Dyskeratotic\CROPPED\005_03.bmp,im_Dyskeratotic
C:\Users\PAVAN H\Downloads\SIPaKMeD\im_Superficial-Intermediate\im_Superficial-Intermediate\CROPPED\010_11.bmp,im_Superficial-Intermediate
C:\Users\PAVAN H\Downloads\SIPaKMeD\im_Parabasal\im_Parabasal\CROPPED\082_03.bmp,im_Parabasal
C:\Users\PAVAN H\Downloads\SIPaKMeD\im_Koilocytotic\im_Koilocytotic\083.bmp,im_Koilocytotic
C:\Users\PAVAN H\Downloads\SIPaKMeD\im_Dyskeratotic\im_Dyskeratotic\CROPPED\003_04.bmp,im_Dyskeratotic
C:\Users\PAVAN H\Downloads\SIPaKMeD\im_Koilocytotic\im_Koilocytotic\CROPPED\095_10.bmp,im_Koilocytotic
C:\Users\PAVAN H\Downloads\SIPaKMeD\im_Koilocytotic\im_Koilocytotic\CROPPED\071_02.bmp,im_Koilocytotic
C:\Users\PAVAN H\Downloads\SIPaKMeD\im_Parabasal\im_Parabasal\CROPPED\011_09.bmp,im_Parabasal
C:\Users\PAVAN H\Downloads\SIPaKMeD\im_Dyskeratotic\im_Dyskeratotic\CROPPED\081_04.bmp,im_Dyskeratotic
C:\Users\PAVAN H\Downloads\SIPaKMeD\im_Metaplastic\im_Metaplastic\CROPPED\116_02.bmp,im_Metaplastic
C:\Users\PAVAN H\Downloads\SIPaKMeD\im_Dyskeratotic\im_Dyskeratotic\CROPPED\067_14.bmp,im_Dyskeratotic
C:\Users\PAVAN H\Downloads\SIPaKMeD\im_Dyskeratotic\im_Dyskeratotic\CROPPED\166_06.bmp,im_Dyskeratotic
C:\Users\PAVAN H\Downloads\SIPaKMeD\im_Dyskeratotic\im_Dyskeratotic\CROPPED\011_06.bmp,im_Dyskeratotic
C:\Users\PAVAN H\Downloads\SIPaKMeD\im_Metaplastic\im_Metaplastic\CROPPED\194_02.bmp,im_Metaplastic
C:\Users\PAVAN H\Downloads\SIPaKMeD\im_Koilocytotic\im_Koilocytotic\CROPPED\086_03.bmp,im_Koilocytotic
C:\Users\PAVAN H\Downloads\SIPaKMeD\im_Metaplastic\im_Metaplastic\CROPPED\184_03.bmp,im_Metaplastic
C:\Users\PAVAN H\Downloads\SIPaKMeD\im_Koilocytotic\im_Koilocytotic\CROPPED\130_14.bmp,im_Koilocytotic
C:\Users\PAVAN H\Downloads\SIPaKMeD\im_Parabasal\im_Parabasal\CROPPED\042_04.bmp,im_Parabasal
C:\Users\PAVAN H\Downloads\SIPaKMeD\im_Superficial-Intermediate\im_Superficial-Intermediate\CROPPED\015_04.bmp,im_Superficial-Intermediate
C:\Users\PAVAN H\Downloads\SIPaKMeD\im_Parabasal\im_Parabasal\066.bmp,im_Parabasal
C:\Users\PAVAN H\Downloads\SIPaKMeD\im_Metaplastic\im_Metaplastic\CROPPED\122_02.bmp,im_Metaplastic
C:\Users\PAVAN H\Downloads\SIPaKMeD\im_Koilocytotic\im_Koilocytotic\CROPPED\153_02.bmp,im_Koilocytotic
C:\Users\PAVAN H\Downloads\SIPaKMeD\im_Metaplastic\im_Metaplastic\214.bmp,im_Metaplastic
C:\Users\PAVAN H\Downloads\SIPaKMeD\im_Metaplastic\im_Metaplastic\CROPPED\052_02.bmp,im_Metaplastic
C:\Users\PAVAN H\Downloads\SIPaKMeD\im_Superficial-Intermediate\im_Superficial-Intermediate\CROPPED\097_02.bmp,im_Superficial-Intermediate
C:\Users\PAVAN H\Downloads\SIPaKMeD\im_Dyskeratotic\im_Dyskeratotic\CROPPED\062_04.bmp,im_Dyskeratotic
C:\Users\PAVAN H\Downloads\SIPaKMeD\im_Koilocytotic\im_Koilocytotic\CROPPED\108_11.bmp,im_Koilocytotic
C:\Users\PAVAN H\Downloads\SIPaKMeD\im_Superficial-Intermediate\im_Superficial-Intermediate\CROPPED\118_08.bmp,im_Superficial-Intermediate
C:\Users\PAVAN H\Downloads\SIPaKMeD\im_Parabasal\im_Parabasal\CROPPED\097_10.bmp,im_Parabasal
C:\Users\PAVAN H\Downloads\SIPaKMeD\im_Koilocytotic\im_Koilocytotic\CROPPED\118_02.bmp,im_Koilocytotic
C:\Users\PAVAN H\Downloads\SIPaKMeD\im_Dyskeratotic\im_Dyskeratotic\CROPPED\127_02.bmp,im_Dyskeratotic
C:\Users\PAVAN H\Downloads\SIPaKMeD\im_Dyskeratotic\im_Dyskeratotic\CROPPED\095_01.bmp,im_Dyskeratotic
C:\Users\PAVAN H\Downloads\SIPaKMeD\im_Parabasal\im_Parabasal\CROPPED\006_01.bmp,im_Parabasal
C:\Users\PAVAN H\Downloads\SIPaKMeD\im_Metaplastic\im_Metaplastic\215.bmp,im_Metaplastic
C:\Users\PAVAN H\Downloads\SIPaKMeD\im_Koilocytotic\im_Koilocytotic\CROPPED\121_12.bmp,im_Koilocytotic
C:\Users\PAVAN H\Downloads\SIPaKMeD\im_Koilocytotic\im_Koilocytotic\094.bmp,im_Koilocytotic
C:\Users\PAVAN H\Downloads\SIPaKMeD\im_Dyskeratotic\im_Dyskeratotic\CROPPED\053_02.bmp,im_Dyskeratotic
C:\Users\PAVAN H\Downloads\SIPaKMeD\im_Metaplastic\im_Metaplastic\CROPPED\040_02.bmp,im_Metaplastic
C:\Users\PAVAN H\Downloads\SIPaKMeD\im_Parabasal\im_Parabasal\CROPPED\044_02.bmp,im_Parabasal
C:\Users\PAVAN H\Downloads\SIPaKMeD\im_Parabasal\im_Parabasal\CROPPED\054_01.bmp,im_Parabasal
C:\Users\PAVAN H\Downloads\SIPaKMeD\im_Koilocytotic\im_Koilocytotic\113.bmp,im_Koilocytotic
C:\Users\PAVAN H\Downloads\SIPaKMeD\im_Koilocytotic\im_Koilocytotic\CROPPED\204_01.bmp,im_Koilocytotic
C:\Users\PAVAN H\Downloads\SIPaKMeD\im_Koilocytotic\im_Koilocytotic\CROPPED\043_02.bmp,im_Koilocytotic
C:\Users\PAVAN H\Downloads\SIPaKMeD\im_Superficial-Intermediate\im_Superficial-Intermediate\CROPPED\057_11.bmp,im_Superficial-Intermediate
C:\Users\PAVAN H\Downloads\SIPaKMeD\im_Koilocytotic\im_Koilocytotic\CROPPED\099_12.bmp,im_Koilocytotic
C:\Users\PAVAN H\Downloads\SIPaKMeD\im_Dyskeratotic\im_Dyskeratotic\CROPPED\146_02.bmp,im_Dyskeratotic
C:\Users\PAVAN H\Downloads\SIPaKMeD\im_Metaplastic\im_Metaplastic\CROPPED\154_01.bmp,im_Metaplastic
C:\Users\PAVAN H\Downloads\SIPaKMeD\im_Parabasal\im_Parabasal\CROPPED\068_04.bmp,im_Parabasal
C:\Users\PAVAN H\Downloads\SIPaKMeD\im_Koilocytotic\im_Koilocytotic\051.bmp,im_Koilocytotic
C:\Users\PAVAN H\Downloads\SIPaKMeD\im_Superficial-Intermediate\im_Superficial-Intermediate\121.bmp,im_Superficial-Intermediate
C:\Users\PAVAN H\Downloads\SIPaKMeD\im_Dyskeratotic\im_Dyskeratotic\CROPPED\001_02.bmp,im_Dyskeratotic
C:\Users\PAVAN H\Downloads\SIPaKMeD\im_Superficial-Intermediate\im_Superficial-Intermediate\CROPPED\107_03.bmp,im_Superficial-Intermediate
C:\Users\PAVAN H\Downloads\SIPaKMeD\im_Metaplastic\im_Metaplastic\CROPPED\235_01.bmp,im_Metaplastic
C:\Users\PAVAN H\Downloads\SIPaKMeD\im_Koilocytotic\im_Koilocytotic\CROPPED\130_02.bmp,im_Koilocytotic
C:\Users\PAVAN H\Downloads\SIPaKMeD\im_Dyskeratotic\im_Dyskeratotic\170.bmp,im_Dyskeratotic
C:\Users\PAVAN H\Downloads\SIPaKMeD\im_Metaplastic\im_Metaplastic\CROPPED\255_01.bmp,im_Metaplastic
C:\Users\PAVAN H\Downloads\SIPaKMeD\im_Dyskeratotic\im_Dyskeratotic\195.bmp,im_Dyskeratotic
C:\Users\PAVAN H\Downloads\SIPaKMeD\im_Superficial-Intermediate\im_Superficial-Intermediate\CROPPED\118_02.bmp,im_Superficial-Intermediate
C:\Users\PAVAN H\Downloads\SIPaKMeD\im_Parabasal\im_Parabasal\039.bmp,im_Parabasal
C:\Users\PAVAN H\Downloads\SIPaKMeD\im_Koilocytotic\im_Koilocytotic\CROPPED\177_01.bmp,im_Koilocytotic
C:\Users\PAVAN H\Downloads\SIPaKMeD\im_Koilocytotic\im_Koilocytotic\CROPPED\123_13.bmp,im_Koilocytotic
C:\Users\PAVAN H\Downloads\SIPaKMeD\im_Dyskeratotic\im_Dyskeratotic\CROPPED\075_02.bmp,im_Dyskeratotic
C:\Users\PAVAN H\Downloads\SIPaKMeD\im_Dyskeratotic\im_Dyskeratotic\222.bmp,im_Dyskeratotic
C:\Users\PAVAN H\Downloads\SIPaKMeD\im_Dyskeratotic\im_Dyskeratotic\112.bmp,im_Dyskeratotic
C:\Users\PAVAN H\Downloads\SIPaKMeD\im_Koilocytotic\im_Koilocytotic\108.bmp,im_Koilocytotic
C:\Users\PAVAN H\Downloads\SIPaKMeD\im_Koilocytotic\im_Koilocytotic\CROPPED\215_01.bmp,im_Koilocytotic
C:\Users\PAVAN H\Downloads\SIPaKMeD\im_Koilocytotic\im_Koilocytotic\CROPPED\038_03.bmp,im_Koilocytotic
C:\Users\PAVAN H\Downloads\SIPaKMeD\im_Dyskeratotic\im_Dyskeratotic\CROPPED\062_05.bmp,im_Dyskeratotic
C:\Users\PAVAN H\Downloads\SIPaKMeD\im_Koilocytotic\im_Koilocytotic\CROPPED\095_05.bmp,im_Koilocytotic
C:\Users\PAVAN H\Downloads\SIPaKMeD\im_Metaplastic\im_Metaplastic\CROPPED\088_06.bmp,im_Metaplastic
C:\Users\PAVAN H\Downloads\SIPaKMeD\im_Metaplastic\im_Metaplastic\CROPPED\210_03.bmp,im_Metaplastic
C:\Users\PAVAN H\Downloads\SIPaKMeD\im_Dyskeratotic\im_Dyskeratotic\066.bmp,im_Dyskeratotic
C:\Users\PAVAN H\Downloads\SIPaKMeD\im_Superficial-Intermediate\im_Superficial-Intermediate\CROPPED\105_04.bmp,im_Superficial-Intermediate
C:\Users\PAVAN H\Downloads\SIPaKMeD\im_Superficial-Intermediate\im_Superficial-Intermediate\CROPPED\064_01.bmp,im_Superficial-Intermediate
C:\Users\PAVAN H\Downloads\SIPaKMeD\im_Parabasal\im_Parabasal\CROPPED\023_04.bmp,im_Parabasal
C:\Users\PAVAN H\Downloads\SIPaKMeD\im_Koilocytotic\im_Koilocytotic\CROPPED\123_03.bmp,im_Koilocytotic
C:\Users\PAVAN H\Downloads\SIPaKMeD\im_Superficial-Intermediate\im_Superficial-Intermediate\CROPPED\018_05.bmp,im_Superficial-Intermediate
C:\Users\PAVAN H\Downloads\SIPaKMeD\im_Koilocytotic\im_Koilocytotic\CROPPED\140_08.bmp,im_Koilocytotic
C:\Users\PAVAN H\Downloads\SIPaKMeD\im_Koilocytotic\im_Koilocytotic\CROPPED\191_02.bmp,im_Koilocytotic
C:\Users\PAVAN H\Downloads\SIPaKMeD\im_Dyskeratotic\im_Dyskeratotic\CROPPED\103_02.bmp,im_Dyskeratotic
C:\Users\PAVAN H\Downloads\SIPaKMeD\im_Koilocytotic\im_Koilocytotic\053.bmp,im_Koilocytotic
C:\Users\PAVAN H\Downloads\SIPaKMeD\im_Koilocytotic\im_Koilocytotic\CROPPED\102_06.bmp,im_Koilocytotic
C:\Users\PAVAN H\Downloads\SIPaKMeD\im_Koilocytotic\im_Koilocytotic\CROPPED\108_08.bmp,im_Koilocytotic
C:\Users\PAVAN H\Downloads\SIPaKMeD\im_Metaplastic\im_Metaplastic\CROPPED\175_02.bmp,im_Metaplastic
C:\Users\PAVAN H\Downloads\SIPaKMeD\im_Superficial-Intermediate\im_Superficial-Intermediate\001.bmp,im_Superficial-Intermediate
C:\Users\PAVAN H\Downloads\SIPaKMeD\im_Parabasal\im_Parabasal\CROPPED\097_05.bmp,im_Parabasal
C:\Users\PAVAN H\Downloads\SIPaKMeD\im_Metaplastic\im_Metaplastic\CROPPED\043_01.bmp,im_Metaplastic
C:\Users\PAVAN H\Downloads\SIPaKMeD\im_Koilocytotic\im_Koilocytotic\CROPPED\017_01.bmp,im_Koilocytotic
C:\Users\PAVAN H\Downloads\SIPaKMeD\im_Parabasal\im_Parabasal\CROPPED\016_12.bmp,im_Parabasal
C:\Users\PAVAN H\Downloads\SIPaKMeD\im_Koilocytotic\im_Koilocytotic\CROPPED\044_03.bmp,im_Koilocytotic
C:\Users\PAVAN H\Downloads\SIPaKMeD\im_Koilocytotic\im_Koilocytotic\CROPPED\029_03.bmp,im_Koilocytotic
C:\Users\PAVAN H\Downloads\SIPaKMeD\im_Metaplastic\im_Metaplastic\127.bmp,im_Metaplastic
C:\Users\PAVAN H\Downloads\SIPaKMeD\im_Dyskeratotic\im_Dyskeratotic\CROPPED\042_01.bmp,im_Dyskeratotic
C:\Users\PAVAN H\Downloads\SIPaKMeD\im_Dyskeratotic\im_Dyskeratotic\CROPPED\010_06.bmp,im_Dyskeratotic
C:\Users\PAVAN H\Downloads\SIPaKMeD\im_Dyskeratotic\im_Dyskeratotic\198.bmp,im_Dyskeratotic
C:\Users\PAVAN H\Downloads\SIPaKMeD\im_Metaplastic\im_Metaplastic\CROPPED\178_01.bmp,im_Metaplastic
C:\Users\PAVAN H\Downloads\SIPaKMeD\im_Parabasal\im_Parabasal\CROPPED\057_11.bmp,im_Parabasal
C:\Users\PAVAN H\Downloads\SIPaKMeD\im_Parabasal\im_Parabasal\CROPPED\067_04.bmp,im_Parabasal
C:\Users\PAVAN H\Downloads\SIPaKMeD\im_Metaplastic\im_Metaplastic\CROPPED\203_03.bmp,im_Metaplastic
C:\Users\PAVAN H\Downloads\SIPaKMeD\im_Metaplastic\im_Metaplastic\CROPPED\201_01.bmp,im_Metaplastic
C:\Users\PAVAN H\Downloads\SIPaKMeD\im_Metaplastic\im_Metaplastic\271.bmp,im_Metaplastic
C:\Users\PAVAN H\Downloads\SIPaKMeD\im_Koilocytotic\im_Koilocytotic\008.bmp,im_Koilocytotic
C:\Users\PAVAN H\Downloads\SIPaKMeD\im_Koilocytotic\im_Koilocytotic\CROPPED\145_02.bmp,im_Koilocytotic
C:\Users\PAVAN H\Downloads\SIPaKMeD\im_Dyskeratotic\im_Dyskeratotic\CROPPED\133_01.bmp,im_Dyskeratotic
C:\Users\PAVAN H\Downloads\SIPaKMeD\im_Metaplastic\im_Metaplastic\CROPPED\259_03.bmp,im_Metaplastic
C:\Users\PAVAN H\Downloads\SIPaKMeD\im_Metaplastic\im_Metaplastic\CROPPED\092_07.bmp,im_Metaplastic
C:\Users\PAVAN H\Downloads\SIPaKMeD\im_Dyskeratotic\im_Dyskeratotic\CROPPED\101_12.bmp,im_Dyskeratotic
C:\Users\PAVAN H\Downloads\SIPaKMeD\im_Parabasal\im_Parabasal\CROPPED\046_01.bmp,im_Parabasal
C:\Users\PAVAN H\Downloads\SIPaKMeD\im_Parabasal\im_Parabasal\CROPPED\084_03.bmp,im_Parabasal
C:\Users\PAVAN H\Downloads\SIPaKMeD\im_Dyskeratotic\im_Dyskeratotic\CROPPED\013_06.bmp,im_Dyskeratotic
C:\Users\PAVAN H\Downloads\SIPaKMeD\im_Superficial-Intermediate\im_Superficial-Intermediate\CROPPED\037_03.bmp,im_Superficial-Intermediate
C:\Users\PAVAN H\Downloads\SIPaKMeD\im_Superficial-Intermediate\im_Superficial-Intermediate\CROPPED\050_04.bmp,im_Superficial-Intermediate
C:\Users\PAVAN H\Downloads\SIPaKMeD\im_Koilocytotic\im_Koilocytotic\CROPPED\146_04.bmp,im_Koilocytotic
C:\Users\PAVAN H\Downloads\SIPaKMeD\im_Parabasal\im_Parabasal\CROPPED\037_02.bmp,im_Parabasal
C:\Users\PAVAN H\Downloads\SIPaKMeD\im_Superficial-Intermediate\im_Superficial-Intermediate\CROPPED\053_05.bmp,im_Superficial-Intermediate
C:\Users\PAVAN H\Downloads\SIPaKMeD\im_Koilocytotic\im_Koilocytotic\CROPPED\217_01.bmp,im_Koilocytotic
C:\Users\PAVAN H\Downloads\SIPaKMeD\im_Superficial-Intermediate\im_Superficial-Intermediate\CROPPED\067_04.bmp,im_Superficial-Intermediate
C:\Users\PAVAN H\Downloads\SIPaKMeD\im_Parabasal\im_Parabasal\CROPPED\016_03.bmp,im_Parabasal
C:\Users\PAVAN H\Downloads\SIPaKMeD\im_Dyskeratotic\im_Dyskeratotic\CROPPED\104_03.bmp,im_Dyskeratotic
C:\Users\PAVAN H\Downloads\SIPaKMeD\im_Parabasal\im_Parabasal\CROPPED\107_02.bmp,im_Parabasal
C:\Users\PAVAN H\Downloads\SIPaKMeD\im_Superficial-Intermediate\im_Superficial-Intermediate\CROPPED\058_07.bmp,im_Superficial-Intermediate
C:\Users\PAVAN H\Downloads\SIPaKMeD\im_Metaplastic\im_Metaplastic\158.bmp,im_Metaplastic
C:\Users\PAVAN H\Downloads\SIPaKMeD\im_Superficial-Intermediate\im_Superficial-Intermediate\CROPPED\008_05.bmp,im_Superficial-Intermediate
C:\Users\PAVAN H\Downloads\SIPaKMeD\im_Superficial-Intermediate\im_Superficial-Intermediate\CROPPED\047_05.bmp,im_Superficial-Intermediate
C:\Users\PAVAN H\Downloads\SIPaKMeD\im_Koilocytotic\im_Koilocytotic\CROPPED\043_03.bmp,im_Koilocytotic
C:\Users\PAVAN H\Downloads\SIPaKMeD\im_Koilocytotic\im_Koilocytotic\CROPPED\084_02.bmp,im_Koilocytotic
C:\Users\PAVAN H\Downloads\SIPaKMeD\im_Koilocytotic\im_Koilocytotic\CROPPED\155_02.bmp,im_Koilocytotic
C:\Users\PAVAN H\Downloads\SIPaKMeD\im_Koilocytotic\im_Koilocytotic\164.bmp,im_Koilocytotic
C:\Users\PAVAN H\Downloads\SIPaKMeD\im_Superficial-Intermediate\im_Superficial-Intermediate\CROPPED\023_10.bmp,im_Superficial-Intermediate
C:\Users\PAVAN H\Downloads\SIPaKMeD\im_Parabasal\im_Parabasal\CROPPED\038_04.bmp,im_Parabasal
C:\Users\PAVAN H\Downloads\SIPaKMeD\im_Superficial-Intermediate\im_Superficial-Intermediate\CROPPED\113_06.bmp,im_Superficial-Intermediate
C:\Users\PAVAN H\Downloads\SIPaKMeD\im_Koilocytotic\im_Koilocytotic\CROPPED\022_01.bmp,im_Koilocytotic
C:\Users\PAVAN H\Downloads\SIPaKMeD\im_Dyskeratotic\im_Dyskeratotic\CROPPED\101_03.bmp,im_Dyskeratotic
C:\Users\PAVAN H\Downloads\SIPaKMeD\im_Koilocytotic\im_Koilocytotic\231.bmp,im_Koilocytotic
C:\Users\PAVAN H\Downloads\SIPaKMeD\im_Parabasal\im_Parabasal\CROPPED\097_07.bmp,im_Parabasal
C:\Users\PAVAN H\Downloads\SIPaKMeD\im_Dyskeratotic\im_Dyskeratotic\CROPPED\011_07.bmp,im_Dyskeratotic
C:\Users\PAVAN H\Downloads\SIPaKMeD\im_Dyskeratotic\im_Dyskeratotic\CROPPED\094_01.bmp,im_Dyskeratotic
C:\Users\PAVAN H\Downloads\SIPaKMeD\im_Koilocytotic\im_Koilocytotic\CROPPED\118_03.bmp,im_Koilocytotic
C:\Users\PAVAN H\Downloads\SIPaKMeD\im_Dyskeratotic\im_Dyskeratotic\034.bmp,im_Dyskeratotic
C:\Users\PAVAN H\Downloads\SIPaKMeD\im_Koilocytotic\im_Koilocytotic\CROPPED\144_03.bmp,im_Koilocytotic
C:\Users\PAVAN H\Downloads\SIPaKMeD\im_Parabasal\im_Parabasal\CROPPED\099_09.bmp,im_Parabasal
C:\Users\PAVAN H\Downloads\SIPaKMeD\im_Dyskeratotic\im_Dyskeratotic\CROPPED\028_03.bmp,im_Dyskeratotic
C:\Users\PAVAN H\Downloads\SIPaKMeD\im_Koilocytotic\im_Koilocytotic\CROPPED\099_08.bmp,im_Koilocytotic
C:\Users\PAVAN H\Downloads\SIPaKMeD\im_Metaplastic\im_Metaplastic\CROPPED\139_06.bmp,im_Metaplastic
C:\Users\PAVAN H\Downloads\SIPaKMeD\im_Metaplastic\im_Metaplastic\CROPPED\253_02.bmp,im_Metaplastic
C:\Users\PAVAN H\Downloads\SIPaKMeD\im_Dyskeratotic\im_Dyskeratotic\129.bmp,im_Dyskeratotic
C:\Users\PAVAN H\Downloads\SIPaKMeD\im_Metaplastic\im_Metaplastic\CROPPED\208_02.bmp,im_Metaplastic
C:\Users\PAVAN H\Downloads\SIPaKMeD\im_Superficial-Intermediate\im_Superficial-Intermediate\CROPPED\102_02.bmp,im_Superficial-Intermediate
C:\Users\PAVAN H\Downloads\SIPaKMeD\im_Metaplastic\im_Metaplastic\256.bmp,im_Metaplastic
C:\Users\PAVAN H\Downloads\SIPaKMeD\im_Superficial-Intermediate\im_Superficial-Intermediate\CROPPED\083_05.bmp,im_Superficial-Intermediate
C:\Users\PAVAN H\Downloads\SIPaKMeD\im_Koilocytotic\im_Koilocytotic\213.bmp,im_Koilocytotic
C:\Users\PAVAN H\Downloads\SIPaKMeD\im_Dyskeratotic\im_Dyskeratotic\CROPPED\196_01.bmp,im_Dyskeratotic
C:\Users\PAVAN H\Downloads\SIPaKMeD\im_Koilocytotic\im_Koilocytotic\CROPPED\129_03.bmp,im_Koilocytotic
C:\Users\PAVAN H\Downloads\SIPaKMeD\im_Dyskeratotic\im_Dyskeratotic\CROPPED\004_02.bmp,im_Dyskeratotic
C:\Users\PAVAN H\Downloads\SIPaKMeD\im_Koilocytotic\im_Koilocytotic\CROPPED\086_02.bmp,im_Koilocytotic
C:\Users\PAVAN H\Downloads\SIPaKMeD\im_Dyskeratotic\im_Dyskeratotic\CROPPED\145_01.bmp,im_Dyskeratotic
C:\Users\PAVAN H\Downloads\SIPaKMeD\im_Superficial-Intermediate\im_Superficial-Intermediate\CROPPED\082_03.bmp,im_Superficial-Intermediate
C:\Users\PAVAN H\Downloads\SIPaKMeD\im_Superficial-Intermediate\im_Superficial-Intermediate\CROPPED\065_05.bmp,im_Superficial-Intermediate
C:\Users\PAVAN H\Downloads\SIPaKMeD\im_Superficial-Intermediate\im_Superficial-Intermediate\CROPPED\007_15.bmp,im_Superficial-Intermediate
C:\Users\PAVAN H\Downloads\SIPaKMeD\im_Koilocytotic\im_Koilocytotic\CROPPED\144_02.bmp,im_Koilocytotic
C:\Users\PAVAN H\Downloads\SIPaKMeD\im_Dyskeratotic\im_Dyskeratotic\CROPPED\209_03.bmp,im_Dyskeratotic
C:\Users\PAVAN H\Downloads\SIPaKMeD\im_Superficial-Intermediate\im_Superficial-Intermediate\CROPPED\102_05.bmp,im_Superficial-Intermediate
C:\Users\PAVAN H\Downloads\SIPaKMeD\im_Koilocytotic\im_Koilocytotic\CROPPED\015_08.bmp,im_Koilocytotic
C:\Users\PAVAN H\Downloads\SIPaKMeD\im_Parabasal\im_Parabasal\CROPPED\057_03.bmp,im_Parabasal
C:\Users\PAVAN H\Downloads\SIPaKMeD\im_Koilocytotic\im_Koilocytotic\155.bmp,im_Koilocytotic
C:\Users\PAVAN H\Downloads\SIPaKMeD\im_Parabasal\im_Parabasal\CROPPED\072_08.bmp,im_Parabasal
C:\Users\PAVAN H\Downloads\SIPaKMeD\im_Koilocytotic\im_Koilocytotic\CROPPED\070_01.bmp,im_Koilocytotic
C:\Users\PAVAN H\Downloads\SIPaKMeD\im_Dyskeratotic\im_Dyskeratotic\CROPPED\139_04.bmp,im_Dyskeratotic
C:\Users\PAVAN H\Downloads\SIPaKMeD\im_Parabasal\im_Parabasal\CROPPED\069_01.bmp,im_Parabasal
C:\Users\PAVAN H\Downloads\SIPaKMeD\im_Metaplastic\im_Metaplastic\CROPPED\069_04.bmp,im_Metaplastic
C:\Users\PAVAN H\Downloads\SIPaKMeD\im_Koilocytotic\im_Koilocytotic\CROPPED\005_01.bmp,im_Koilocytotic
C:\Users\PAVAN H\Downloads\SIPaKMeD\im_Dyskeratotic\im_Dyskeratotic\149.bmp,im_Dyskeratotic
C:\Users\PAVAN H\Downloads\SIPaKMeD\im_Koilocytotic\im_Koilocytotic\CROPPED\107_07.bmp,im_Koilocytotic
C:\Users\PAVAN H\Downloads\SIPaKMeD\im_Metaplastic\im_Metaplastic\CROPPED\100_04.bmp,im_Metaplastic
C:\Users\PAVAN H\Downloads\SIPaKMeD\im_Koilocytotic\im_Koilocytotic\CROPPED\011_02.bmp,im_Koilocytotic
C:\Users\PAVAN H\Downloads\SIPaKMeD\im_Superficial-Intermediate\im_Superficial-Intermediate\CROPPED\021_04.bmp,im_Superficial-Intermediate
C:\Users\PAVAN H\Downloads\SIPaKMeD\im_Parabasal\im_Parabasal\CROPPED\099_02.bmp,im_Parabasal
C:\Users\PAVAN H\Downloads\SIPaKMeD\im_Parabasal\im_Parabasal\CROPPED\011_12.bmp,im_Parabasal
C:\Users\PAVAN H\Downloads\SIPaKMeD\im_Dyskeratotic\im_Dyskeratotic\014.bmp,im_Dyskeratotic
C:\Users\PAVAN H\Downloads\SIPaKMeD\im_Superficial-Intermediate\im_Superficial-Intermediate\CROPPED\108_07.bmp,im_Superficial-Intermediate
C:\Users\PAVAN H\Downloads\SIPaKMeD\im_Metaplastic\im_Metaplastic\CROPPED\217_01.bmp,im_Metaplastic
C:\Users\PAVAN H\Downloads\SIPaKMeD\im_Parabasal\im_Parabasal\CROPPED\085_01.bmp,im_Parabasal
C:\Users\PAVAN H\Downloads\SIPaKMeD\im_Metaplastic\im_Metaplastic\106.bmp,im_Metaplastic
C:\Users\PAVAN H\Downloads\SIPaKMeD\im_Superficial-Intermediate\im_Superficial-Intermediate\CROPPED\037_02.bmp,im_Superficial-Intermediate
C:\Users\PAVAN H\Downloads\SIPaKMeD\im_Koilocytotic\im_Koilocytotic\CROPPED\032_03.bmp,im_Koilocytotic
C:\Users\PAVAN H\Downloads\SIPaKMeD\im_Metaplastic\im_Metaplastic\249.bmp,im_Metaplastic
C:\Users\PAVAN H\Downloads\SIPaKMeD\im_Parabasal\im_Parabasal\CROPPED\102_02.bmp,im_Parabasal
C:\Users\PAVAN H\Downloads\SIPaKMeD\im_Dyskeratotic\im_Dyskeratotic\CROPPED\003_12.bmp,im_Dyskeratotic
C:\Users\PAVAN H\Downloads\SIPaKMeD\im_Parabasal\im_Parabasal\CROPPED\067_07.bmp,im_Parabasal
C:\Users\PAVAN H\Downloads\SIPaKMeD\im_Koilocytotic\im_Koilocytotic\CROPPED\070_02.bmp,im_Koilocytotic
C:\Users\PAVAN H\Downloads\SIPaKMeD\im_Metaplastic\im_Metaplastic\021.bmp,im_Metaplastic
C:\Users\PAVAN H\Downloads\SIPaKMeD\im_Metaplastic\im_Metaplastic\CROPPED\002_13.bmp,im_Metaplastic
C:\Users\PAVAN H\Downloads\SIPaKMeD\im_Dyskeratotic\im_Dyskeratotic\CROPPED\206_01.bmp,im_Dyskeratotic
C:\Users\PAVAN H\Downloads\SIPaKMeD\im_Parabasal\im_Parabasal\068.bmp,im_Parabasal
C:\Users\PAVAN H\Downloads\SIPaKMeD\im_Parabasal\im_Parabasal\CROPPED\062_06.bmp,im_Parabasal
C:\Users\PAVAN H\Downloads\SIPaKMeD\im_Metaplastic\im_Metaplastic\CROPPED\152_02.bmp,im_Metaplastic
C:\Users\PAVAN H\Downloads\SIPaKMeD\im_Dyskeratotic\im_Dyskeratotic\CROPPED\141_05.bmp,im_Dyskeratotic
C:\Users\PAVAN H\Downloads\SIPaKMeD\im_Koilocytotic\im_Koilocytotic\218.bmp,im_Koilocytotic
C:\Users\PAVAN H\Downloads\SIPaKMeD\im_Parabasal\im_Parabasal\CROPPED\097_14.bmp,im_Parabasal
C:\Users\PAVAN H\Downloads\SIPaKMeD\im_Superficial-Intermediate\im_Superficial-Intermediate\CROPPED\066_11.bmp,im_Superficial-Intermediate
C:\Users\PAVAN H\Downloads\SIPaKMeD\im_Parabasal\im_Parabasal\CROPPED\106_06.bmp,im_Parabasal
C:\Users\PAVAN H\Downloads\SIPaKMeD\im_Koilocytotic\im_Koilocytotic\CROPPED\095_09.bmp,im_Koilocytotic
C:\Users\PAVAN H\Downloads\SIPaKMeD\im_Parabasal\im_Parabasal\CROPPED\053_06.bmp,im_Parabasal
C:\Users\PAVAN H\Downloads\SIPaKMeD\im_Dyskeratotic\im_Dyskeratotic\CROPPED\031_08.bmp,im_Dyskeratotic
C:\Users\PAVAN H\Downloads\SIPaKMeD\im_Parabasal\im_Parabasal\CROPPED\011_02.bmp,im_Parabasal
C:\Users\PAVAN H\Downloads\SIPaKMeD\im_Superficial-Intermediate\im_Superficial-Intermediate\CROPPED\097_03.bmp,im_Superficial-Intermediate
C:\Users\PAVAN H\Downloads\SIPaKMeD\im_Parabasal\im_Parabasal\CROPPED\062_02.bmp,im_Parabasal
C:\Users\PAVAN H\Downloads\SIPaKMeD\im_Parabasal\im_Parabasal\CROPPED\018_04.bmp,im_Parabasal
C:\Users\PAVAN H\Downloads\SIPaKMeD\im_Superficial-Intermediate\im_Superficial-Intermediate\CROPPED\110_01.bmp,im_Superficial-Intermediate
C:\Users\PAVAN H\Downloads\SIPaKMeD\im_Koilocytotic\im_Koilocytotic\CROPPED\121_05.bmp,im_Koilocytotic
C:\Users\PAVAN H\Downloads\SIPaKMeD\im_Parabasal\im_Parabasal\CROPPED\041_03.bmp,im_Parabasal
C:\Users\PAVAN H\Downloads\SIPaKMeD\im_Parabasal\im_Parabasal\041.bmp,im_Parabasal
C:\Users\PAVAN H\Downloads\SIPaKMeD\im_Metaplastic\im_Metaplastic\101.bmp,im_Metaplastic
C:\Users\PAVAN H\Downloads\SIPaKMeD\im_Parabasal\im_Parabasal\047.bmp,im_Parabasal
C:\Users\PAVAN H\Downloads\SIPaKMeD\im_Superficial-Intermediate\im_Superficial-Intermediate\CROPPED\106_06.bmp,im_Superficial-Intermediate
C:\Users\PAVAN H\Downloads\SIPaKMeD\im_Dyskeratotic\im_Dyskeratotic\CROPPED\013_05.bmp,im_Dyskeratotic
C:\Users\PAVAN H\Downloads\SIPaKMeD\im_Superficial-Intermediate\im_Superficial-Intermediate\119.bmp,im_Superficial-Intermediate
C:\Users\PAVAN H\Downloads\SIPaKMeD\im_Superficial-Intermediate\im_Superficial-Intermediate\CROPPED\013_05.bmp,im_Superficial-Intermediate
C:\Users\PAVAN H\Downloads\SIPaKMeD\im_Koilocytotic\im_Koilocytotic\CROPPED\156_03.bmp,im_Koilocytotic
C:\Users\PAVAN H\Downloads\SIPaKMeD\im_Dyskeratotic\im_Dyskeratotic\CROPPED\059_10.bmp,im_Dyskeratotic
C:\Users\PAVAN H\Downloads\SIPaKMeD\im_Koilocytotic\im_Koilocytotic\CROPPED\052_03.bmp,im_Koilocytotic
C:\Users\PAVAN H\Downloads\SIPaKMeD\im_Superficial-Intermediate\im_Superficial-Intermediate\098.bmp,im_Superficial-Intermediate
C:\Users\PAVAN H\Downloads\SIPaKMeD\im_Parabasal\im_Parabasal\CROPPED\093_10.bmp,im_Parabasal
C:\Users\PAVAN H\Downloads\SIPaKMeD\im_Superficial-Intermediate\im_Superficial-Intermediate\CROPPED\112_07.bmp,im_Superficial-Intermediate
C:\Users\PAVAN H\Downloads\SIPaKMeD\im_Metaplastic\im_Metaplastic\CROPPED\222_02.bmp,im_Metaplastic
C:\Users\PAVAN H\Downloads\SIPaKMeD\im_Dyskeratotic\im_Dyskeratotic\CROPPED\019_03.bmp,im_Dyskeratotic
C:\Users\PAVAN H\Downloads\SIPaKMeD\im_Dyskeratotic\im_Dyskeratotic\CROPPED\081_02.bmp,im_Dyskeratotic
C:\Users\PAVAN H\Downloads\SIPaKMeD\im_Koilocytotic\im_Koilocytotic\CROPPED\121_09.bmp,im_Koilocytotic
C:\Users\PAVAN H\Downloads\SIPaKMeD\im_Parabasal\im_Parabasal\083.bmp,im_Parabasal
C:\Users\PAVAN H\Downloads\SIPaKMeD\im_Koilocytotic\im_Koilocytotic\CROPPED\030_04.bmp,im_Koilocytotic
C:\Users\PAVAN H\Downloads\SIPaKMeD\im_Metaplastic\im_Metaplastic\CROPPED\259_02.bmp,im_Metaplastic
C:\Users\PAVAN H\Downloads\SIPaKMeD\im_Metaplastic\im_Metaplastic\CROPPED\192_01.bmp,im_Metaplastic
C:\Users\PAVAN H\Downloads\SIPaKMeD\im_Parabasal\im_Parabasal\034.bmp,im_Parabasal
C:\Users\PAVAN H\Downloads\SIPaKMeD\im_Metaplastic\im_Metaplastic\CROPPED\119_01.bmp,im_Metaplastic
C:\Users\PAVAN H\Downloads\SIPaKMeD\im_Metaplastic\im_Metaplastic\CROPPED\027_02.bmp,im_Metaplastic
C:\Users\PAVAN H\Downloads\SIPaKMeD\im_Koilocytotic\im_Koilocytotic\101.bmp,im_Koilocytotic
C:\Users\PAVAN H\Downloads\SIPaKMeD\im_Koilocytotic\im_Koilocytotic\CROPPED\098_03.bmp,im_Koilocytotic
C:\Users\PAVAN H\Downloads\SIPaKMeD\im_Parabasal\im_Parabasal\072.bmp,im_Parabasal
C:\Users\PAVAN H\Downloads\SIPaKMeD\im_Metaplastic\im_Metaplastic\244.bmp,im_Metaplastic
C:\Users\PAVAN H\Downloads\SIPaKMeD\im_Parabasal\im_Parabasal\CROPPED\097_06.bmp,im_Parabasal
C:\Users\PAVAN H\Downloads\SIPaKMeD\im_Koilocytotic\im_Koilocytotic\CROPPED\230_01.bmp,im_Koilocytotic
C:\Users\PAVAN H\Downloads\SIPaKMeD\im_Metaplastic\im_Metaplastic\121.bmp,im_Metaplastic
C:\Users\PAVAN H\Downloads\SIPaKMeD\im_Koilocytotic\im_Koilocytotic\CROPPED\015_03.bmp,im_Koilocytotic
C:\Users\PAVAN H\Downloads\SIPaKMeD\im_Koilocytotic\im_Koilocytotic\CROPPED\075_01.bmp,im_Koilocytotic
C:\Users\PAVAN H\Downloads\SIPaKMeD\im_Superficial-Intermediate\im_Superficial-Intermediate\CROPPED\065_02.bmp,im_Superficial-Intermediate
C:\Users\PAVAN H\Downloads\SIPaKMeD\im_Parabasal\im_Parabasal\CROPPED\045_05.bmp,im_Parabasal
C:\Users\PAVAN H\Downloads\SIPaKMeD\im_Dyskeratotic\im_Dyskeratotic\CROPPED\154_01.bmp,im_Dyskeratotic
C:\Users\PAVAN H\Downloads\SIPaKMeD\im_Parabasal\im_Parabasal\064.bmp,im_Parabasal
C:\Users\PAVAN H\Downloads\SIPaKMeD\im_Koilocytotic\im_Koilocytotic\CROPPED\126_04.bmp,im_Koilocytotic
C:\Users\PAVAN H\Downloads\SIPaKMeD\im_Metaplastic\im_Metaplastic\113.bmp,im_Metaplastic
C:\Users\PAVAN H\Downloads\SIPaKMeD\im_Metaplastic\im_Metaplastic\055.bmp,im_Metaplastic
C:\Users\PAVAN H\Downloads\SIPaKMeD\im_Dyskeratotic\im_Dyskeratotic\CROPPED\165_01.bmp,im_Dyskeratotic
C:\Users\PAVAN H\Downloads\SIPaKMeD\im_Parabasal\im_Parabasal\CROPPED\013_01.bmp,im_Parabasal
C:\Users\PAVAN H\Downloads\SIPaKMeD\im_Dyskeratotic\im_Dyskeratotic\124.bmp,im_Dyskeratotic
C:\Users\PAVAN H\Downloads\SIPaKMeD\im_Dyskeratotic\im_Dyskeratotic\CROPPED\053_01.bmp,im_Dyskeratotic
C:\Users\PAVAN H\Downloads\SIPaKMeD\im_Dyskeratotic\im_Dyskeratotic\CROPPED\074_05.bmp,im_Dyskeratotic
C:\Users\PAVAN H\Downloads\SIPaKMeD\im_Dyskeratotic\im_Dyskeratotic\CROPPED\062_06.bmp,im_Dyskeratotic
C:\Users\PAVAN H\Downloads\SIPaKMeD\im_Dyskeratotic\im_Dyskeratotic\CROPPED\037_08.bmp,im_Dyskeratotic
C:\Users\PAVAN H\Downloads\SIPaKMeD\im_Parabasal\im_Parabasal\CROPPED\057_09.bmp,im_Parabasal
C:\Users\PAVAN H\Downloads\SIPaKMeD\im_Dyskeratotic\im_Dyskeratotic\CROPPED\081_03.bmp,im_Dyskeratotic
C:\Users\PAVAN H\Downloads\SIPaKMeD\im_Dyskeratotic\im_Dyskeratotic\CROPPED\186_02.bmp,im_Dyskeratotic
C:\Users\PAVAN H\Downloads\SIPaKMeD\im_Metaplastic\im_Metaplastic\CROPPED\239_01.bmp,im_Metaplastic
C:\Users\PAVAN H\Downloads\SIPaKMeD\im_Metaplastic\im_Metaplastic\CROPPED\079_03.bmp,im_Metaplastic
C:\Users\PAVAN H\Downloads\SIPaKMeD\im_Parabasal\im_Parabasal\CROPPED\084_01.bmp,im_Parabasal
C:\Users\PAVAN H\Downloads\SIPaKMeD\im_Dyskeratotic\im_Dyskeratotic\CROPPED\100_01.bmp,im_Dyskeratotic
C:\Users\PAVAN H\Downloads\SIPaKMeD\im_Dyskeratotic\im_Dyskeratotic\CROPPED\166_05.bmp,im_Dyskeratotic
C:\Users\PAVAN H\Downloads\SIPaKMeD\im_Metaplastic\im_Metaplastic\CROPPED\024_04.bmp,im_Metaplastic
C:\Users\PAVAN H\Downloads\SIPaKMeD\im_Parabasal\im_Parabasal\CROPPED\099_13.bmp,im_Parabasal
C:\Users\PAVAN H\Downloads\SIPaKMeD\im_Dyskeratotic\im_Dyskeratotic\CROPPED\020_01.bmp,im_Dyskeratotic
C:\Users\PAVAN H\Downloads\SIPaKMeD\im_Metaplastic\im_Metaplastic\238.bmp,im_Metaplastic
C:\Users\PAVAN H\Downloads\SIPaKMeD\im_Metaplastic\im_Metaplastic\CROPPED\217_06.bmp,im_Metaplastic
C:\Users\PAVAN H\Downloads\SIPaKMeD\im_Superficial-Intermediate\im_Superficial-Intermediate\CROPPED\053_04.bmp,im_Superficial-Intermediate
C:\Users\PAVAN H\Downloads\SIPaKMeD\im_Parabasal\im_Parabasal\063.bmp,im_Parabasal
C:\Users\PAVAN H\Downloads\SIPaKMeD\im_Superficial-Intermediate\im_Superficial-Intermediate\CROPPED\112_01.bmp,im_Superficial-Intermediate
C:\Users\PAVAN H\Downloads\SIPaKMeD\im_Dyskeratotic\im_Dyskeratotic\CROPPED\037_06.bmp,im_Dyskeratotic
C:\Users\PAVAN H\Downloads\SIPaKMeD\im_Dyskeratotic\im_Dyskeratotic\CROPPED\114_13.bmp,im_Dyskeratotic
C:\Users\PAVAN H\Downloads\SIPaKMeD\im_Superficial-Intermediate\im_Superficial-Intermediate\CROPPED\067_06.bmp,im_Superficial-Intermediate
C:\Users\PAVAN H\Downloads\SIPaKMeD\im_Superficial-Intermediate\im_Superficial-Intermediate\CROPPED\119_07.bmp,im_Superficial-Intermediate
C:\Users\PAVAN H\Downloads\SIPaKMeD\im_Metaplastic\im_Metaplastic\CROPPED\002_03.bmp,im_Metaplastic
C:\Users\PAVAN H\Downloads\SIPaKMeD\im_Superficial-Intermediate\im_Superficial-Intermediate\CROPPED\119_01.bmp,im_Superficial-Intermediate
C:\Users\PAVAN H\Downloads\SIPaKMeD\im_Dyskeratotic\im_Dyskeratotic\CROPPED\013_01.bmp,im_Dyskeratotic
C:\Users\PAVAN H\Downloads\SIPaKMeD\im_Metaplastic\im_Metaplastic\CROPPED\071_01.bmp,im_Metaplastic
C:\Users\PAVAN H\Downloads\SIPaKMeD\im_Superficial-Intermediate\im_Superficial-Intermediate\026.bmp,im_Superficial-Intermediate
C:\Users\PAVAN H\Downloads\SIPaKMeD\im_Metaplastic\im_Metaplastic\CROPPED\015_01.bmp,im_Metaplastic
C:\Users\PAVAN H\Downloads\SIPaKMeD\im_Parabasal\im_Parabasal\CROPPED\052_07.bmp,im_Parabasal
C:\Users\PAVAN H\Downloads\SIPaKMeD\im_Metaplastic\im_Metaplastic\CROPPED\147_02.bmp,im_Metaplastic
C:\Users\PAVAN H\Downloads\SIPaKMeD\im_Koilocytotic\im_Koilocytotic\011.bmp,im_Koilocytotic
C:\Users\PAVAN H\Downloads\SIPaKMeD\im_Dyskeratotic\im_Dyskeratotic\054.bmp,im_Dyskeratotic
C:\Users\PAVAN H\Downloads\SIPaKMeD\im_Parabasal\im_Parabasal\CROPPED\064_01.bmp,im_Parabasal
C:\Users\PAVAN H\Downloads\SIPaKMeD\im_Superficial-Intermediate\im_Superficial-Intermediate\CROPPED\004_10.bmp,im_Superficial-Intermediate
C:\Users\PAVAN H\Downloads\SIPaKMeD\im_Metaplastic\im_Metaplastic\CROPPED\254_01.bmp,im_Metaplastic
C:\Users\PAVAN H\Downloads\SIPaKMeD\im_Dyskeratotic\im_Dyskeratotic\CROPPED\067_05.bmp,im_Dyskeratotic
C:\Users\PAVAN H\Downloads\SIPaKMeD\im_Parabasal\im_Parabasal\CROPPED\102_09.bmp,im_Parabasal
C:\Users\PAVAN H\Downloads\SIPaKMeD\im_Dyskeratotic\im_Dyskeratotic\CROPPED\192_02.bmp,im_Dyskeratotic
C:\Users\PAVAN H\Downloads\SIPaKMeD\im_Dyskeratotic\im_Dyskeratotic\CROPPED\114_03.bmp,im_Dyskeratotic
C:\Users\PAVAN H\Downloads\SIPaKMeD\im_Superficial-Intermediate\im_Superficial-Intermediate\CROPPED\109_03.bmp,im_Superficial-Intermediate
C:\Users\PAVAN H\Downloads\SIPaKMeD\im_Koilocytotic\im_Koilocytotic\CROPPED\128_08.bmp,im_Koilocytotic
C:\Users\PAVAN H\Downloads\SIPaKMeD\im_Koilocytotic\im_Koilocytotic\CROPPED\176_01.bmp,im_Koilocytotic
C:\Users\PAVAN H\Downloads\SIPaKMeD\im_Dyskeratotic\im_Dyskeratotic\CROPPED\003_09.bmp,im_Dyskeratotic
C:\Users\PAVAN H\Downloads\SIPaKMeD\im_Parabasal\im_Parabasal\103.bmp,im_Parabasal
C:\Users\PAVAN H\Downloads\SIPaKMeD\im_Metaplastic\im_Metaplastic\227.bmp,im_Metaplastic
C:\Users\PAVAN H\Downloads\SIPaKMeD\im_Superficial-Intermediate\im_Superficial-Intermediate\CROPPED\076_02.bmp,im_Superficial-Intermediate
C:\Users\PAVAN H\Downloads\SIPaKMeD\im_Dyskeratotic\im_Dyskeratotic\070.bmp,im_Dyskeratotic
C:\Users\PAVAN H\Downloads\SIPaKMeD\im_Koilocytotic\im_Koilocytotic\146.bmp,im_Koilocytotic
C:\Users\PAVAN H\Downloads\SIPaKMeD\im_Metaplastic\im_Metaplastic\CROPPED\261_08.bmp,im_Metaplastic
C:\Users\PAVAN H\Downloads\SIPaKMeD\im_Koilocytotic\im_Koilocytotic\CROPPED\032_02.bmp,im_Koilocytotic
C:\Users\PAVAN H\Downloads\SIPaKMeD\im_Parabasal\im_Parabasal\CROPPED\102_12.bmp,im_Parabasal
C:\Users\PAVAN H\Downloads\SIPaKMeD\im_Dyskeratotic\im_Dyskeratotic\CROPPED\039_02.bmp,im_Dyskeratotic
C:\Users\PAVAN H\Downloads\SIPaKMeD\im_Dyskeratotic\im_Dyskeratotic\017.bmp,im_Dyskeratotic
C:\Users\PAVAN H\Downloads\SIPaKMeD\im_Dyskeratotic\im_Dyskeratotic\CROPPED\069_06.bmp,im_Dyskeratotic
C:\Users\PAVAN H\Downloads\SIPaKMeD\im_Dyskeratotic\im_Dyskeratotic\CROPPED\194_01.bmp,im_Dyskeratotic
C:\Users\PAVAN H\Downloads\SIPaKMeD\im_Parabasal\im_Parabasal\CROPPED\054_02.bmp,im_Parabasal
C:\Users\PAVAN H\Downloads\SIPaKMeD\im_Metaplastic\im_Metaplastic\234.bmp,im_Metaplastic
C:\Users\PAVAN H\Downloads\SIPaKMeD\im_Superficial-Intermediate\im_Superficial-Intermediate\CROPPED\124_03.bmp,im_Superficial-Intermediate
C:\Users\PAVAN H\Downloads\SIPaKMeD\im_Parabasal\im_Parabasal\CROPPED\055_05.bmp,im_Parabasal
C:\Users\PAVAN H\Downloads\SIPaKMeD\im_Metaplastic\im_Metaplastic\CROPPED\073_03.bmp,im_Metaplastic
C:\Users\PAVAN H\Downloads\SIPaKMeD\im_Metaplastic\im_Metaplastic\CROPPED\118_03.bmp,im_Metaplastic
C:\Users\PAVAN H\Downloads\SIPaKMeD\im_Superficial-Intermediate\im_Superficial-Intermediate\CROPPED\017_14.bmp,im_Superficial-Intermediate
C:\Users\PAVAN H\Downloads\SIPaKMeD\im_Metaplastic\im_Metaplastic\CROPPED\007_04.bmp,im_Metaplastic
C:\Users\PAVAN H\Downloads\SIPaKMeD\im_Superficial-Intermediate\im_Superficial-Intermediate\CROPPED\125_02.bmp,im_Superficial-Intermediate
C:\Users\PAVAN H\Downloads\SIPaKMeD\im_Metaplastic\im_Metaplastic\CROPPED\240_02.bmp,im_Metaplastic
C:\Users\PAVAN H\Downloads\SIPaKMeD\im_Metaplastic\im_Metaplastic\108.bmp,im_Metaplastic
C:\Users\PAVAN H\Downloads\SIPaKMeD\im_Dyskeratotic\im_Dyskeratotic\CROPPED\006_01.bmp,im_Dyskeratotic
C:\Users\PAVAN H\Downloads\SIPaKMeD\im_Superficial-Intermediate\im_Superficial-Intermediate\CROPPED\083_09.bmp,im_Superficial-Intermediate
C:\Users\PAVAN H\Downloads\SIPaKMeD\im_Dyskeratotic\im_Dyskeratotic\085.bmp,im_Dyskeratotic
C:\Users\PAVAN H\Downloads\SIPaKMeD\im_Superficial-Intermediate\im_Superficial-Intermediate\CROPPED\094_02.bmp,im_Superficial-Intermediate
C:\Users\PAVAN H\Downloads\SIPaKMeD\im_Metaplastic\im_Metaplastic\CROPPED\082_10.bmp,im_Metaplastic
C:\Users\PAVAN H\Downloads\SIPaKMeD\im_Parabasal\im_Parabasal\009.bmp,im_Parabasal
C:\Users\PAVAN H\Downloads\SIPaKMeD\im_Superficial-Intermediate\im_Superficial-Intermediate\082.bmp,im_Superficial-Intermediate
C:\Users\PAVAN H\Downloads\SIPaKMeD\im_Metaplastic\im_Metaplastic\CROPPED\100_03.bmp,im_Metaplastic
C:\Users\PAVAN H\Downloads\SIPaKMeD\im_Metaplastic\im_Metaplastic\CROPPED\217_03.bmp,im_Metaplastic
C:\Users\PAVAN H\Downloads\SIPaKMeD\im_Metaplastic\im_Metaplastic\CROPPED\007_02.bmp,im_Metaplastic
C:\Users\PAVAN H\Downloads\SIPaKMeD\im_Superficial-Intermediate\im_Superficial-Intermediate\007.bmp,im_Superficial-Intermediate
C:\Users\PAVAN H\Downloads\SIPaKMeD\im_Metaplastic\im_Metaplastic\CROPPED\151_02.bmp,im_Metaplastic
C:\Users\PAVAN H\Downloads\SIPaKMeD\im_Koilocytotic\im_Koilocytotic\CROPPED\031_01.bmp,im_Koilocytotic
C:\Users\PAVAN H\Downloads\SIPaKMeD\im_Metaplastic\im_Metaplastic\CROPPED\197_03.bmp,im_Metaplastic
C:\Users\PAVAN H\Downloads\SIPaKMeD\im_Metaplastic\im_Metaplastic\CROPPED\268_03.bmp,im_Metaplastic
C:\Users\PAVAN H\Downloads\SIPaKMeD\im_Koilocytotic\im_Koilocytotic\CROPPED\146_08.bmp,im_Koilocytotic
C:\Users\PAVAN H\Downloads\SIPaKMeD\im_Metaplastic\im_Metaplastic\CROPPED\011_01.bmp,im_Metaplastic
C:\Users\PAVAN H\Downloads\SIPaKMeD\im_Dyskeratotic\im_Dyskeratotic\212.bmp,im_Dyskeratotic
C:\Users\PAVAN H\Downloads\SIPaKMeD\im_Koilocytotic\im_Koilocytotic\CROPPED\005_02.bmp,im_Koilocytotic
C:\Users\PAVAN H\Downloads\SIPaKMeD\im_Superficial-Intermediate\im_Superficial-Intermediate\CROPPED\112_03.bmp,im_Superficial-Intermediate
C:\Users\PAVAN H\Downloads\SIPaKMeD\im_Dyskeratotic\im_Dyskeratotic\CROPPED\198_01.bmp,im_Dyskeratotic
C:\Users\PAVAN H\Downloads\SIPaKMeD\im_Dyskeratotic\im_Dyskeratotic\CROPPED\099_01.bmp,im_Dyskeratotic
C:\Users\PAVAN H\Downloads\SIPaKMeD\im_Dyskeratotic\im_Dyskeratotic\CROPPED\006_04.bmp,im_Dyskeratotic
C:\Users\PAVAN H\Downloads\SIPaKMeD\im_Dyskeratotic\im_Dyskeratotic\CROPPED\203_05.bmp,im_Dyskeratotic
C:\Users\PAVAN H\Downloads\SIPaKMeD\im_Parabasal\im_Parabasal\CROPPED\016_09.bmp,im_Parabasal
C:\Users\PAVAN H\Downloads\SIPaKMeD\im_Superficial-Intermediate\im_Superficial-Intermediate\CROPPED\020_01.bmp,im_Superficial-Intermediate
C:\Users\PAVAN H\Downloads\SIPaKMeD\im_Superficial-Intermediate\im_Superficial-Intermediate\088.bmp,im_Superficial-Intermediate
C:\Users\PAVAN H\Downloads\SIPaKMeD\im_Koilocytotic\im_Koilocytotic\CROPPED\038_01.bmp,im_Koilocytotic
C:\Users\PAVAN H\Downloads\SIPaKMeD\im_Superficial-Intermediate\im_Superficial-Intermediate\CROPPED\053_02.bmp,im_Superficial-Intermediate
C:\Users\PAVAN H\Downloads\SIPaKMeD\im_Dyskeratotic\im_Dyskeratotic\CROPPED\172_01.bmp,im_Dyskeratotic
C:\Users\PAVAN H\Downloads\SIPaKMeD\im_Dyskeratotic\im_Dyskeratotic\CROPPED\048_01.bmp,im_Dyskeratotic
C:\Users\PAVAN H\Downloads\SIPaKMeD\im_Superficial-Intermediate\im_Superficial-Intermediate\CROPPED\092_01.bmp,im_Superficial-Intermediate
C:\Users\PAVAN H\Downloads\SIPaKMeD\im_Metaplastic\im_Metaplastic\CROPPED\056_01.bmp,im_Metaplastic
C:\Users\PAVAN H\Downloads\SIPaKMeD\im_Dyskeratotic\im_Dyskeratotic\CROPPED\001_01.bmp,im_Dyskeratotic
C:\Users\PAVAN H\Downloads\SIPaKMeD\im_Metaplastic\im_Metaplastic\CROPPED\253_04.bmp,im_Metaplastic
C:\Users\PAVAN H\Downloads\SIPaKMeD\im_Dyskeratotic\im_Dyskeratotic\CROPPED\022_01.bmp,im_Dyskeratotic
C:\Users\PAVAN H\Downloads\SIPaKMeD\im_Parabasal\im_Parabasal\CROPPED\011_03.bmp,im_Parabasal
C:\Users\PAVAN H\Downloads\SIPaKMeD\im_Koilocytotic\im_Koilocytotic\CROPPED\102_07.bmp,im_Koilocytotic
C:\Users\PAVAN H\Downloads\SIPaKMeD\im_Superficial-Intermediate\im_Superficial-Intermediate\CROPPED\119_06.bmp,im_Superficial-Intermediate
C:\Users\PAVAN H\Downloads\SIPaKMeD\im_Dyskeratotic\im_Dyskeratotic\153.bmp,im_Dyskeratotic
C:\Users\PAVAN H\Downloads\SIPaKMeD\im_Parabasal\im_Parabasal\CROPPED\025_06.bmp,im_Parabasal
C:\Users\PAVAN H\Downloads\SIPaKMeD\im_Dyskeratotic\im_Dyskeratotic\CROPPED\099_03.bmp,im_Dyskeratotic
C:\Users\PAVAN H\Downloads\SIPaKMeD\im_Dyskeratotic\im_Dyskeratotic\CROPPED\173_05.bmp,im_Dyskeratotic
C:\Users\PAVAN H\Downloads\SIPaKMeD\im_Koilocytotic\im_Koilocytotic\CROPPED\150_02.bmp,im_Koilocytotic
C:\Users\PAVAN H\Downloads\SIPaKMeD\im_Superficial-Intermediate\im_Superficial-Intermediate\CROPPED\017_12.bmp,im_Superficial-Intermediate
C:\Users\PAVAN H\Downloads\SIPaKMeD\im_Koilocytotic\im_Koilocytotic\043.bmp,im_Koilocytotic
C:\Users\PAVAN H\Downloads\SIPaKMeD\im_Superficial-Intermediate\im_Superficial-Intermediate\CROPPED\123_06.bmp,im_Superficial-Intermediate
C:\Users\PAVAN H\Downloads\SIPaKMeD\im_Metaplastic\im_Metaplastic\CROPPED\230_01.bmp,im_Metaplastic
C:\Users\PAVAN H\Downloads\SIPaKMeD\im_Metaplastic\im_Metaplastic\CROPPED\177_01.bmp,im_Metaplastic
C:\Users\PAVAN H\Downloads\SIPaKMeD\im_Superficial-Intermediate\im_Superficial-Intermediate\CROPPED\031_02.bmp,im_Superficial-Intermediate
C:\Users\PAVAN H\Downloads\SIPaKMeD\im_Koilocytotic\im_Koilocytotic\CROPPED\011_01.bmp,im_Koilocytotic
C:\Users\PAVAN H\Downloads\SIPaKMeD\im_Dyskeratotic\im_Dyskeratotic\CROPPED\037_02.bmp,im_Dyskeratotic
C:\Users\PAVAN H\Downloads\SIPaKMeD\im_Metaplastic\im_Metaplastic\CROPPED\075_01.bmp,im_Metaplastic
C:\Users\PAVAN H\Downloads\SIPaKMeD\im_Superficial-Intermediate\im_Superficial-Intermediate\CROPPED\003_02.bmp,im_Superficial-Intermediate
C:\Users\PAVAN H\Downloads\SIPaKMeD\im_Superficial-Intermediate\im_Superficial-Intermediate\CROPPED\121_04.bmp,im_Superficial-Intermediate
C:\Users\PAVAN H\Downloads\SIPaKMeD\im_Parabasal\im_Parabasal\096.bmp,im_Parabasal
C:\Users\PAVAN H\Downloads\SIPaKMeD\im_Metaplastic\im_Metaplastic\CROPPED\025_13.bmp,im_Metaplastic
C:\Users\PAVAN H\Downloads\SIPaKMeD\im_Superficial-Intermediate\im_Superficial-Intermediate\CROPPED\003_01.bmp,im_Superficial-Intermediate
C:\Users\PAVAN H\Downloads\SIPaKMeD\im_Koilocytotic\im_Koilocytotic\CROPPED\158_02.bmp,im_Koilocytotic
C:\Users\PAVAN H\Downloads\SIPaKMeD\im_Dyskeratotic\im_Dyskeratotic\CROPPED\014_01.bmp,im_Dyskeratotic
C:\Users\PAVAN H\Downloads\SIPaKMeD\im_Parabasal\im_Parabasal\CROPPED\016_06.bmp,im_Parabasal
C:\Users\PAVAN H\Downloads\SIPaKMeD\im_Koilocytotic\im_Koilocytotic\CROPPED\161_03.bmp,im_Koilocytotic
C:\Users\PAVAN H\Downloads\SIPaKMeD\im_Dyskeratotic\im_Dyskeratotic\CROPPED\163_01.bmp,im_Dyskeratotic
C:\Users\PAVAN H\Downloads\SIPaKMeD\im_Dyskeratotic\im_Dyskeratotic\CROPPED\030_03.bmp,im_Dyskeratotic
C:\Users\PAVAN H\Downloads\SIPaKMeD\im_Parabasal\im_Parabasal\CROPPED\077_02.bmp,im_Parabasal
C:\Users\PAVAN H\Downloads\SIPaKMeD\im_Superficial-Intermediate\im_Superficial-Intermediate\CROPPED\106_05.bmp,im_Superficial-Intermediate
C:\Users\PAVAN H\Downloads\SIPaKMeD\im_Metaplastic\im_Metaplastic\CROPPED\201_04.bmp,im_Metaplastic
C:\Users\PAVAN H\Downloads\SIPaKMeD\im_Parabasal\im_Parabasal\CROPPED\063_02.bmp,im_Parabasal
C:\Users\PAVAN H\Downloads\SIPaKMeD\im_Metaplastic\im_Metaplastic\CROPPED\166_02.bmp,im_Metaplastic
C:\Users\PAVAN H\Downloads\SIPaKMeD\im_Metaplastic\im_Metaplastic\146.bmp,im_Metaplastic
C:\Users\PAVAN H\Downloads\SIPaKMeD\im_Dyskeratotic\im_Dyskeratotic\CROPPED\059_11.bmp,im_Dyskeratotic
C:\Users\PAVAN H\Downloads\SIPaKMeD\im_Superficial-Intermediate\im_Superficial-Intermediate\CROPPED\050_01.bmp,im_Superficial-Intermediate
C:\Users\PAVAN H\Downloads\SIPaKMeD\im_Metaplastic\im_Metaplastic\CROPPED\200_02.bmp,im_Metaplastic
C:\Users\PAVAN H\Downloads\SIPaKMeD\im_Superficial-Intermediate\im_Superficial-Intermediate\004.bmp,im_Superficial-Intermediate
C:\Users\PAVAN H\Downloads\SIPaKMeD\im_Parabasal\im_Parabasal\CROPPED\072_04.bmp,im_Parabasal
C:\Users\PAVAN H\Downloads\SIPaKMeD\im_Superficial-Intermediate\im_Superficial-Intermediate\CROPPED\087_02.bmp,im_Superficial-Intermediate
C:\Users\PAVAN H\Downloads\SIPaKMeD\im_Koilocytotic\im_Koilocytotic\037.bmp,im_Koilocytotic
C:\Users\PAVAN H\Downloads\SIPaKMeD\im_Metaplastic\im_Metaplastic\CROPPED\264_04.bmp,im_Metaplastic
C:\Users\PAVAN H\Downloads\SIPaKMeD\im_Metaplastic\im_Metaplastic\CROPPED\026_01.bmp,im_Metaplastic
C:\Users\PAVAN H\Downloads\SIPaKMeD\im_Superficial-Intermediate\im_Superficial-Intermediate\CROPPED\097_12.bmp,im_Superficial-Intermediate
C:\Users\PAVAN H\Downloads\SIPaKMeD\im_Superficial-Intermediate\im_Superficial-Intermediate\CROPPED\023_06.bmp,im_Superficial-Intermediate
C:\Users\PAVAN H\Downloads\SIPaKMeD\im_Dyskeratotic\im_Dyskeratotic\CROPPED\039_04.bmp,im_Dyskeratotic
C:\Users\PAVAN H\Downloads\SIPaKMeD\im_Parabasal\im_Parabasal\CROPPED\024_04.bmp,im_Parabasal
C:\Users\PAVAN H\Downloads\SIPaKMeD\im_Dyskeratotic\im_Dyskeratotic\CROPPED\042_02.bmp,im_Dyskeratotic
C:\Users\PAVAN H\Downloads\SIPaKMeD\im_Superficial-Intermediate\im_Superficial-Intermediate\CROPPED\015_03.bmp,im_Superficial-Intermediate
C:\Users\PAVAN H\Downloads\SIPaKMeD\im_Superficial-Intermediate\im_Superficial-Intermediate\CROPPED\008_08.bmp,im_Superficial-Intermediate
C:\Users\PAVAN H\Downloads\SIPaKMeD\im_Superficial-Intermediate\im_Superficial-Intermediate\CROPPED\008_04.bmp,im_Superficial-Intermediate
C:\Users\PAVAN H\Downloads\SIPaKMeD\im_Metaplastic\im_Metaplastic\CROPPED\069_05.bmp,im_Metaplastic
C:\Users\PAVAN H\Downloads\SIPaKMeD\im_Dyskeratotic\im_Dyskeratotic\CROPPED\217_02.bmp,im_Dyskeratotic
C:\Users\PAVAN H\Downloads\SIPaKMeD\im_Superficial-Intermediate\im_Superficial-Intermediate\CROPPED\117_02.bmp,im_Superficial-Intermediate
C:\Users\PAVAN H\Downloads\SIPaKMeD\im_Metaplastic\im_Metaplastic\CROPPED\206_02.bmp,im_Metaplastic
C:\Users\PAVAN H\Downloads\SIPaKMeD\im_Superficial-Intermediate\im_Superficial-Intermediate\CROPPED\078_01.bmp,im_Superficial-Intermediate
C:\Users\PAVAN H\Downloads\SIPaKMeD\im_Dyskeratotic\im_Dyskeratotic\CROPPED\005_07.bmp,im_Dyskeratotic
C:\Users\PAVAN H\Downloads\SIPaKMeD\im_Metaplastic\im_Metaplastic\CROPPED\254_04.bmp,im_Metaplastic
C:\Users\PAVAN H\Downloads\SIPaKMeD\im_Metaplastic\im_Metaplastic\069.bmp,im_Metaplastic
C:\Users\PAVAN H\Downloads\SIPaKMeD\im_Metaplastic\im_Metaplastic\045.bmp,im_Metaplastic
C:\Users\PAVAN H\Downloads\SIPaKMeD\im_Dyskeratotic\im_Dyskeratotic\157.bmp,im_Dyskeratotic
C:\Users\PAVAN H\Downloads\SIPaKMeD\im_Dyskeratotic\im_Dyskeratotic\163.bmp,im_Dyskeratotic
C:\Users\PAVAN H\Downloads\SIPaKMeD\im_Parabasal\im_Parabasal\CROPPED\009_06.bmp,im_Parabasal
C:\Users\PAVAN H\Downloads\SIPaKMeD\im_Koilocytotic\im_Koilocytotic\CROPPED\134_05.bmp,im_Koilocytotic
C:\Users\PAVAN H\Downloads\SIPaKMeD\im_Parabasal\im_Parabasal\CROPPED\044_11.bmp,im_Parabasal
C:\Users\PAVAN H\Downloads\SIPaKMeD\im_Parabasal\im_Parabasal\CROPPED\057_01.bmp,im_Parabasal
C:\Users\PAVAN H\Downloads\SIPaKMeD\im_Metaplastic\im_Metaplastic\CROPPED\065_02.bmp,im_Metaplastic
C:\Users\PAVAN H\Downloads\SIPaKMeD\im_Dyskeratotic\im_Dyskeratotic\CROPPED\186_01.bmp,im_Dyskeratotic
C:\Users\PAVAN H\Downloads\SIPaKMeD\im_Metaplastic\im_Metaplastic\CROPPED\024_09.bmp,im_Metaplastic
C:\Users\PAVAN H\Downloads\SIPaKMeD\im_Koilocytotic\im_Koilocytotic\CROPPED\065_03.bmp,im_Koilocytotic
C:\Users\PAVAN H\Downloads\SIPaKMeD\im_Koilocytotic\im_Koilocytotic\090.bmp,im_Koilocytotic
C:\Users\PAVAN H\Downloads\SIPaKMeD\im_Metaplastic\im_Metaplastic\CROPPED\017_01.bmp,im_Metaplastic
C:\Users\PAVAN H\Downloads\SIPaKMeD\im_Dyskeratotic\im_Dyskeratotic\CROPPED\216_02.bmp,im_Dyskeratotic
C:\Users\PAVAN H\Downloads\SIPaKMeD\im_Dyskeratotic\im_Dyskeratotic\CROPPED\213_01.bmp,im_Dyskeratotic
C:\Users\PAVAN H\Downloads\SIPaKMeD\im_Dyskeratotic\im_Dyskeratotic\160.bmp,im_Dyskeratotic
C:\Users\PAVAN H\Downloads\SIPaKMeD\im_Parabasal\im_Parabasal\CROPPED\009_03.bmp,im_Parabasal
C:\Users\PAVAN H\Downloads\SIPaKMeD\im_Metaplastic\im_Metaplastic\CROPPED\050_01.bmp,im_Metaplastic
C:\Users\PAVAN H\Downloads\SIPaKMeD\im_Koilocytotic\im_Koilocytotic\CROPPED\118_01.bmp,im_Koilocytotic
C:\Users\PAVAN H\Downloads\SIPaKMeD\im_Dyskeratotic\im_Dyskeratotic\CROPPED\141_01.bmp,im_Dyskeratotic
C:\Users\PAVAN H\Downloads\SIPaKMeD\im_Koilocytotic\im_Koilocytotic\CROPPED\090_05.bmp,im_Koilocytotic
C:\Users\PAVAN H\Downloads\SIPaKMeD\im_Metaplastic\im_Metaplastic\CROPPED\004_01.bmp,im_Metaplastic
C:\Users\PAVAN H\Downloads\SIPaKMeD\im_Koilocytotic\im_Koilocytotic\CROPPED\066_02.bmp,im_Koilocytotic
C:\Users\PAVAN H\Downloads\SIPaKMeD\im_Parabasal\im_Parabasal\CROPPED\095_12.bmp,im_Parabasal
C:\Users\PAVAN H\Downloads\SIPaKMeD\im_Dyskeratotic\im_Dyskeratotic\CROPPED\005_05.bmp,im_Dyskeratotic
C:\Users\PAVAN H\Downloads\SIPaKMeD\im_Metaplastic\im_Metaplastic\CROPPED\076_01.bmp,im_Metaplastic
C:\Users\PAVAN H\Downloads\SIPaKMeD\im_Superficial-Intermediate\im_Superficial-Intermediate\CROPPED\020_09.bmp,im_Superficial-Intermediate
C:\Users\PAVAN H\Downloads\SIPaKMeD\im_Parabasal\im_Parabasal\CROPPED\030_03.bmp,im_Parabasal
C:\Users\PAVAN H\Downloads\SIPaKMeD\im_Koilocytotic\im_Koilocytotic\CROPPED\113_07.bmp,im_Koilocytotic
C:\Users\PAVAN H\Downloads\SIPaKMeD\im_Superficial-Intermediate\im_Superficial-Intermediate\CROPPED\051_01.bmp,im_Superficial-Intermediate
C:\Users\PAVAN H\Downloads\SIPaKMeD\im_Superficial-Intermediate\im_Superficial-Intermediate\CROPPED\020_13.bmp,im_Superficial-Intermediate
C:\Users\PAVAN H\Downloads\SIPaKMeD\im_Parabasal\im_Parabasal\CROPPED\030_02.bmp,im_Parabasal
C:\Users\PAVAN H\Downloads\SIPaKMeD\im_Koilocytotic\im_Koilocytotic\193.bmp,im_Koilocytotic
C:\Users\PAVAN H\Downloads\SIPaKMeD\im_Koilocytotic\im_Koilocytotic\CROPPED\086_01.bmp,im_Koilocytotic
C:\Users\PAVAN H\Downloads\SIPaKMeD\im_Metaplastic\im_Metaplastic\002.bmp,im_Metaplastic
C:\Users\PAVAN H\Downloads\SIPaKMeD\im_Parabasal\im_Parabasal\CROPPED\071_06.bmp,im_Parabasal
C:\Users\PAVAN H\Downloads\SIPaKMeD\im_Koilocytotic\im_Koilocytotic\CROPPED\083_03.bmp,im_Koilocytotic
C:\Users\PAVAN H\Downloads\SIPaKMeD\im_Dyskeratotic\im_Dyskeratotic\101.bmp,im_Dyskeratotic
C:\Users\PAVAN H\Downloads\SIPaKMeD\im_Koilocytotic\im_Koilocytotic\CROPPED\035_01.bmp,im_Koilocytotic
C:\Users\PAVAN H\Downloads\SIPaKMeD\im_Koilocytotic\im_Koilocytotic\CROPPED\178_03.bmp,im_Koilocytotic
C:\Users\PAVAN H\Downloads\SIPaKMeD\im_Metaplastic\im_Metaplastic\CROPPED\118_01.bmp,im_Metaplastic
C:\Users\PAVAN H\Downloads\SIPaKMeD\im_Koilocytotic\im_Koilocytotic\CROPPED\156_02.bmp,im_Koilocytotic
C:\Users\PAVAN H\Downloads\SIPaKMeD\im_Dyskeratotic\im_Dyskeratotic\105.bmp,im_Dyskeratotic
C:\Users\PAVAN H\Downloads\SIPaKMeD\im_Superficial-Intermediate\im_Superficial-Intermediate\CROPPED\066_05.bmp,im_Superficial-Intermediate
C:\Users\PAVAN H\Downloads\SIPaKMeD\im_Koilocytotic\im_Koilocytotic\CROPPED\121_02.bmp,im_Koilocytotic
C:\Users\PAVAN H\Downloads\SIPaKMeD\im_Parabasal\im_Parabasal\CROPPED\024_05.bmp,im_Parabasal
C:\Users\PAVAN H\Downloads\SIPaKMeD\im_Dyskeratotic\im_Dyskeratotic\CROPPED\052_01.bmp,im_Dyskeratotic
C:\Users\PAVAN H\Downloads\SIPaKMeD\im_Koilocytotic\im_Koilocytotic\CROPPED\042_01.bmp,im_Koilocytotic
C:\Users\PAVAN H\Downloads\SIPaKMeD\im_Metaplastic\im_Metaplastic\CROPPED\025_10.bmp,im_Metaplastic
C:\Users\PAVAN H\Downloads\SIPaKMeD\im_Koilocytotic\im_Koilocytotic\CROPPED\042_03.bmp,im_Koilocytotic
C:\Users\PAVAN H\Downloads\SIPaKMeD\im_Metaplastic\im_Metaplastic\CROPPED\126_01.bmp,im_Metaplastic
C:\Users\PAVAN H\Downloads\SIPaKMeD\im_Koilocytotic\im_Koilocytotic\107.bmp,im_Koilocytotic
C:\Users\PAVAN H\Downloads\SIPaKMeD\im_Superficial-Intermediate\im_Superficial-Intermediate\073.bmp,im_Superficial-Intermediate
C:\Users\PAVAN H\Downloads\SIPaKMeD\im_Dyskeratotic\im_Dyskeratotic\CROPPED\163_02.bmp,im_Dyskeratotic
C:\Users\PAVAN H\Downloads\SIPaKMeD\im_Dyskeratotic\im_Dyskeratotic\CROPPED\103_03.bmp,im_Dyskeratotic
C:\Users\PAVAN H\Downloads\SIPaKMeD\im_Dyskeratotic\im_Dyskeratotic\197.bmp,im_Dyskeratotic
C:\Users\PAVAN H\Downloads\SIPaKMeD\im_Metaplastic\im_Metaplastic\230.bmp,im_Metaplastic
C:\Users\PAVAN H\Downloads\SIPaKMeD\im_Superficial-Intermediate\im_Superficial-Intermediate\103.bmp,im_Superficial-Intermediate
C:\Users\PAVAN H\Downloads\SIPaKMeD\im_Superficial-Intermediate\im_Superficial-Intermediate\CROPPED\108_02.bmp,im_Superficial-Intermediate
C:\Users\PAVAN H\Downloads\SIPaKMeD\im_Superficial-Intermediate\im_Superficial-Intermediate\CROPPED\072_05.bmp,im_Superficial-Intermediate
C:\Users\PAVAN H\Downloads\SIPaKMeD\im_Superficial-Intermediate\im_Superficial-Intermediate\CROPPED\009_03.bmp,im_Superficial-Intermediate
C:\Users\PAVAN H\Downloads\SIPaKMeD\im_Parabasal\im_Parabasal\CROPPED\054_05.bmp,im_Parabasal
C:\Users\PAVAN H\Downloads\SIPaKMeD\im_Dyskeratotic\im_Dyskeratotic\CROPPED\059_06.bmp,im_Dyskeratotic
C:\Users\PAVAN H\Downloads\SIPaKMeD\im_Parabasal\im_Parabasal\CROPPED\102_08.bmp,im_Parabasal
C:\Users\PAVAN H\Downloads\SIPaKMeD\im_Parabasal\im_Parabasal\CROPPED\093_24.bmp,im_Parabasal
C:\Users\PAVAN H\Downloads\SIPaKMeD\im_Metaplastic\im_Metaplastic\CROPPED\091_04.bmp,im_Metaplastic
C:\Users\PAVAN H\Downloads\SIPaKMeD\im_Dyskeratotic\im_Dyskeratotic\CROPPED\101_05.bmp,im_Dyskeratotic
C:\Users\PAVAN H\Downloads\SIPaKMeD\im_Koilocytotic\im_Koilocytotic\CROPPED\100_01.bmp,im_Koilocytotic
C:\Users\PAVAN H\Downloads\SIPaKMeD\im_Parabasal\im_Parabasal\CROPPED\093_17.bmp,im_Parabasal
C:\Users\PAVAN H\Downloads\SIPaKMeD\im_Metaplastic\im_Metaplastic\CROPPED\069_06.bmp,im_Metaplastic
C:\Users\PAVAN H\Downloads\SIPaKMeD\im_Parabasal\im_Parabasal\CROPPED\066_02.bmp,im_Parabasal
C:\Users\PAVAN H\Downloads\SIPaKMeD\im_Superficial-Intermediate\im_Superficial-Intermediate\CROPPED\123_05.bmp,im_Superficial-Intermediate
C:\Users\PAVAN H\Downloads\SIPaKMeD\im_Parabasal\im_Parabasal\CROPPED\025_02.bmp,im_Parabasal
C:\Users\PAVAN H\Downloads\SIPaKMeD\im_Koilocytotic\im_Koilocytotic\CROPPED\209_01.bmp,im_Koilocytotic
C:\Users\PAVAN H\Downloads\SIPaKMeD\im_Dyskeratotic\im_Dyskeratotic\CROPPED\219_08.bmp,im_Dyskeratotic
C:\Users\PAVAN H\Downloads\SIPaKMeD\im_Superficial-Intermediate\im_Superficial-Intermediate\CROPPED\064_05.bmp,im_Superficial-Intermediate
C:\Users\PAVAN H\Downloads\SIPaKMeD\im_Dyskeratotic\im_Dyskeratotic\CROPPED\137_02.bmp,im_Dyskeratotic
C:\Users\PAVAN H\Downloads\SIPaKMeD\im_Parabasal\im_Parabasal\CROPPED\050_08.bmp,im_Parabasal
C:\Users\PAVAN H\Downloads\SIPaKMeD\im_Superficial-Intermediate\im_Superficial-Intermediate\CROPPED\081_03.bmp,im_Superficial-Intermediate
C:\Users\PAVAN H\Downloads\SIPaKMeD\im_Parabasal\im_Parabasal\CROPPED\057_04.bmp,im_Parabasal
C:\Users\PAVAN H\Downloads\SIPaKMeD\im_Dyskeratotic\im_Dyskeratotic\CROPPED\006_03.bmp,im_Dyskeratotic
C:\Users\PAVAN H\Downloads\SIPaKMeD\im_Metaplastic\im_Metaplastic\164.bmp,im_Metaplastic
C:\Users\PAVAN H\Downloads\SIPaKMeD\im_Dyskeratotic\im_Dyskeratotic\CROPPED\126_01.bmp,im_Dyskeratotic
C:\Users\PAVAN H\Downloads\SIPaKMeD\im_Dyskeratotic\im_Dyskeratotic\CROPPED\203_04.bmp,im_Dyskeratotic
C:\Users\PAVAN H\Downloads\SIPaKMeD\im_Parabasal\im_Parabasal\CROPPED\005_01.bmp,im_Parabasal
C:\Users\PAVAN H\Downloads\SIPaKMeD\im_Parabasal\im_Parabasal\CROPPED\054_07.bmp,im_Parabasal
C:\Users\PAVAN H\Downloads\SIPaKMeD\im_Koilocytotic\im_Koilocytotic\156.bmp,im_Koilocytotic
C:\Users\PAVAN H\Downloads\SIPaKMeD\im_Dyskeratotic\im_Dyskeratotic\CROPPED\069_05.bmp,im_Dyskeratotic
C:\Users\PAVAN H\Downloads\SIPaKMeD\im_Dyskeratotic\im_Dyskeratotic\210.bmp,im_Dyskeratotic
C:\Users\PAVAN H\Downloads\SIPaKMeD\im_Dyskeratotic\im_Dyskeratotic\CROPPED\168_03.bmp,im_Dyskeratotic
C:\Users\PAVAN H\Downloads\SIPaKMeD\im_Superficial-Intermediate\im_Superficial-Intermediate\CROPPED\014_06.bmp,im_Superficial-Intermediate
C:\Users\PAVAN H\Downloads\SIPaKMeD\im_Dyskeratotic\im_Dyskeratotic\CROPPED\139_02.bmp,im_Dyskeratotic
C:\Users\PAVAN H\Downloads\SIPaKMeD\im_Dyskeratotic\im_Dyskeratotic\CROPPED\113_02.bmp,im_Dyskeratotic
C:\Users\PAVAN H\Downloads\SIPaKMeD\im_Koilocytotic\im_Koilocytotic\CROPPED\185_01.bmp,im_Koilocytotic
C:\Users\PAVAN H\Downloads\SIPaKMeD\im_Parabasal\im_Parabasal\CROPPED\025_03.bmp,im_Parabasal
C:\Users\PAVAN H\Downloads\SIPaKMeD\im_Koilocytotic\im_Koilocytotic\CROPPED\121_06.bmp,im_Koilocytotic
C:\Users\PAVAN H\Downloads\SIPaKMeD\im_Parabasal\im_Parabasal\CROPPED\089_04.bmp,im_Parabasal
C:\Users\PAVAN H\Downloads\SIPaKMeD\im_Metaplastic\im_Metaplastic\183.bmp,im_Metaplastic
C:\Users\PAVAN H\Downloads\SIPaKMeD\im_Superficial-Intermediate\im_Superficial-Intermediate\CROPPED\123_02.bmp,im_Superficial-Intermediate
C:\Users\PAVAN H\Downloads\SIPaKMeD\im_Metaplastic\im_Metaplastic\CROPPED\024_02.bmp,im_Metaplastic
C:\Users\PAVAN H\Downloads\SIPaKMeD\im_Metaplastic\im_Metaplastic\CROPPED\262_01.bmp,im_Metaplastic
C:\Users\PAVAN H\Downloads\SIPaKMeD\im_Koilocytotic\im_Koilocytotic\CROPPED\237_01.bmp,im_Koilocytotic
C:\Users\PAVAN H\Downloads\SIPaKMeD\im_Dyskeratotic\im_Dyskeratotic\CROPPED\073_04.bmp,im_Dyskeratotic
C:\Users\PAVAN H\Downloads\SIPaKMeD\im_Koilocytotic\im_Koilocytotic\CROPPED\198_01.bmp,im_Koilocytotic
C:\Users\PAVAN H\Downloads\SIPaKMeD\im_Metaplastic\im_Metaplastic\CROPPED\127_01.bmp,im_Metaplastic
C:\Users\PAVAN H\Downloads\SIPaKMeD\im_Koilocytotic\im_Koilocytotic\CROPPED\190_01.bmp,im_Koilocytotic
C:\Users\PAVAN H\Downloads\SIPaKMeD\im_Metaplastic\im_Metaplastic\CROPPED\132_01.bmp,im_Metaplastic
C:\Users\PAVAN H\Downloads\SIPaKMeD\im_Koilocytotic\im_Koilocytotic\CROPPED\140_11.bmp,im_Koilocytotic
C:\Users\PAVAN H\Downloads\SIPaKMeD\im_Dyskeratotic\im_Dyskeratotic\038.bmp,im_Dyskeratotic
C:\Users\PAVAN H\Downloads\SIPaKMeD\im_Metaplastic\im_Metaplastic\CROPPED\208_03.bmp,im_Metaplastic
C:\Users\PAVAN H\Downloads\SIPaKMeD\im_Dyskeratotic\im_Dyskeratotic\CROPPED\059_13.bmp,im_Dyskeratotic
C:\Users\PAVAN H\Downloads\SIPaKMeD\im_Koilocytotic\im_Koilocytotic\CROPPED\054_01.bmp,im_Koilocytotic
C:\Users\PAVAN H\Downloads\SIPaKMeD\im_Parabasal\im_Parabasal\CROPPED\034_03.bmp,im_Parabasal
C:\Users\PAVAN H\Downloads\SIPaKMeD\im_Metaplastic\im_Metaplastic\CROPPED\230_02.bmp,im_Metaplastic
C:\Users\PAVAN H\Downloads\SIPaKMeD\im_Koilocytotic\im_Koilocytotic\CROPPED\150_01.bmp,im_Koilocytotic
C:\Users\PAVAN H\Downloads\SIPaKMeD\im_Koilocytotic\im_Koilocytotic\CROPPED\123_08.bmp,im_Koilocytotic
C:\Users\PAVAN H\Downloads\SIPaKMeD\im_Parabasal\im_Parabasal\CROPPED\037_04.bmp,im_Parabasal
C:\Users\PAVAN H\Downloads\SIPaKMeD\im_Superficial-Intermediate\im_Superficial-Intermediate\CROPPED\073_04.bmp,im_Superficial-Intermediate
C:\Users\PAVAN H\Downloads\SIPaKMeD\im_Metaplastic\im_Metaplastic\CROPPED\136_01.bmp,im_Metaplastic
C:\Users\PAVAN H\Downloads\SIPaKMeD\im_Koilocytotic\im_Koilocytotic\CROPPED\134_03.bmp,im_Koilocytotic
C:\Users\PAVAN H\Downloads\SIPaKMeD\im_Koilocytotic\im_Koilocytotic\CROPPED\184_01.bmp,im_Koilocytotic
C:\Users\PAVAN H\Downloads\SIPaKMeD\im_Parabasal\im_Parabasal\CROPPED\042_11.bmp,im_Parabasal
C:\Users\PAVAN H\Downloads\SIPaKMeD\im_Koilocytotic\im_Koilocytotic\CROPPED\123_10.bmp,im_Koilocytotic
C:\Users\PAVAN H\Downloads\SIPaKMeD\im_Koilocytotic\im_Koilocytotic\066.bmp,im_Koilocytotic
C:\Users\PAVAN H\Downloads\SIPaKMeD\im_Parabasal\im_Parabasal\CROPPED\095_07.bmp,im_Parabasal
C:\Users\PAVAN H\Downloads\SIPaKMeD\im_Superficial-Intermediate\im_Superficial-Intermediate\CROPPED\121_06.bmp,im_Superficial-Intermediate
C:\Users\PAVAN H\Downloads\SIPaKMeD\im_Parabasal\im_Parabasal\CROPPED\009_02.bmp,im_Parabasal
C:\Users\PAVAN H\Downloads\SIPaKMeD\im_Koilocytotic\im_Koilocytotic\052.bmp,im_Koilocytotic
C:\Users\PAVAN H\Downloads\SIPaKMeD\im_Superficial-Intermediate\im_Superficial-Intermediate\042.bmp,im_Superficial-Intermediate
C:\Users\PAVAN H\Downloads\SIPaKMeD\im_Metaplastic\im_Metaplastic\CROPPED\110_01.bmp,im_Metaplastic
C:\Users\PAVAN H\Downloads\SIPaKMeD\im_Metaplastic\im_Metaplastic\CROPPED\106_01.bmp,im_Metaplastic
C:\Users\PAVAN H\Downloads\SIPaKMeD\im_Koilocytotic\im_Koilocytotic\CROPPED\189_01.bmp,im_Koilocytotic
C:\Users\PAVAN H\Downloads\SIPaKMeD\im_Superficial-Intermediate\im_Superficial-Intermediate\CROPPED\118_03.bmp,im_Superficial-Intermediate
C:\Users\PAVAN H\Downloads\SIPaKMeD\im_Koilocytotic\im_Koilocytotic\CROPPED\003_01.bmp,im_Koilocytotic
C:\Users\PAVAN H\Downloads\SIPaKMeD\im_Metaplastic\im_Metaplastic\014.bmp,im_Metaplastic
C:\Users\PAVAN H\Downloads\SIPaKMeD\im_Parabasal\im_Parabasal\CROPPED\039_02.bmp,im_Parabasal
C:\Users\PAVAN H\Downloads\SIPaKMeD\im_Dyskeratotic\im_Dyskeratotic\185.bmp,im_Dyskeratotic
C:\Users\PAVAN H\Downloads\SIPaKMeD\im_Metaplastic\im_Metaplastic\203.bmp,im_Metaplastic
C:\Users\PAVAN H\Downloads\SIPaKMeD\im_Superficial-Intermediate\im_Superficial-Intermediate\CROPPED\020_11.bmp,im_Superficial-Intermediate
C:\Users\PAVAN H\Downloads\SIPaKMeD\im_Parabasal\im_Parabasal\CROPPED\072_02.bmp,im_Parabasal
C:\Users\PAVAN H\Downloads\SIPaKMeD\im_Dyskeratotic\im_Dyskeratotic\CROPPED\066_06.bmp,im_Dyskeratotic
C:\Users\PAVAN H\Downloads\SIPaKMeD\im_Dyskeratotic\im_Dyskeratotic\CROPPED\124_02.bmp,im_Dyskeratotic
C:\Users\PAVAN H\Downloads\SIPaKMeD\im_Metaplastic\im_Metaplastic\CROPPED\002_07.bmp,im_Metaplastic
C:\Users\PAVAN H\Downloads\SIPaKMeD\im_Superficial-Intermediate\im_Superficial-Intermediate\CROPPED\066_07.bmp,im_Superficial-Intermediate
C:\Users\PAVAN H\Downloads\SIPaKMeD\im_Superficial-Intermediate\im_Superficial-Intermediate\CROPPED\084_02.bmp,im_Superficial-Intermediate
C:\Users\PAVAN H\Downloads\SIPaKMeD\im_Parabasal\im_Parabasal\CROPPED\089_06.bmp,im_Parabasal
C:\Users\PAVAN H\Downloads\SIPaKMeD\im_Koilocytotic\im_Koilocytotic\CROPPED\128_02.bmp,im_Koilocytotic
C:\Users\PAVAN H\Downloads\SIPaKMeD\im_Koilocytotic\im_Koilocytotic\CROPPED\099_09.bmp,im_Koilocytotic
C:\Users\PAVAN H\Downloads\SIPaKMeD\im_Superficial-Intermediate\im_Superficial-Intermediate\CROPPED\103_07.bmp,im_Superficial-Intermediate
C:\Users\PAVAN H\Downloads\SIPaKMeD\im_Koilocytotic\im_Koilocytotic\CROPPED\099_15.bmp,im_Koilocytotic
C:\Users\PAVAN H\Downloads\SIPaKMeD\im_Parabasal\im_Parabasal\CROPPED\067_01.bmp,im_Parabasal
C:\Users\PAVAN H\Downloads\SIPaKMeD\im_Koilocytotic\im_Koilocytotic\143.bmp,im_Koilocytotic
C:\Users\PAVAN H\Downloads\SIPaKMeD\im_Dyskeratotic\im_Dyskeratotic\162.bmp,im_Dyskeratotic
C:\Users\PAVAN H\Downloads\SIPaKMeD\im_Superficial-Intermediate\im_Superficial-Intermediate\CROPPED\058_06.bmp,im_Superficial-Intermediate
C:\Users\PAVAN H\Downloads\SIPaKMeD\im_Metaplastic\im_Metaplastic\CROPPED\268_05.bmp,im_Metaplastic
C:\Users\PAVAN H\Downloads\SIPaKMeD\im_Superficial-Intermediate\im_Superficial-Intermediate\CROPPED\100_03.bmp,im_Superficial-Intermediate
C:\Users\PAVAN H\Downloads\SIPaKMeD\im_Metaplastic\im_Metaplastic\CROPPED\186_01.bmp,im_Metaplastic
C:\Users\PAVAN H\Downloads\SIPaKMeD\im_Superficial-Intermediate\im_Superficial-Intermediate\CROPPED\014_03.bmp,im_Superficial-Intermediate
C:\Users\PAVAN H\Downloads\SIPaKMeD\im_Parabasal\im_Parabasal\CROPPED\071_05.bmp,im_Parabasal
C:\Users\PAVAN H\Downloads\SIPaKMeD\im_Metaplastic\im_Metaplastic\152.bmp,im_Metaplastic
C:\Users\PAVAN H\Downloads\SIPaKMeD\im_Metaplastic\im_Metaplastic\CROPPED\054_01.bmp,im_Metaplastic
C:\Users\PAVAN H\Downloads\SIPaKMeD\im_Metaplastic\im_Metaplastic\CROPPED\262_03.bmp,im_Metaplastic
C:\Users\PAVAN H\Downloads\SIPaKMeD\im_Dyskeratotic\im_Dyskeratotic\CROPPED\035_02.bmp,im_Dyskeratotic
C:\Users\PAVAN H\Downloads\SIPaKMeD\im_Metaplastic\im_Metaplastic\173.bmp,im_Metaplastic
C:\Users\PAVAN H\Downloads\SIPaKMeD\im_Dyskeratotic\im_Dyskeratotic\CROPPED\038_02.bmp,im_Dyskeratotic
C:\Users\PAVAN H\Downloads\SIPaKMeD\im_Dyskeratotic\im_Dyskeratotic\CROPPED\141_04.bmp,im_Dyskeratotic
C:\Users\PAVAN H\Downloads\SIPaKMeD\im_Metaplastic\im_Metaplastic\CROPPED\088_04.bmp,im_Metaplastic
C:\Users\PAVAN H\Downloads\SIPaKMeD\im_Parabasal\im_Parabasal\CROPPED\065_01.bmp,im_Parabasal
C:\Users\PAVAN H\Downloads\SIPaKMeD\im_Parabasal\im_Parabasal\CROPPED\066_06.bmp,im_Parabasal
C:\Users\PAVAN H\Downloads\SIPaKMeD\im_Koilocytotic\im_Koilocytotic\CROPPED\228_01.bmp,im_Koilocytotic
C:\Users\PAVAN H\Downloads\SIPaKMeD\im_Superficial-Intermediate\im_Superficial-Intermediate\CROPPED\098_07.bmp,im_Superficial-Intermediate
C:\Users\PAVAN H\Downloads\SIPaKMeD\im_Dyskeratotic\im_Dyskeratotic\194.bmp,im_Dyskeratotic
C:\Users\PAVAN H\Downloads\SIPaKMeD\im_Koilocytotic\im_Koilocytotic\CROPPED\067_02.bmp,im_Koilocytotic
C:\Users\PAVAN H\Downloads\SIPaKMeD\im_Metaplastic\im_Metaplastic\102.bmp,im_Metaplastic
C:\Users\PAVAN H\Downloads\SIPaKMeD\im_Parabasal\im_Parabasal\CROPPED\069_12.bmp,im_Parabasal
C:\Users\PAVAN H\Downloads\SIPaKMeD\im_Dyskeratotic\im_Dyskeratotic\CROPPED\135_02.bmp,im_Dyskeratotic
C:\Users\PAVAN H\Downloads\SIPaKMeD\im_Metaplastic\im_Metaplastic\042.bmp,im_Metaplastic
C:\Users\PAVAN H\Downloads\SIPaKMeD\im_Superficial-Intermediate\im_Superficial-Intermediate\CROPPED\023_12.bmp,im_Superficial-Intermediate
C:\Users\PAVAN H\Downloads\SIPaKMeD\im_Dyskeratotic\im_Dyskeratotic\CROPPED\010_02.bmp,im_Dyskeratotic
C:\Users\PAVAN H\Downloads\SIPaKMeD\im_Superficial-Intermediate\im_Superficial-Intermediate\CROPPED\070_04.bmp,im_Superficial-Intermediate
C:\Users\PAVAN H\Downloads\SIPaKMeD\im_Dyskeratotic\im_Dyskeratotic\CROPPED\173_04.bmp,im_Dyskeratotic
C:\Users\PAVAN H\Downloads\SIPaKMeD\im_Dyskeratotic\im_Dyskeratotic\CROPPED\010_04.bmp,im_Dyskeratotic
C:\Users\PAVAN H\Downloads\SIPaKMeD\im_Metaplastic\im_Metaplastic\261.bmp,im_Metaplastic
C:\Users\PAVAN H\Downloads\SIPaKMeD\im_Parabasal\im_Parabasal\CROPPED\056_02.bmp,im_Parabasal
C:\Users\PAVAN H\Downloads\SIPaKMeD\im_Metaplastic\im_Metaplastic\CROPPED\167_01.bmp,im_Metaplastic
C:\Users\PAVAN H\Downloads\SIPaKMeD\im_Dyskeratotic\im_Dyskeratotic\CROPPED\156_03.bmp,im_Dyskeratotic
C:\Users\PAVAN H\Downloads\SIPaKMeD\im_Parabasal\im_Parabasal\CROPPED\085_02.bmp,im_Parabasal
C:\Users\PAVAN H\Downloads\SIPaKMeD\im_Metaplastic\im_Metaplastic\150.bmp,im_Metaplastic
C:\Users\PAVAN H\Downloads\SIPaKMeD\im_Koilocytotic\im_Koilocytotic\144.bmp,im_Koilocytotic
C:\Users\PAVAN H\Downloads\SIPaKMeD\im_Superficial-Intermediate\im_Superficial-Intermediate\084.bmp,im_Superficial-Intermediate
C:\Users\PAVAN H\Downloads\SIPaKMeD\im_Koilocytotic\im_Koilocytotic\010.bmp,im_Koilocytotic
C:\Users\PAVAN H\Downloads\SIPaKMeD\im_Koilocytotic\im_Koilocytotic\CROPPED\090_01.bmp,im_Koilocytotic
C:\Users\PAVAN H\Downloads\SIPaKMeD\im_Metaplastic\im_Metaplastic\CROPPED\144_02.bmp,im_Metaplastic
C:\Users\PAVAN H\Downloads\SIPaKMeD\im_Dyskeratotic\im_Dyskeratotic\CROPPED\137_01.bmp,im_Dyskeratotic
C:\Users\PAVAN H\Downloads\SIPaKMeD\im_Koilocytotic\im_Koilocytotic\CROPPED\037_01.bmp,im_Koilocytotic
C:\Users\PAVAN H\Downloads\SIPaKMeD\im_Koilocytotic\im_Koilocytotic\CROPPED\099_04.bmp,im_Koilocytotic
C:\Users\PAVAN H\Downloads\SIPaKMeD\im_Dyskeratotic\im_Dyskeratotic\CROPPED\114_10.bmp,im_Dyskeratotic
C:\Users\PAVAN H\Downloads\SIPaKMeD\im_Metaplastic\im_Metaplastic\CROPPED\222_01.bmp,im_Metaplastic
C:\Users\PAVAN H\Downloads\SIPaKMeD\im_Parabasal\im_Parabasal\CROPPED\077_01.bmp,im_Parabasal
C:\Users\PAVAN H\Downloads\SIPaKMeD\im_Superficial-Intermediate\im_Superficial-Intermediate\CROPPED\053_07.bmp,im_Superficial-Intermediate
C:\Users\PAVAN H\Downloads\SIPaKMeD\im_Koilocytotic\im_Koilocytotic\CROPPED\006_02.bmp,im_Koilocytotic
C:\Users\PAVAN H\Downloads\SIPaKMeD\im_Koilocytotic\im_Koilocytotic\CROPPED\042_02.bmp,im_Koilocytotic
C:\Users\PAVAN H\Downloads\SIPaKMeD\im_Superficial-Intermediate\im_Superficial-Intermediate\CROPPED\017_08.bmp,im_Superficial-Intermediate
C:\Users\PAVAN H\Downloads\SIPaKMeD\im_Metaplastic\im_Metaplastic\CROPPED\074_04.bmp,im_Metaplastic
C:\Users\PAVAN H\Downloads\SIPaKMeD\im_Dyskeratotic\im_Dyskeratotic\CROPPED\067_20.bmp,im_Dyskeratotic
C:\Users\PAVAN H\Downloads\SIPaKMeD\im_Dyskeratotic\im_Dyskeratotic\005.bmp,im_Dyskeratotic
C:\Users\PAVAN H\Downloads\SIPaKMeD\im_Dyskeratotic\im_Dyskeratotic\CROPPED\113_05.bmp,im_Dyskeratotic
C:\Users\PAVAN H\Downloads\SIPaKMeD\im_Parabasal\im_Parabasal\CROPPED\070_09.bmp,im_Parabasal
C:\Users\PAVAN H\Downloads\SIPaKMeD\im_Dyskeratotic\im_Dyskeratotic\CROPPED\157_01.bmp,im_Dyskeratotic
C:\Users\PAVAN H\Downloads\SIPaKMeD\im_Dyskeratotic\im_Dyskeratotic\CROPPED\037_03.bmp,im_Dyskeratotic
C:\Users\PAVAN H\Downloads\SIPaKMeD\im_Koilocytotic\im_Koilocytotic\CROPPED\068_01.bmp,im_Koilocytotic
C:\Users\PAVAN H\Downloads\SIPaKMeD\im_Koilocytotic\im_Koilocytotic\CROPPED\226_01.bmp,im_Koilocytotic
C:\Users\PAVAN H\Downloads\SIPaKMeD\im_Superficial-Intermediate\im_Superficial-Intermediate\CROPPED\082_05.bmp,im_Superficial-Intermediate
C:\Users\PAVAN H\Downloads\SIPaKMeD\im_Dyskeratotic\im_Dyskeratotic\077.bmp,im_Dyskeratotic
C:\Users\PAVAN H\Downloads\SIPaKMeD\im_Dyskeratotic\im_Dyskeratotic\CROPPED\111_06.bmp,im_Dyskeratotic
C:\Users\PAVAN H\Downloads\SIPaKMeD\im_Parabasal\im_Parabasal\CROPPED\057_15.bmp,im_Parabasal
C:\Users\PAVAN H\Downloads\SIPaKMeD\im_Koilocytotic\im_Koilocytotic\CROPPED\082_03.bmp,im_Koilocytotic
C:\Users\PAVAN H\Downloads\SIPaKMeD\im_Metaplastic\im_Metaplastic\237.bmp,im_Metaplastic
C:\Users\PAVAN H\Downloads\SIPaKMeD\im_Dyskeratotic\im_Dyskeratotic\CROPPED\219_01.bmp,im_Dyskeratotic
C:\Users\PAVAN H\Downloads\SIPaKMeD\im_Koilocytotic\im_Koilocytotic\CROPPED\053_01.bmp,im_Koilocytotic
C:\Users\PAVAN H\Downloads\SIPaKMeD\im_Superficial-Intermediate\im_Superficial-Intermediate\CROPPED\017_01.bmp,im_Superficial-Intermediate
C:\Users\PAVAN H\Downloads\SIPaKMeD\im_Metaplastic\im_Metaplastic\CROPPED\095_01.bmp,im_Metaplastic
C:\Users\PAVAN H\Downloads\SIPaKMeD\im_Koilocytotic\im_Koilocytotic\149.bmp,im_Koilocytotic
C:\Users\PAVAN H\Downloads\SIPaKMeD\im_Koilocytotic\im_Koilocytotic\CROPPED\097_10.bmp,im_Koilocytotic
C:\Users\PAVAN H\Downloads\SIPaKMeD\im_Superficial-Intermediate\im_Superficial-Intermediate\CROPPED\054_05.bmp,im_Superficial-Intermediate
C:\Users\PAVAN H\Downloads\SIPaKMeD\im_Superficial-Intermediate\im_Superficial-Intermediate\CROPPED\080_10.bmp,im_Superficial-Intermediate
C:\Users\PAVAN H\Downloads\SIPaKMeD\im_Parabasal\im_Parabasal\CROPPED\038_06.bmp,im_Parabasal
C:\Users\PAVAN H\Downloads\SIPaKMeD\im_Dyskeratotic\im_Dyskeratotic\CROPPED\141_07.bmp,im_Dyskeratotic
C:\Users\PAVAN H\Downloads\SIPaKMeD\im_Koilocytotic\im_Koilocytotic\CROPPED\096_02.bmp,im_Koilocytotic
C:\Users\PAVAN H\Downloads\SIPaKMeD\im_Metaplastic\im_Metaplastic\CROPPED\024_06.bmp,im_Metaplastic
C:\Users\PAVAN H\Downloads\SIPaKMeD\im_Parabasal\im_Parabasal\CROPPED\062_04.bmp,im_Parabasal
C:\Users\PAVAN H\Downloads\SIPaKMeD\im_Parabasal\im_Parabasal\CROPPED\055_04.bmp,im_Parabasal
C:\Users\PAVAN H\Downloads\SIPaKMeD\im_Superficial-Intermediate\im_Superficial-Intermediate\CROPPED\015_01.bmp,im_Superficial-Intermediate
C:\Users\PAVAN H\Downloads\SIPaKMeD\im_Parabasal\im_Parabasal\CROPPED\062_03.bmp,im_Parabasal
C:\Users\PAVAN H\Downloads\SIPaKMeD\im_Dyskeratotic\im_Dyskeratotic\178.bmp,im_Dyskeratotic
C:\Users\PAVAN H\Downloads\SIPaKMeD\im_Dyskeratotic\im_Dyskeratotic\CROPPED\136_01.bmp,im_Dyskeratotic
C:\Users\PAVAN H\Downloads\SIPaKMeD\im_Koilocytotic\im_Koilocytotic\209.bmp,im_Koilocytotic
C:\Users\PAVAN H\Downloads\SIPaKMeD\im_Superficial-Intermediate\im_Superficial-Intermediate\CROPPED\008_02.bmp,im_Superficial-Intermediate
C:\Users\PAVAN H\Downloads\SIPaKMeD\im_Metaplastic\im_Metaplastic\071.bmp,im_Metaplastic
C:\Users\PAVAN H\Downloads\SIPaKMeD\im_Superficial-Intermediate\im_Superficial-Intermediate\125.bmp,im_Superficial-Intermediate
C:\Users\PAVAN H\Downloads\SIPaKMeD\im_Koilocytotic\im_Koilocytotic\054.bmp,im_Koilocytotic
C:\Users\PAVAN H\Downloads\SIPaKMeD\im_Metaplastic\im_Metaplastic\CROPPED\045_01.bmp,im_Metaplastic
C:\Users\PAVAN H\Downloads\SIPaKMeD\im_Koilocytotic\im_Koilocytotic\079.bmp,im_Koilocytotic
C:\Users\PAVAN H\Downloads\SIPaKMeD\im_Koilocytotic\im_Koilocytotic\CROPPED\112_01.bmp,im_Koilocytotic
C:\Users\PAVAN H\Downloads\SIPaKMeD\im_Metaplastic\im_Metaplastic\CROPPED\102_06.bmp,im_Metaplastic
C:\Users\PAVAN H\Downloads\SIPaKMeD\im_Superficial-Intermediate\im_Superficial-Intermediate\CROPPED\116_02.bmp,im_Superficial-Intermediate
C:\Users\PAVAN H\Downloads\SIPaKMeD\im_Superficial-Intermediate\im_Superficial-Intermediate\CROPPED\082_01.bmp,im_Superficial-Intermediate
C:\Users\PAVAN H\Downloads\SIPaKMeD\im_Metaplastic\im_Metaplastic\CROPPED\074_01.bmp,im_Metaplastic
C:\Users\PAVAN H\Downloads\SIPaKMeD\im_Dyskeratotic\im_Dyskeratotic\075.bmp,im_Dyskeratotic
C:\Users\PAVAN H\Downloads\SIPaKMeD\im_Dyskeratotic\im_Dyskeratotic\CROPPED\218_03.bmp,im_Dyskeratotic
C:\Users\PAVAN H\Downloads\SIPaKMeD\im_Parabasal\im_Parabasal\CROPPED\106_04.bmp,im_Parabasal
C:\Users\PAVAN H\Downloads\SIPaKMeD\im_Dyskeratotic\im_Dyskeratotic\CROPPED\135_03.bmp,im_Dyskeratotic
C:\Users\PAVAN H\Downloads\SIPaKMeD\im_Dyskeratotic\im_Dyskeratotic\010.bmp,im_Dyskeratotic
C:\Users\PAVAN H\Downloads\SIPaKMeD\im_Superficial-Intermediate\im_Superficial-Intermediate\CROPPED\065_04.bmp,im_Superficial-Intermediate
C:\Users\PAVAN H\Downloads\SIPaKMeD\im_Metaplastic\im_Metaplastic\254.bmp,im_Metaplastic
C:\Users\PAVAN H\Downloads\SIPaKMeD\im_Metaplastic\im_Metaplastic\120.bmp,im_Metaplastic
C:\Users\PAVAN H\Downloads\SIPaKMeD\im_Superficial-Intermediate\im_Superficial-Intermediate\CROPPED\007_10.bmp,im_Superficial-Intermediate
C:\Users\PAVAN H\Downloads\SIPaKMeD\im_Koilocytotic\im_Koilocytotic\CROPPED\033_03.bmp,im_Koilocytotic
C:\Users\PAVAN H\Downloads\SIPaKMeD\im_Dyskeratotic\im_Dyskeratotic\CROPPED\160_01.bmp,im_Dyskeratotic
C:\Users\PAVAN H\Downloads\SIPaKMeD\im_Parabasal\im_Parabasal\030.bmp,im_Parabasal
C:\Users\PAVAN H\Downloads\SIPaKMeD\im_Parabasal\im_Parabasal\CROPPED\070_01.bmp,im_Parabasal
C:\Users\PAVAN H\Downloads\SIPaKMeD\im_Parabasal\im_Parabasal\CROPPED\102_11.bmp,im_Parabasal
C:\Users\PAVAN H\Downloads\SIPaKMeD\im_Metaplastic\im_Metaplastic\CROPPED\141_08.bmp,im_Metaplastic
C:\Users\PAVAN H\Downloads\SIPaKMeD\im_Koilocytotic\im_Koilocytotic\CROPPED\107_09.bmp,im_Koilocytotic
C:\Users\PAVAN H\Downloads\SIPaKMeD\im_Superficial-Intermediate\im_Superficial-Intermediate\CROPPED\001_03.bmp,im_Superficial-Intermediate
C:\Users\PAVAN H\Downloads\SIPaKMeD\im_Metaplastic\im_Metaplastic\CROPPED\116_03.bmp,im_Metaplastic
C:\Users\PAVAN H\Downloads\SIPaKMeD\im_Superficial-Intermediate\im_Superficial-Intermediate\112.bmp,im_Superficial-Intermediate
C:\Users\PAVAN H\Downloads\SIPaKMeD\im_Superficial-Intermediate\im_Superficial-Intermediate\CROPPED\126_05.bmp,im_Superficial-Intermediate
C:\Users\PAVAN H\Downloads\SIPaKMeD\im_Metaplastic\im_Metaplastic\CROPPED\179_01.bmp,im_Metaplastic
C:\Users\PAVAN H\Downloads\SIPaKMeD\im_Parabasal\im_Parabasal\CROPPED\024_01.bmp,im_Parabasal
C:\Users\PAVAN H\Downloads\SIPaKMeD\im_Koilocytotic\im_Koilocytotic\CROPPED\156_04.bmp,im_Koilocytotic
C:\Users\PAVAN H\Downloads\SIPaKMeD\im_Superficial-Intermediate\im_Superficial-Intermediate\CROPPED\076_01.bmp,im_Superficial-Intermediate
C:\Users\PAVAN H\Downloads\SIPaKMeD\im_Parabasal\im_Parabasal\CROPPED\019_11.bmp,im_Parabasal
C:\Users\PAVAN H\Downloads\SIPaKMeD\im_Superficial-Intermediate\im_Superficial-Intermediate\CROPPED\098_05.bmp,im_Superficial-Intermediate
C:\Users\PAVAN H\Downloads\SIPaKMeD\im_Superficial-Intermediate\im_Superficial-Intermediate\CROPPED\063_04.bmp,im_Superficial-Intermediate
C:\Users\PAVAN H\Downloads\SIPaKMeD\im_Parabasal\im_Parabasal\CROPPED\101_01.bmp,im_Parabasal
C:\Users\PAVAN H\Downloads\SIPaKMeD\im_Dyskeratotic\im_Dyskeratotic\CROPPED\074_01.bmp,im_Dyskeratotic
C:\Users\PAVAN H\Downloads\SIPaKMeD\im_Superficial-Intermediate\im_Superficial-Intermediate\CROPPED\056_02.bmp,im_Superficial-Intermediate
C:\Users\PAVAN H\Downloads\SIPaKMeD\im_Superficial-Intermediate\im_Superficial-Intermediate\CROPPED\018_04.bmp,im_Superficial-Intermediate
C:\Users\PAVAN H\Downloads\SIPaKMeD\im_Koilocytotic\im_Koilocytotic\CROPPED\093_03.bmp,im_Koilocytotic
C:\Users\PAVAN H\Downloads\SIPaKMeD\im_Koilocytotic\im_Koilocytotic\CROPPED\108_05.bmp,im_Koilocytotic
C:\Users\PAVAN H\Downloads\SIPaKMeD\im_Metaplastic\im_Metaplastic\CROPPED\023_07.bmp,im_Metaplastic
C:\Users\PAVAN H\Downloads\SIPaKMeD\im_Dyskeratotic\im_Dyskeratotic\CROPPED\038_01.bmp,im_Dyskeratotic
C:\Users\PAVAN H\Downloads\SIPaKMeD\im_Koilocytotic\im_Koilocytotic\CROPPED\126_02.bmp,im_Koilocytotic
C:\Users\PAVAN H\Downloads\SIPaKMeD\im_Superficial-Intermediate\im_Superficial-Intermediate\CROPPED\006_01.bmp,im_Superficial-Intermediate
C:\Users\PAVAN H\Downloads\SIPaKMeD\im_Metaplastic\im_Metaplastic\038.bmp,im_Metaplastic
C:\Users\PAVAN H\Downloads\SIPaKMeD\im_Dyskeratotic\im_Dyskeratotic\CROPPED\193_01.bmp,im_Dyskeratotic
C:\Users\PAVAN H\Downloads\SIPaKMeD\im_Koilocytotic\im_Koilocytotic\CROPPED\121_11.bmp,im_Koilocytotic
C:\Users\PAVAN H\Downloads\SIPaKMeD\im_Metaplastic\im_Metaplastic\CROPPED\201_07.bmp,im_Metaplastic
C:\Users\PAVAN H\Downloads\SIPaKMeD\im_Superficial-Intermediate\im_Superficial-Intermediate\CROPPED\106_09.bmp,im_Superficial-Intermediate
C:\Users\PAVAN H\Downloads\SIPaKMeD\im_Dyskeratotic\im_Dyskeratotic\061.bmp,im_Dyskeratotic
C:\Users\PAVAN H\Downloads\SIPaKMeD\im_Koilocytotic\im_Koilocytotic\CROPPED\069_01.bmp,im_Koilocytotic
C:\Users\PAVAN H\Downloads\SIPaKMeD\im_Koilocytotic\im_Koilocytotic\CROPPED\130_01.bmp,im_Koilocytotic
C:\Users\PAVAN H\Downloads\SIPaKMeD\im_Parabasal\im_Parabasal\CROPPED\001_07.bmp,im_Parabasal
C:\Users\PAVAN H\Downloads\SIPaKMeD\im_Superficial-Intermediate\im_Superficial-Intermediate\014.bmp,im_Superficial-Intermediate
C:\Users\PAVAN H\Downloads\SIPaKMeD\im_Metaplastic\im_Metaplastic\CROPPED\097_01.bmp,im_Metaplastic
C:\Users\PAVAN H\Downloads\SIPaKMeD\im_Metaplastic\im_Metaplastic\CROPPED\193_05.bmp,im_Metaplastic
C:\Users\PAVAN H\Downloads\SIPaKMeD\im_Koilocytotic\im_Koilocytotic\075.bmp,im_Koilocytotic
C:\Users\PAVAN H\Downloads\SIPaKMeD\im_Koilocytotic\im_Koilocytotic\136.bmp,im_Koilocytotic
C:\Users\PAVAN H\Downloads\SIPaKMeD\im_Superficial-Intermediate\im_Superficial-Intermediate\CROPPED\027_02.bmp,im_Superficial-Intermediate
C:\Users\PAVAN H\Downloads\SIPaKMeD\im_Parabasal\im_Parabasal\CROPPED\011_05.bmp,im_Parabasal
C:\Users\PAVAN H\Downloads\SIPaKMeD\im_Metaplastic\im_Metaplastic\CROPPED\045_02.bmp,im_Metaplastic
C:\Users\PAVAN H\Downloads\SIPaKMeD\im_Koilocytotic\im_Koilocytotic\CROPPED\130_11.bmp,im_Koilocytotic
C:\Users\PAVAN H\Downloads\SIPaKMeD\im_Koilocytotic\im_Koilocytotic\CROPPED\146_03.bmp,im_Koilocytotic
C:\Users\PAVAN H\Downloads\SIPaKMeD\im_Parabasal\im_Parabasal\059.bmp,im_Parabasal
C:\Users\PAVAN H\Downloads\SIPaKMeD\im_Dyskeratotic\im_Dyskeratotic\110.bmp,im_Dyskeratotic
C:\Users\PAVAN H\Downloads\SIPaKMeD\im_Metaplastic\im_Metaplastic\219.bmp,im_Metaplastic
C:\Users\PAVAN H\Downloads\SIPaKMeD\im_Superficial-Intermediate\im_Superficial-Intermediate\CROPPED\017_15.bmp,im_Superficial-Intermediate
C:\Users\PAVAN H\Downloads\SIPaKMeD\im_Parabasal\im_Parabasal\CROPPED\034_02.bmp,im_Parabasal
C:\Users\PAVAN H\Downloads\SIPaKMeD\im_Superficial-Intermediate\im_Superficial-Intermediate\008.bmp,im_Superficial-Intermediate
C:\Users\PAVAN H\Downloads\SIPaKMeD\im_Parabasal\im_Parabasal\CROPPED\036_01.bmp,im_Parabasal
C:\Users\PAVAN H\Downloads\SIPaKMeD\im_Parabasal\im_Parabasal\CROPPED\034_04.bmp,im_Parabasal
C:\Users\PAVAN H\Downloads\SIPaKMeD\im_Superficial-Intermediate\im_Superficial-Intermediate\CROPPED\113_01.bmp,im_Superficial-Intermediate
C:\Users\PAVAN H\Downloads\SIPaKMeD\im_Dyskeratotic\im_Dyskeratotic\020.bmp,im_Dyskeratotic
C:\Users\PAVAN H\Downloads\SIPaKMeD\im_Koilocytotic\im_Koilocytotic\CROPPED\089_02.bmp,im_Koilocytotic
C:\Users\PAVAN H\Downloads\SIPaKMeD\im_Dyskeratotic\im_Dyskeratotic\CROPPED\111_02.bmp,im_Dyskeratotic
C:\Users\PAVAN H\Downloads\SIPaKMeD\im_Superficial-Intermediate\im_Superficial-Intermediate\CROPPED\117_03.bmp,im_Superficial-Intermediate
C:\Users\PAVAN H\Downloads\SIPaKMeD\im_Metaplastic\im_Metaplastic\188.bmp,im_Metaplastic
C:\Users\PAVAN H\Downloads\SIPaKMeD\im_Parabasal\im_Parabasal\102.bmp,im_Parabasal
C:\Users\PAVAN H\Downloads\SIPaKMeD\im_Koilocytotic\im_Koilocytotic\086.bmp,im_Koilocytotic
C:\Users\PAVAN H\Downloads\SIPaKMeD\im_Dyskeratotic\im_Dyskeratotic\CROPPED\101_02.bmp,im_Dyskeratotic
C:\Users\PAVAN H\Downloads\SIPaKMeD\im_Koilocytotic\im_Koilocytotic\CROPPED\234_01.bmp,im_Koilocytotic
C:\Users\PAVAN H\Downloads\SIPaKMeD\im_Parabasal\im_Parabasal\CROPPED\098_03.bmp,im_Parabasal
C:\Users\PAVAN H\Downloads\SIPaKMeD\im_Koilocytotic\im_Koilocytotic\042.bmp,im_Koilocytotic
C:\Users\PAVAN H\Downloads\SIPaKMeD\im_Metaplastic\im_Metaplastic\CROPPED\197_01.bmp,im_Metaplastic
C:\Users\PAVAN H\Downloads\SIPaKMeD\im_Koilocytotic\im_Koilocytotic\068.bmp,im_Koilocytotic
C:\Users\PAVAN H\Downloads\SIPaKMeD\im_Metaplastic\im_Metaplastic\CROPPED\039_01.bmp,im_Metaplastic
C:\Users\PAVAN H\Downloads\SIPaKMeD\im_Dyskeratotic\im_Dyskeratotic\CROPPED\095_02.bmp,im_Dyskeratotic
C:\Users\PAVAN H\Downloads\SIPaKMeD\im_Metaplastic\im_Metaplastic\087.bmp,im_Metaplastic
C:\Users\PAVAN H\Downloads\SIPaKMeD\im_Metaplastic\im_Metaplastic\CROPPED\128_01.bmp,im_Metaplastic
C:\Users\PAVAN H\Downloads\SIPaKMeD\im_Koilocytotic\im_Koilocytotic\CROPPED\099_07.bmp,im_Koilocytotic
C:\Users\PAVAN H\Downloads\SIPaKMeD\im_Superficial-Intermediate\im_Superficial-Intermediate\CROPPED\014_05.bmp,im_Superficial-Intermediate
C:\Users\PAVAN H\Downloads\SIPaKMeD\im_Metaplastic\im_Metaplastic\CROPPED\025_14.bmp,im_Metaplastic
C:\Users\PAVAN H\Downloads\SIPaKMeD\im_Koilocytotic\im_Koilocytotic\CROPPED\074_02.bmp,im_Koilocytotic
C:\Users\PAVAN H\Downloads\SIPaKMeD\im_Dyskeratotic\im_Dyskeratotic\CROPPED\127_01.bmp,im_Dyskeratotic
C:\Users\PAVAN H\Downloads\SIPaKMeD\im_Dyskeratotic\im_Dyskeratotic\044.bmp,im_Dyskeratotic
C:\Users\PAVAN H\Downloads\SIPaKMeD\im_Metaplastic\im_Metaplastic\CROPPED\100_01.bmp,im_Metaplastic
C:\Users\PAVAN H\Downloads\SIPaKMeD\im_Superficial-Intermediate\im_Superficial-Intermediate\CROPPED\053_03.bmp,im_Superficial-Intermediate
C:\Users\PAVAN H\Downloads\SIPaKMeD\im_Superficial-Intermediate\im_Superficial-Intermediate\CROPPED\023_09.bmp,im_Superficial-Intermediate
C:\Users\PAVAN H\Downloads\SIPaKMeD\im_Metaplastic\im_Metaplastic\CROPPED\025_08.bmp,im_Metaplastic
C:\Users\PAVAN H\Downloads\SIPaKMeD\im_Metaplastic\im_Metaplastic\CROPPED\101_04.bmp,im_Metaplastic
C:\Users\PAVAN H\Downloads\SIPaKMeD\im_Dyskeratotic\im_Dyskeratotic\CROPPED\090_01.bmp,im_Dyskeratotic
C:\Users\PAVAN H\Downloads\SIPaKMeD\im_Koilocytotic\im_Koilocytotic\CROPPED\086_05.bmp,im_Koilocytotic
C:\Users\PAVAN H\Downloads\SIPaKMeD\im_Metaplastic\im_Metaplastic\CROPPED\218_03.bmp,im_Metaplastic
C:\Users\PAVAN H\Downloads\SIPaKMeD\im_Dyskeratotic\im_Dyskeratotic\CROPPED\026_01.bmp,im_Dyskeratotic
C:\Users\PAVAN H\Downloads\SIPaKMeD\im_Koilocytotic\im_Koilocytotic\CROPPED\150_03.bmp,im_Koilocytotic
C:\Users\PAVAN H\Downloads\SIPaKMeD\im_Parabasal\im_Parabasal\CROPPED\071_08.bmp,im_Parabasal
C:\Users\PAVAN H\Downloads\SIPaKMeD\im_Parabasal\im_Parabasal\CROPPED\001_01.bmp,im_Parabasal
C:\Users\PAVAN H\Downloads\SIPaKMeD\im_Parabasal\im_Parabasal\CROPPED\001_12.bmp,im_Parabasal
C:\Users\PAVAN H\Downloads\SIPaKMeD\im_Dyskeratotic\im_Dyskeratotic\183.bmp,im_Dyskeratotic
C:\Users\PAVAN H\Downloads\SIPaKMeD\im_Metaplastic\im_Metaplastic\043.bmp,im_Metaplastic
C:\Users\PAVAN H\Downloads\SIPaKMeD\im_Metaplastic\im_Metaplastic\CROPPED\102_02.bmp,im_Metaplastic
C:\Users\PAVAN H\Downloads\SIPaKMeD\im_Superficial-Intermediate\im_Superficial-Intermediate\CROPPED\022_01.bmp,im_Superficial-Intermediate
C:\Users\PAVAN H\Downloads\SIPaKMeD\im_Metaplastic\im_Metaplastic\CROPPED\167_05.bmp,im_Metaplastic
C:\Users\PAVAN H\Downloads\SIPaKMeD\im_Metaplastic\im_Metaplastic\CROPPED\040_01.bmp,im_Metaplastic
C:\Users\PAVAN H\Downloads\SIPaKMeD\im_Superficial-Intermediate\im_Superficial-Intermediate\CROPPED\023_11.bmp,im_Superficial-Intermediate
C:\Users\PAVAN H\Downloads\SIPaKMeD\im_Dyskeratotic\im_Dyskeratotic\CROPPED\162_01.bmp,im_Dyskeratotic
C:\Users\PAVAN H\Downloads\SIPaKMeD\im_Metaplastic\im_Metaplastic\CROPPED\102_07.bmp,im_Metaplastic
C:\Users\PAVAN H\Downloads\SIPaKMeD\im_Parabasal\im_Parabasal\CROPPED\102_16.bmp,im_Parabasal
C:\Users\PAVAN H\Downloads\SIPaKMeD\im_Metaplastic\im_Metaplastic\CROPPED\069_02.bmp,im_Metaplastic
C:\Users\PAVAN H\Downloads\SIPaKMeD\im_Metaplastic\im_Metaplastic\142.bmp,im_Metaplastic
C:\Users\PAVAN H\Downloads\SIPaKMeD\im_Dyskeratotic\im_Dyskeratotic\CROPPED\150_03.bmp,im_Dyskeratotic
C:\Users\PAVAN H\Downloads\SIPaKMeD\im_Superficial-Intermediate\im_Superficial-Intermediate\057.bmp,im_Superficial-Intermediate
C:\Users\PAVAN H\Downloads\SIPaKMeD\im_Parabasal\im_Parabasal\095.bmp,im_Parabasal
C:\Users\PAVAN H\Downloads\SIPaKMeD\im_Koilocytotic\im_Koilocytotic\CROPPED\074_01.bmp,im_Koilocytotic
C:\Users\PAVAN H\Downloads\SIPaKMeD\im_Koilocytotic\im_Koilocytotic\163.bmp,im_Koilocytotic
C:\Users\PAVAN H\Downloads\SIPaKMeD\im_Dyskeratotic\im_Dyskeratotic\CROPPED\015_02.bmp,im_Dyskeratotic
C:\Users\PAVAN H\Downloads\SIPaKMeD\im_Koilocytotic\im_Koilocytotic\CROPPED\130_07.bmp,im_Koilocytotic
C:\Users\PAVAN H\Downloads\SIPaKMeD\im_Parabasal\im_Parabasal\044.bmp,im_Parabasal
C:\Users\PAVAN H\Downloads\SIPaKMeD\im_Koilocytotic\im_Koilocytotic\CROPPED\203_01.bmp,im_Koilocytotic
C:\Users\PAVAN H\Downloads\SIPaKMeD\im_Dyskeratotic\im_Dyskeratotic\CROPPED\038_03.bmp,im_Dyskeratotic
C:\Users\PAVAN H\Downloads\SIPaKMeD\im_Metaplastic\im_Metaplastic\CROPPED\268_04.bmp,im_Metaplastic
C:\Users\PAVAN H\Downloads\SIPaKMeD\im_Metaplastic\im_Metaplastic\CROPPED\271_04.bmp,im_Metaplastic
C:\Users\PAVAN H\Downloads\SIPaKMeD\im_Parabasal\im_Parabasal\CROPPED\071_03.bmp,im_Parabasal
C:\Users\PAVAN H\Downloads\SIPaKMeD\im_Parabasal\im_Parabasal\CROPPED\045_06.bmp,im_Parabasal
C:\Users\PAVAN H\Downloads\SIPaKMeD\im_Dyskeratotic\im_Dyskeratotic\CROPPED\015_05.bmp,im_Dyskeratotic
C:\Users\PAVAN H\Downloads\SIPaKMeD\im_Dyskeratotic\im_Dyskeratotic\CROPPED\064_02.bmp,im_Dyskeratotic
C:\Users\PAVAN H\Downloads\SIPaKMeD\im_Dyskeratotic\im_Dyskeratotic\CROPPED\194_02.bmp,im_Dyskeratotic
C:\Users\PAVAN H\Downloads\SIPaKMeD\im_Metaplastic\im_Metaplastic\CROPPED\173_01.bmp,im_Metaplastic
C:\Users\PAVAN H\Downloads\SIPaKMeD\im_Superficial-Intermediate\im_Superficial-Intermediate\CROPPED\070_03.bmp,im_Superficial-Intermediate
C:\Users\PAVAN H\Downloads\SIPaKMeD\im_Parabasal\im_Parabasal\CROPPED\034_05.bmp,im_Parabasal
C:\Users\PAVAN H\Downloads\SIPaKMeD\im_Metaplastic\im_Metaplastic\CROPPED\025_03.bmp,im_Metaplastic
C:\Users\PAVAN H\Downloads\SIPaKMeD\im_Parabasal\im_Parabasal\CROPPED\001_04.bmp,im_Parabasal
C:\Users\PAVAN H\Downloads\SIPaKMeD\im_Parabasal\im_Parabasal\CROPPED\001_10.bmp,im_Parabasal
C:\Users\PAVAN H\Downloads\SIPaKMeD\im_Metaplastic\im_Metaplastic\CROPPED\217_09.bmp,im_Metaplastic
C:\Users\PAVAN H\Downloads\SIPaKMeD\im_Parabasal\im_Parabasal\CROPPED\036_03.bmp,im_Parabasal
C:\Users\PAVAN H\Downloads\SIPaKMeD\im_Parabasal\im_Parabasal\CROPPED\104_02.bmp,im_Parabasal
C:\Users\PAVAN H\Downloads\SIPaKMeD\im_Metaplastic\im_Metaplastic\231.bmp,im_Metaplastic
C:\Users\PAVAN H\Downloads\SIPaKMeD\im_Dyskeratotic\im_Dyskeratotic\CROPPED\103_05.bmp,im_Dyskeratotic
C:\Users\PAVAN H\Downloads\SIPaKMeD\im_Superficial-Intermediate\im_Superficial-Intermediate\CROPPED\050_02.bmp,im_Superficial-Intermediate
C:\Users\PAVAN H\Downloads\SIPaKMeD\im_Koilocytotic\im_Koilocytotic\CROPPED\153_01.bmp,im_Koilocytotic
C:\Users\PAVAN H\Downloads\SIPaKMeD\im_Parabasal\im_Parabasal\035.bmp,im_Parabasal
C:\Users\PAVAN H\Downloads\SIPaKMeD\im_Superficial-Intermediate\im_Superficial-Intermediate\CROPPED\121_08.bmp,im_Superficial-Intermediate
C:\Users\PAVAN H\Downloads\SIPaKMeD\im_Metaplastic\im_Metaplastic\CROPPED\132_04.bmp,im_Metaplastic
C:\Users\PAVAN H\Downloads\SIPaKMeD\im_Dyskeratotic\im_Dyskeratotic\CROPPED\067_02.bmp,im_Dyskeratotic
C:\Users\PAVAN H\Downloads\SIPaKMeD\im_Superficial-Intermediate\im_Superficial-Intermediate\CROPPED\066_10.bmp,im_Superficial-Intermediate
C:\Users\PAVAN H\Downloads\SIPaKMeD\im_Koilocytotic\im_Koilocytotic\CROPPED\144_04.bmp,im_Koilocytotic
C:\Users\PAVAN H\Downloads\SIPaKMeD\im_Metaplastic\im_Metaplastic\CROPPED\002_05.bmp,im_Metaplastic
C:\Users\PAVAN H\Downloads\SIPaKMeD\im_Dyskeratotic\im_Dyskeratotic\111.bmp,im_Dyskeratotic
C:\Users\PAVAN H\Downloads\SIPaKMeD\im_Superficial-Intermediate\im_Superficial-Intermediate\006.bmp,im_Superficial-Intermediate
C:\Users\PAVAN H\Downloads\SIPaKMeD\im_Metaplastic\im_Metaplastic\CROPPED\055_01.bmp,im_Metaplastic
C:\Users\PAVAN H\Downloads\SIPaKMeD\im_Koilocytotic\im_Koilocytotic\CROPPED\211_01.bmp,im_Koilocytotic
C:\Users\PAVAN H\Downloads\SIPaKMeD\im_Koilocytotic\im_Koilocytotic\097.bmp,im_Koilocytotic
C:\Users\PAVAN H\Downloads\SIPaKMeD\im_Parabasal\im_Parabasal\CROPPED\059_02.bmp,im_Parabasal
C:\Users\PAVAN H\Downloads\SIPaKMeD\im_Parabasal\im_Parabasal\CROPPED\072_07.bmp,im_Parabasal
C:\Users\PAVAN H\Downloads\SIPaKMeD\im_Parabasal\im_Parabasal\CROPPED\099_04.bmp,im_Parabasal
C:\Users\PAVAN H\Downloads\SIPaKMeD\im_Dyskeratotic\im_Dyskeratotic\CROPPED\219_07.bmp,im_Dyskeratotic
C:\Users\PAVAN H\Downloads\SIPaKMeD\im_Parabasal\im_Parabasal\CROPPED\093_11.bmp,im_Parabasal
C:\Users\PAVAN H\Downloads\SIPaKMeD\im_Dyskeratotic\im_Dyskeratotic\CROPPED\199_02.bmp,im_Dyskeratotic
C:\Users\PAVAN H\Downloads\SIPaKMeD\im_Metaplastic\im_Metaplastic\CROPPED\141_07.bmp,im_Metaplastic
C:\Users\PAVAN H\Downloads\SIPaKMeD\im_Superficial-Intermediate\im_Superficial-Intermediate\CROPPED\072_02.bmp,im_Superficial-Intermediate
C:\Users\PAVAN H\Downloads\SIPaKMeD\im_Superficial-Intermediate\im_Superficial-Intermediate\CROPPED\121_05.bmp,im_Superficial-Intermediate
C:\Users\PAVAN H\Downloads\SIPaKMeD\im_Koilocytotic\im_Koilocytotic\CROPPED\029_02.bmp,im_Koilocytotic
C:\Users\PAVAN H\Downloads\SIPaKMeD\im_Metaplastic\im_Metaplastic\CROPPED\264_02.bmp,im_Metaplastic
C:\Users\PAVAN H\Downloads\SIPaKMeD\im_Parabasal\im_Parabasal\CROPPED\096_07.bmp,im_Parabasal
C:\Users\PAVAN H\Downloads\SIPaKMeD\im_Dyskeratotic\im_Dyskeratotic\CROPPED\134_03.bmp,im_Dyskeratotic
C:\Users\PAVAN H\Downloads\SIPaKMeD\im_Parabasal\im_Parabasal\CROPPED\089_01.bmp,im_Parabasal
C:\Users\PAVAN H\Downloads\SIPaKMeD\im_Parabasal\im_Parabasal\CROPPED\042_05.bmp,im_Parabasal
C:\Users\PAVAN H\Downloads\SIPaKMeD\im_Superficial-Intermediate\im_Superficial-Intermediate\CROPPED\007_01.bmp,im_Superficial-Intermediate
C:\Users\PAVAN H\Downloads\SIPaKMeD\im_Metaplastic\im_Metaplastic\CROPPED\141_06.bmp,im_Metaplastic
C:\Users\PAVAN H\Downloads\SIPaKMeD\im_Superficial-Intermediate\im_Superficial-Intermediate\CROPPED\054_02.bmp,im_Superficial-Intermediate
C:\Users\PAVAN H\Downloads\SIPaKMeD\im_Parabasal\im_Parabasal\CROPPED\093_21.bmp,im_Parabasal
C:\Users\PAVAN H\Downloads\SIPaKMeD\im_Parabasal\im_Parabasal\CROPPED\016_10.bmp,im_Parabasal
C:\Users\PAVAN H\Downloads\SIPaKMeD\im_Dyskeratotic\im_Dyskeratotic\CROPPED\104_07.bmp,im_Dyskeratotic
C:\Users\PAVAN H\Downloads\SIPaKMeD\im_Metaplastic\im_Metaplastic\CROPPED\078_03.bmp,im_Metaplastic
C:\Users\PAVAN H\Downloads\SIPaKMeD\im_Parabasal\im_Parabasal\CROPPED\029_01.bmp,im_Parabasal
C:\Users\PAVAN H\Downloads\SIPaKMeD\im_Superficial-Intermediate\im_Superficial-Intermediate\CROPPED\017_07.bmp,im_Superficial-Intermediate
C:\Users\PAVAN H\Downloads\SIPaKMeD\im_Dyskeratotic\im_Dyskeratotic\CROPPED\150_02.bmp,im_Dyskeratotic
C:\Users\PAVAN H\Downloads\SIPaKMeD\im_Metaplastic\im_Metaplastic\253.bmp,im_Metaplastic
C:\Users\PAVAN H\Downloads\SIPaKMeD\im_Parabasal\im_Parabasal\085.bmp,im_Parabasal
C:\Users\PAVAN H\Downloads\SIPaKMeD\im_Dyskeratotic\im_Dyskeratotic\100.bmp,im_Dyskeratotic
C:\Users\PAVAN H\Downloads\SIPaKMeD\im_Superficial-Intermediate\im_Superficial-Intermediate\CROPPED\049_04.bmp,im_Superficial-Intermediate
C:\Users\PAVAN H\Downloads\SIPaKMeD\im_Koilocytotic\im_Koilocytotic\CROPPED\197_01.bmp,im_Koilocytotic
C:\Users\PAVAN H\Downloads\SIPaKMeD\im_Koilocytotic\im_Koilocytotic\CROPPED\113_01.bmp,im_Koilocytotic
C:\Users\PAVAN H\Downloads\SIPaKMeD\im_Dyskeratotic\im_Dyskeratotic\CROPPED\219_04.bmp,im_Dyskeratotic
C:\Users\PAVAN H\Downloads\SIPaKMeD\im_Superficial-Intermediate\im_Superficial-Intermediate\CROPPED\042_04.bmp,im_Superficial-Intermediate
C:\Users\PAVAN H\Downloads\SIPaKMeD\im_Superficial-Intermediate\im_Superficial-Intermediate\CROPPED\094_01.bmp,im_Superficial-Intermediate
C:\Users\PAVAN H\Downloads\SIPaKMeD\im_Koilocytotic\im_Koilocytotic\236.bmp,im_Koilocytotic
C:\Users\PAVAN H\Downloads\SIPaKMeD\im_Koilocytotic\im_Koilocytotic\CROPPED\126_03.bmp,im_Koilocytotic
C:\Users\PAVAN H\Downloads\SIPaKMeD\im_Parabasal\im_Parabasal\CROPPED\002_03.bmp,im_Parabasal
C:\Users\PAVAN H\Downloads\SIPaKMeD\im_Metaplastic\im_Metaplastic\CROPPED\014_02.bmp,im_Metaplastic
C:\Users\PAVAN H\Downloads\SIPaKMeD\im_Koilocytotic\im_Koilocytotic\CROPPED\195_02.bmp,im_Koilocytotic
C:\Users\PAVAN H\Downloads\SIPaKMeD\im_Superficial-Intermediate\im_Superficial-Intermediate\CROPPED\014_09.bmp,im_Superficial-Intermediate
C:\Users\PAVAN H\Downloads\SIPaKMeD\im_Metaplastic\im_Metaplastic\CROPPED\086_01.bmp,im_Metaplastic
C:\Users\PAVAN H\Downloads\SIPaKMeD\im_Superficial-Intermediate\im_Superficial-Intermediate\066.bmp,im_Superficial-Intermediate
C:\Users\PAVAN H\Downloads\SIPaKMeD\im_Dyskeratotic\im_Dyskeratotic\042.bmp,im_Dyskeratotic
C:\Users\PAVAN H\Downloads\SIPaKMeD\im_Metaplastic\im_Metaplastic\CROPPED\042_02.bmp,im_Metaplastic
C:\Users\PAVAN H\Downloads\SIPaKMeD\im_Metaplastic\im_Metaplastic\CROPPED\132_02.bmp,im_Metaplastic
C:\Users\PAVAN H\Downloads\SIPaKMeD\im_Koilocytotic\im_Koilocytotic\CROPPED\011_05.bmp,im_Koilocytotic
C:\Users\PAVAN H\Downloads\SIPaKMeD\im_Koilocytotic\im_Koilocytotic\CROPPED\140_06.bmp,im_Koilocytotic
C:\Users\PAVAN H\Downloads\SIPaKMeD\im_Dyskeratotic\im_Dyskeratotic\CROPPED\166_03.bmp,im_Dyskeratotic
C:\Users\PAVAN H\Downloads\SIPaKMeD\im_Dyskeratotic\im_Dyskeratotic\016.bmp,im_Dyskeratotic
C:\Users\PAVAN H\Downloads\SIPaKMeD\im_Metaplastic\im_Metaplastic\CROPPED\002_02.bmp,im_Metaplastic
C:\Users\PAVAN H\Downloads\SIPaKMeD\im_Koilocytotic\im_Koilocytotic\CROPPED\008_01.bmp,im_Koilocytotic
C:\Users\PAVAN H\Downloads\SIPaKMeD\im_Superficial-Intermediate\im_Superficial-Intermediate\CROPPED\010_02.bmp,im_Superficial-Intermediate
C:\Users\PAVAN H\Downloads\SIPaKMeD\im_Metaplastic\im_Metaplastic\CROPPED\083_06.bmp,im_Metaplastic
C:\Users\PAVAN H\Downloads\SIPaKMeD\im_Superficial-Intermediate\im_Superficial-Intermediate\CROPPED\081_06.bmp,im_Superficial-Intermediate
C:\Users\PAVAN H\Downloads\SIPaKMeD\im_Superficial-Intermediate\im_Superficial-Intermediate\CROPPED\047_01.bmp,im_Superficial-Intermediate
C:\Users\PAVAN H\Downloads\SIPaKMeD\im_Superficial-Intermediate\im_Superficial-Intermediate\CROPPED\020_05.bmp,im_Superficial-Intermediate
C:\Users\PAVAN H\Downloads\SIPaKMeD\im_Superficial-Intermediate\im_Superficial-Intermediate\CROPPED\001_01.bmp,im_Superficial-Intermediate
C:\Users\PAVAN H\Downloads\SIPaKMeD\im_Parabasal\im_Parabasal\CROPPED\002_04.bmp,im_Parabasal
C:\Users\PAVAN H\Downloads\SIPaKMeD\im_Superficial-Intermediate\im_Superficial-Intermediate\CROPPED\013_04.bmp,im_Superficial-Intermediate
C:\Users\PAVAN H\Downloads\SIPaKMeD\im_Koilocytotic\im_Koilocytotic\CROPPED\065_01.bmp,im_Koilocytotic
C:\Users\PAVAN H\Downloads\SIPaKMeD\im_Parabasal\im_Parabasal\CROPPED\011_13.bmp,im_Parabasal
C:\Users\PAVAN H\Downloads\SIPaKMeD\im_Koilocytotic\im_Koilocytotic\CROPPED\107_04.bmp,im_Koilocytotic
C:\Users\PAVAN H\Downloads\SIPaKMeD\im_Superficial-Intermediate\im_Superficial-Intermediate\CROPPED\095_01.bmp,im_Superficial-Intermediate
C:\Users\PAVAN H\Downloads\SIPaKMeD\im_Metaplastic\im_Metaplastic\062.bmp,im_Metaplastic
C:\Users\PAVAN H\Downloads\SIPaKMeD\im_Superficial-Intermediate\im_Superficial-Intermediate\CROPPED\094_10.bmp,im_Superficial-Intermediate
C:\Users\PAVAN H\Downloads\SIPaKMeD\im_Superficial-Intermediate\im_Superficial-Intermediate\CROPPED\007_02.bmp,im_Superficial-Intermediate
C:\Users\PAVAN H\Downloads\SIPaKMeD\im_Superficial-Intermediate\im_Superficial-Intermediate\CROPPED\121_01.bmp,im_Superficial-Intermediate
C:\Users\PAVAN H\Downloads\SIPaKMeD\im_Dyskeratotic\im_Dyskeratotic\CROPPED\016_02.bmp,im_Dyskeratotic
C:\Users\PAVAN H\Downloads\SIPaKMeD\im_Parabasal\im_Parabasal\CROPPED\070_12.bmp,im_Parabasal
C:\Users\PAVAN H\Downloads\SIPaKMeD\im_Superficial-Intermediate\im_Superficial-Intermediate\124.bmp,im_Superficial-Intermediate
C:\Users\PAVAN H\Downloads\SIPaKMeD\im_Koilocytotic\im_Koilocytotic\CROPPED\113_04.bmp,im_Koilocytotic
C:\Users\PAVAN H\Downloads\SIPaKMeD\im_Parabasal\im_Parabasal\CROPPED\093_02.bmp,im_Parabasal
C:\Users\PAVAN H\Downloads\SIPaKMeD\im_Superficial-Intermediate\im_Superficial-Intermediate\CROPPED\010_09.bmp,im_Superficial-Intermediate
C:\Users\PAVAN H\Downloads\SIPaKMeD\im_Parabasal\im_Parabasal\CROPPED\016_02.bmp,im_Parabasal
C:\Users\PAVAN H\Downloads\SIPaKMeD\im_Metaplastic\im_Metaplastic\CROPPED\017_02.bmp,im_Metaplastic
C:\Users\PAVAN H\Downloads\SIPaKMeD\im_Parabasal\im_Parabasal\CROPPED\019_07.bmp,im_Parabasal
C:\Users\PAVAN H\Downloads\SIPaKMeD\im_Koilocytotic\im_Koilocytotic\CROPPED\123_11.bmp,im_Koilocytotic
C:\Users\PAVAN H\Downloads\SIPaKMeD\im_Superficial-Intermediate\im_Superficial-Intermediate\CROPPED\020_02.bmp,im_Superficial-Intermediate
C:\Users\PAVAN H\Downloads\SIPaKMeD\im_Metaplastic\im_Metaplastic\199.bmp,im_Metaplastic
C:\Users\PAVAN H\Downloads\SIPaKMeD\im_Dyskeratotic\im_Dyskeratotic\CROPPED\073_03.bmp,im_Dyskeratotic
C:\Users\PAVAN H\Downloads\SIPaKMeD\im_Koilocytotic\im_Koilocytotic\CROPPED\143_04.bmp,im_Koilocytotic
C:\Users\PAVAN H\Downloads\SIPaKMeD\im_Metaplastic\im_Metaplastic\168.bmp,im_Metaplastic
C:\Users\PAVAN H\Downloads\SIPaKMeD\im_Dyskeratotic\im_Dyskeratotic\CROPPED\030_01.bmp,im_Dyskeratotic
C:\Users\PAVAN H\Downloads\SIPaKMeD\im_Parabasal\im_Parabasal\CROPPED\043_01.bmp,im_Parabasal
C:\Users\PAVAN H\Downloads\SIPaKMeD\im_Parabasal\im_Parabasal\CROPPED\037_03.bmp,im_Parabasal
C:\Users\PAVAN H\Downloads\SIPaKMeD\im_Parabasal\im_Parabasal\CROPPED\006_07.bmp,im_Parabasal
C:\Users\PAVAN H\Downloads\SIPaKMeD\im_Parabasal\im_Parabasal\CROPPED\071_04.bmp,im_Parabasal
C:\Users\PAVAN H\Downloads\SIPaKMeD\im_Dyskeratotic\im_Dyskeratotic\CROPPED\020_03.bmp,im_Dyskeratotic
C:\Users\PAVAN H\Downloads\SIPaKMeD\im_Metaplastic\im_Metaplastic\243.bmp,im_Metaplastic
C:\Users\PAVAN H\Downloads\SIPaKMeD\im_Superficial-Intermediate\im_Superficial-Intermediate\CROPPED\057_04.bmp,im_Superficial-Intermediate
C:\Users\PAVAN H\Downloads\SIPaKMeD\im_Parabasal\im_Parabasal\CROPPED\089_11.bmp,im_Parabasal
C:\Users\PAVAN H\Downloads\SIPaKMeD\im_Metaplastic\im_Metaplastic\CROPPED\262_05.bmp,im_Metaplastic
C:\Users\PAVAN H\Downloads\SIPaKMeD\im_Parabasal\im_Parabasal\CROPPED\058_04.bmp,im_Parabasal
C:\Users\PAVAN H\Downloads\SIPaKMeD\im_Superficial-Intermediate\im_Superficial-Intermediate\CROPPED\020_08.bmp,im_Superficial-Intermediate
C:\Users\PAVAN H\Downloads\SIPaKMeD\im_Superficial-Intermediate\im_Superficial-Intermediate\CROPPED\047_03.bmp,im_Superficial-Intermediate
C:\Users\PAVAN H\Downloads\SIPaKMeD\im_Koilocytotic\im_Koilocytotic\CROPPED\082_06.bmp,im_Koilocytotic
C:\Users\PAVAN H\Downloads\SIPaKMeD\im_Koilocytotic\im_Koilocytotic\CROPPED\046_01.bmp,im_Koilocytotic
C:\Users\PAVAN H\Downloads\SIPaKMeD\im_Dyskeratotic\im_Dyskeratotic\206.bmp,im_Dyskeratotic
C:\Users\PAVAN H\Downloads\SIPaKMeD\im_Parabasal\im_Parabasal\CROPPED\093_23.bmp,im_Parabasal
C:\Users\PAVAN H\Downloads\SIPaKMeD\im_Parabasal\im_Parabasal\062.bmp,im_Parabasal
C:\Users\PAVAN H\Downloads\SIPaKMeD\im_Dyskeratotic\im_Dyskeratotic\CROPPED\003_01.bmp,im_Dyskeratotic
C:\Users\PAVAN H\Downloads\SIPaKMeD\im_Metaplastic\im_Metaplastic\054.bmp,im_Metaplastic
C:\Users\PAVAN H\Downloads\SIPaKMeD\im_Dyskeratotic\im_Dyskeratotic\031.bmp,im_Dyskeratotic
C:\Users\PAVAN H\Downloads\SIPaKMeD\im_Metaplastic\im_Metaplastic\CROPPED\150_02.bmp,im_Metaplastic
C:\Users\PAVAN H\Downloads\SIPaKMeD\im_Superficial-Intermediate\im_Superficial-Intermediate\CROPPED\014_07.bmp,im_Superficial-Intermediate
C:\Users\PAVAN H\Downloads\SIPaKMeD\im_Metaplastic\im_Metaplastic\CROPPED\159_02.bmp,im_Metaplastic
C:\Users\PAVAN H\Downloads\SIPaKMeD\im_Superficial-Intermediate\im_Superficial-Intermediate\CROPPED\044_01.bmp,im_Superficial-Intermediate
C:\Users\PAVAN H\Downloads\SIPaKMeD\im_Metaplastic\im_Metaplastic\CROPPED\239_02.bmp,im_Metaplastic
C:\Users\PAVAN H\Downloads\SIPaKMeD\im_Dyskeratotic\im_Dyskeratotic\CROPPED\067_03.bmp,im_Dyskeratotic
C:\Users\PAVAN H\Downloads\SIPaKMeD\im_Metaplastic\im_Metaplastic\CROPPED\188_03.bmp,im_Metaplastic
C:\Users\PAVAN H\Downloads\SIPaKMeD\im_Parabasal\im_Parabasal\CROPPED\009_01.bmp,im_Parabasal
C:\Users\PAVAN H\Downloads\SIPaKMeD\im_Parabasal\im_Parabasal\CROPPED\019_01.bmp,im_Parabasal
C:\Users\PAVAN H\Downloads\SIPaKMeD\im_Dyskeratotic\im_Dyskeratotic\CROPPED\217_05.bmp,im_Dyskeratotic
C:\Users\PAVAN H\Downloads\SIPaKMeD\im_Koilocytotic\im_Koilocytotic\CROPPED\143_03.bmp,im_Koilocytotic
C:\Users\PAVAN H\Downloads\SIPaKMeD\im_Metaplastic\im_Metaplastic\078.bmp,im_Metaplastic
C:\Users\PAVAN H\Downloads\SIPaKMeD\im_Metaplastic\im_Metaplastic\CROPPED\161_01.bmp,im_Metaplastic
C:\Users\PAVAN H\Downloads\SIPaKMeD\im_Koilocytotic\im_Koilocytotic\098.bmp,im_Koilocytotic
C:\Users\PAVAN H\Downloads\SIPaKMeD\im_Dyskeratotic\im_Dyskeratotic\CROPPED\110_03.bmp,im_Dyskeratotic
C:\Users\PAVAN H\Downloads\SIPaKMeD\im_Koilocytotic\im_Koilocytotic\CROPPED\108_09.bmp,im_Koilocytotic
C:\Users\PAVAN H\Downloads\SIPaKMeD\im_Koilocytotic\im_Koilocytotic\CROPPED\154_03.bmp,im_Koilocytotic
C:\Users\PAVAN H\Downloads\SIPaKMeD\im_Koilocytotic\im_Koilocytotic\038.bmp,im_Koilocytotic
C:\Users\PAVAN H\Downloads\SIPaKMeD\im_Metaplastic\im_Metaplastic\CROPPED\151_01.bmp,im_Metaplastic
C:\Users\PAVAN H\Downloads\SIPaKMeD\im_Parabasal\im_Parabasal\CROPPED\055_02.bmp,im_Parabasal
C:\Users\PAVAN H\Downloads\SIPaKMeD\im_Metaplastic\im_Metaplastic\CROPPED\006_02.bmp,im_Metaplastic
C:\Users\PAVAN H\Downloads\SIPaKMeD\im_Dyskeratotic\im_Dyskeratotic\CROPPED\198_05.bmp,im_Dyskeratotic
C:\Users\PAVAN H\Downloads\SIPaKMeD\im_Superficial-Intermediate\im_Superficial-Intermediate\CROPPED\114_03.bmp,im_Superficial-Intermediate
C:\Users\PAVAN H\Downloads\SIPaKMeD\im_Superficial-Intermediate\im_Superficial-Intermediate\CROPPED\117_04.bmp,im_Superficial-Intermediate
C:\Users\PAVAN H\Downloads\SIPaKMeD\im_Koilocytotic\im_Koilocytotic\CROPPED\134_06.bmp,im_Koilocytotic
C:\Users\PAVAN H\Downloads\SIPaKMeD\im_Koilocytotic\im_Koilocytotic\CROPPED\077_04.bmp,im_Koilocytotic
C:\Users\PAVAN H\Downloads\SIPaKMeD\im_Dyskeratotic\im_Dyskeratotic\CROPPED\153_01.bmp,im_Dyskeratotic
C:\Users\PAVAN H\Downloads\SIPaKMeD\im_Superficial-Intermediate\im_Superficial-Intermediate\CROPPED\009_08.bmp,im_Superficial-Intermediate
C:\Users\PAVAN H\Downloads\SIPaKMeD\im_Dyskeratotic\im_Dyskeratotic\CROPPED\065_01.bmp,im_Dyskeratotic
C:\Users\PAVAN H\Downloads\SIPaKMeD\im_Metaplastic\im_Metaplastic\222.bmp,im_Metaplastic
C:\Users\PAVAN H\Downloads\SIPaKMeD\im_Dyskeratotic\im_Dyskeratotic\CROPPED\067_09.bmp,im_Dyskeratotic
C:\Users\PAVAN H\Downloads\SIPaKMeD\im_Metaplastic\im_Metaplastic\058.bmp,im_Metaplastic
C:\Users\PAVAN H\Downloads\SIPaKMeD\im_Dyskeratotic\im_Dyskeratotic\CROPPED\105_01.bmp,im_Dyskeratotic
C:\Users\PAVAN H\Downloads\SIPaKMeD\im_Parabasal\im_Parabasal\CROPPED\069_02.bmp,im_Parabasal
C:\Users\PAVAN H\Downloads\SIPaKMeD\im_Koilocytotic\im_Koilocytotic\CROPPED\015_05.bmp,im_Koilocytotic
C:\Users\PAVAN H\Downloads\SIPaKMeD\im_Koilocytotic\im_Koilocytotic\CROPPED\098_02.bmp,im_Koilocytotic
C:\Users\PAVAN H\Downloads\SIPaKMeD\im_Koilocytotic\im_Koilocytotic\CROPPED\204_02.bmp,im_Koilocytotic
C:\Users\PAVAN H\Downloads\SIPaKMeD\im_Dyskeratotic\im_Dyskeratotic\196.bmp,im_Dyskeratotic
C:\Users\PAVAN H\Downloads\SIPaKMeD\im_Metaplastic\im_Metaplastic\CROPPED\188_02.bmp,im_Metaplastic
C:\Users\PAVAN H\Downloads\SIPaKMeD\im_Koilocytotic\im_Koilocytotic\CROPPED\045_01.bmp,im_Koilocytotic
C:\Users\PAVAN H\Downloads\SIPaKMeD\im_Parabasal\im_Parabasal\CROPPED\019_10.bmp,im_Parabasal
C:\Users\PAVAN H\Downloads\SIPaKMeD\im_Metaplastic\im_Metaplastic\CROPPED\210_04.bmp,im_Metaplastic
C:\Users\PAVAN H\Downloads\SIPaKMeD\im_Parabasal\im_Parabasal\CROPPED\005_02.bmp,im_Parabasal
C:\Users\PAVAN H\Downloads\SIPaKMeD\im_Dyskeratotic\im_Dyskeratotic\CROPPED\106_01.bmp,im_Dyskeratotic
C:\Users\PAVAN H\Downloads\SIPaKMeD\im_Dyskeratotic\im_Dyskeratotic\CROPPED\003_06.bmp,im_Dyskeratotic
C:\Users\PAVAN H\Downloads\SIPaKMeD\im_Koilocytotic\im_Koilocytotic\174.bmp,im_Koilocytotic
C:\Users\PAVAN H\Downloads\SIPaKMeD\im_Koilocytotic\im_Koilocytotic\CROPPED\157_04.bmp,im_Koilocytotic
C:\Users\PAVAN H\Downloads\SIPaKMeD\im_Superficial-Intermediate\im_Superficial-Intermediate\CROPPED\006_05.bmp,im_Superficial-Intermediate
C:\Users\PAVAN H\Downloads\SIPaKMeD\im_Metaplastic\im_Metaplastic\CROPPED\016_05.bmp,im_Metaplastic
C:\Users\PAVAN H\Downloads\SIPaKMeD\im_Parabasal\im_Parabasal\CROPPED\082_02.bmp,im_Parabasal
C:\Users\PAVAN H\Downloads\SIPaKMeD\im_Koilocytotic\im_Koilocytotic\CROPPED\099_01.bmp,im_Koilocytotic
C:\Users\PAVAN H\Downloads\SIPaKMeD\im_Superficial-Intermediate\im_Superficial-Intermediate\CROPPED\057_07.bmp,im_Superficial-Intermediate
C:\Users\PAVAN H\Downloads\SIPaKMeD\im_Koilocytotic\im_Koilocytotic\233.bmp,im_Koilocytotic
C:\Users\PAVAN H\Downloads\SIPaKMeD\im_Koilocytotic\im_Koilocytotic\006.bmp,im_Koilocytotic
C:\Users\PAVAN H\Downloads\SIPaKMeD\im_Parabasal\im_Parabasal\CROPPED\047_06.bmp,im_Parabasal
C:\Users\PAVAN H\Downloads\SIPaKMeD\im_Metaplastic\im_Metaplastic\161.bmp,im_Metaplastic
C:\Users\PAVAN H\Downloads\SIPaKMeD\im_Parabasal\im_Parabasal\CROPPED\042_06.bmp,im_Parabasal
C:\Users\PAVAN H\Downloads\SIPaKMeD\im_Metaplastic\im_Metaplastic\CROPPED\244_02.bmp,im_Metaplastic
C:\Users\PAVAN H\Downloads\SIPaKMeD\im_Koilocytotic\im_Koilocytotic\CROPPED\088_01.bmp,im_Koilocytotic
C:\Users\PAVAN H\Downloads\SIPaKMeD\im_Koilocytotic\im_Koilocytotic\CROPPED\158_01.bmp,im_Koilocytotic
C:\Users\PAVAN H\Downloads\SIPaKMeD\im_Superficial-Intermediate\im_Superficial-Intermediate\CROPPED\123_08.bmp,im_Superficial-Intermediate
C:\Users\PAVAN H\Downloads\SIPaKMeD\im_Superficial-Intermediate\im_Superficial-Intermediate\CROPPED\023_08.bmp,im_Superficial-Intermediate
C:\Users\PAVAN H\Downloads\SIPaKMeD\im_Metaplastic\im_Metaplastic\CROPPED\261_02.bmp,im_Metaplastic
C:\Users\PAVAN H\Downloads\SIPaKMeD\im_Dyskeratotic\im_Dyskeratotic\CROPPED\104_01.bmp,im_Dyskeratotic
C:\Users\PAVAN H\Downloads\SIPaKMeD\im_Superficial-Intermediate\im_Superficial-Intermediate\CROPPED\118_06.bmp,im_Superficial-Intermediate
C:\Users\PAVAN H\Downloads\SIPaKMeD\im_Dyskeratotic\im_Dyskeratotic\048.bmp,im_Dyskeratotic
C:\Users\PAVAN H\Downloads\SIPaKMeD\im_Dyskeratotic\im_Dyskeratotic\CROPPED\102_02.bmp,im_Dyskeratotic
C:\Users\PAVAN H\Downloads\SIPaKMeD\im_Koilocytotic\im_Koilocytotic\CROPPED\121_07.bmp,im_Koilocytotic
C:\Users\PAVAN H\Downloads\SIPaKMeD\im_Metaplastic\im_Metaplastic\186.bmp,im_Metaplastic
C:\Users\PAVAN H\Downloads\SIPaKMeD\im_Koilocytotic\im_Koilocytotic\CROPPED\174_02.bmp,im_Koilocytotic
C:\Users\PAVAN H\Downloads\SIPaKMeD\im_Metaplastic\im_Metaplastic\CROPPED\133_01.bmp,im_Metaplastic
C:\Users\PAVAN H\Downloads\SIPaKMeD\im_Metaplastic\im_Metaplastic\CROPPED\164_01.bmp,im_Metaplastic
C:\Users\PAVAN H\Downloads\SIPaKMeD\im_Koilocytotic\im_Koilocytotic\CROPPED\161_02.bmp,im_Koilocytotic
C:\Users\PAVAN H\Downloads\SIPaKMeD\im_Superficial-Intermediate\im_Superficial-Intermediate\107.bmp,im_Superficial-Intermediate
C:\Users\PAVAN H\Downloads\SIPaKMeD\im_Dyskeratotic\im_Dyskeratotic\099.bmp,im_Dyskeratotic
C:\Users\PAVAN H\Downloads\SIPaKMeD\im_Metaplastic\im_Metaplastic\CROPPED\059_01.bmp,im_Metaplastic
C:\Users\PAVAN H\Downloads\SIPaKMeD\im_Dyskeratotic\im_Dyskeratotic\CROPPED\031_06.bmp,im_Dyskeratotic
C:\Users\PAVAN H\Downloads\SIPaKMeD\im_Metaplastic\im_Metaplastic\CROPPED\091_01.bmp,im_Metaplastic
C:\Users\PAVAN H\Downloads\SIPaKMeD\im_Parabasal\im_Parabasal\069.bmp,im_Parabasal
C:\Users\PAVAN H\Downloads\SIPaKMeD\im_Metaplastic\im_Metaplastic\039.bmp,im_Metaplastic
C:\Users\PAVAN H\Downloads\SIPaKMeD\im_Metaplastic\im_Metaplastic\CROPPED\091_03.bmp,im_Metaplastic
C:\Users\PAVAN H\Downloads\SIPaKMeD\im_Parabasal\im_Parabasal\001.bmp,im_Parabasal
C:\Users\PAVAN H\Downloads\SIPaKMeD\im_Metaplastic\im_Metaplastic\CROPPED\218_02.bmp,im_Metaplastic
C:\Users\PAVAN H\Downloads\SIPaKMeD\im_Superficial-Intermediate\im_Superficial-Intermediate\CROPPED\010_04.bmp,im_Superficial-Intermediate
C:\Users\PAVAN H\Downloads\SIPaKMeD\im_Dyskeratotic\im_Dyskeratotic\223.bmp,im_Dyskeratotic
C:\Users\PAVAN H\Downloads\SIPaKMeD\im_Koilocytotic\im_Koilocytotic\CROPPED\144_01.bmp,im_Koilocytotic
C:\Users\PAVAN H\Downloads\SIPaKMeD\im_Parabasal\im_Parabasal\CROPPED\050_06.bmp,im_Parabasal
C:\Users\PAVAN H\Downloads\SIPaKMeD\im_Dyskeratotic\im_Dyskeratotic\CROPPED\038_05.bmp,im_Dyskeratotic
C:\Users\PAVAN H\Downloads\SIPaKMeD\im_Parabasal\im_Parabasal\CROPPED\037_06.bmp,im_Parabasal
C:\Users\PAVAN H\Downloads\SIPaKMeD\im_Koilocytotic\im_Koilocytotic\CROPPED\099_06.bmp,im_Koilocytotic
C:\Users\PAVAN H\Downloads\SIPaKMeD\im_Metaplastic\im_Metaplastic\129.bmp,im_Metaplastic
C:\Users\PAVAN H\Downloads\SIPaKMeD\im_Koilocytotic\im_Koilocytotic\021.bmp,im_Koilocytotic
C:\Users\PAVAN H\Downloads\SIPaKMeD\im_Metaplastic\im_Metaplastic\147.bmp,im_Metaplastic
C:\Users\PAVAN H\Downloads\SIPaKMeD\im_Superficial-Intermediate\im_Superficial-Intermediate\CROPPED\026_01.bmp,im_Superficial-Intermediate
C:\Users\PAVAN H\Downloads\SIPaKMeD\im_Parabasal\im_Parabasal\CROPPED\064_04.bmp,im_Parabasal
C:\Users\PAVAN H\Downloads\SIPaKMeD\im_Dyskeratotic\im_Dyskeratotic\CROPPED\203_03.bmp,im_Dyskeratotic
C:\Users\PAVAN H\Downloads\SIPaKMeD\im_Parabasal\im_Parabasal\027.bmp,im_Parabasal
C:\Users\PAVAN H\Downloads\SIPaKMeD\im_Koilocytotic\im_Koilocytotic\CROPPED\123_04.bmp,im_Koilocytotic
C:\Users\PAVAN H\Downloads\SIPaKMeD\im_Metaplastic\im_Metaplastic\224.bmp,im_Metaplastic
C:\Users\PAVAN H\Downloads\SIPaKMeD\im_Superficial-Intermediate\im_Superficial-Intermediate\CROPPED\106_04.bmp,im_Superficial-Intermediate
C:\Users\PAVAN H\Downloads\SIPaKMeD\im_Dyskeratotic\im_Dyskeratotic\CROPPED\150_01.bmp,im_Dyskeratotic
C:\Users\PAVAN H\Downloads\SIPaKMeD\im_Koilocytotic\im_Koilocytotic\CROPPED\083_01.bmp,im_Koilocytotic
C:\Users\PAVAN H\Downloads\SIPaKMeD\im_Superficial-Intermediate\im_Superficial-Intermediate\CROPPED\107_05.bmp,im_Superficial-Intermediate
C:\Users\PAVAN H\Downloads\SIPaKMeD\im_Parabasal\im_Parabasal\CROPPED\009_04.bmp,im_Parabasal
C:\Users\PAVAN H\Downloads\SIPaKMeD\im_Parabasal\im_Parabasal\CROPPED\027_06.bmp,im_Parabasal
C:\Users\PAVAN H\Downloads\SIPaKMeD\im_Dyskeratotic\im_Dyskeratotic\126.bmp,im_Dyskeratotic
C:\Users\PAVAN H\Downloads\SIPaKMeD\im_Parabasal\im_Parabasal\CROPPED\044_01.bmp,im_Parabasal
C:\Users\PAVAN H\Downloads\SIPaKMeD\im_Metaplastic\im_Metaplastic\CROPPED\255_02.bmp,im_Metaplastic
C:\Users\PAVAN H\Downloads\SIPaKMeD\im_Metaplastic\im_Metaplastic\CROPPED\057_01.bmp,im_Metaplastic
C:\Users\PAVAN H\Downloads\SIPaKMeD\im_Metaplastic\im_Metaplastic\CROPPED\218_01.bmp,im_Metaplastic
C:\Users\PAVAN H\Downloads\SIPaKMeD\im_Parabasal\im_Parabasal\CROPPED\066_04.bmp,im_Parabasal
C:\Users\PAVAN H\Downloads\SIPaKMeD\im_Koilocytotic\im_Koilocytotic\CROPPED\128_07.bmp,im_Koilocytotic
C:\Users\PAVAN H\Downloads\SIPaKMeD\im_Koilocytotic\im_Koilocytotic\CROPPED\236_01.bmp,im_Koilocytotic
C:\Users\PAVAN H\Downloads\SIPaKMeD\im_Metaplastic\im_Metaplastic\133.bmp,im_Metaplastic
C:\Users\PAVAN H\Downloads\SIPaKMeD\im_Superficial-Intermediate\im_Superficial-Intermediate\CROPPED\124_04.bmp,im_Superficial-Intermediate
C:\Users\PAVAN H\Downloads\SIPaKMeD\im_Superficial-Intermediate\im_Superficial-Intermediate\CROPPED\067_07.bmp,im_Superficial-Intermediate
C:\Users\PAVAN H\Downloads\SIPaKMeD\im_Metaplastic\im_Metaplastic\CROPPED\230_03.bmp,im_Metaplastic
C:\Users\PAVAN H\Downloads\SIPaKMeD\im_Dyskeratotic\im_Dyskeratotic\CROPPED\066_08.bmp,im_Dyskeratotic
C:\Users\PAVAN H\Downloads\SIPaKMeD\im_Metaplastic\im_Metaplastic\CROPPED\158_01.bmp,im_Metaplastic
C:\Users\PAVAN H\Downloads\SIPaKMeD\im_Dyskeratotic\im_Dyskeratotic\CROPPED\136_03.bmp,im_Dyskeratotic
C:\Users\PAVAN H\Downloads\SIPaKMeD\im_Koilocytotic\im_Koilocytotic\CROPPED\012_02.bmp,im_Koilocytotic
C:\Users\PAVAN H\Downloads\SIPaKMeD\im_Dyskeratotic\im_Dyskeratotic\137.bmp,im_Dyskeratotic
C:\Users\PAVAN H\Downloads\SIPaKMeD\im_Metaplastic\im_Metaplastic\136.bmp,im_Metaplastic
C:\Users\PAVAN H\Downloads\SIPaKMeD\im_Metaplastic\im_Metaplastic\CROPPED\265_03.bmp,im_Metaplastic
C:\Users\PAVAN H\Downloads\SIPaKMeD\im_Superficial-Intermediate\im_Superficial-Intermediate\CROPPED\060_07.bmp,im_Superficial-Intermediate
C:\Users\PAVAN H\Downloads\SIPaKMeD\im_Parabasal\im_Parabasal\CROPPED\008_06.bmp,im_Parabasal
C:\Users\PAVAN H\Downloads\SIPaKMeD\im_Superficial-Intermediate\im_Superficial-Intermediate\CROPPED\103_03.bmp,im_Superficial-Intermediate
C:\Users\PAVAN H\Downloads\SIPaKMeD\im_Metaplastic\im_Metaplastic\CROPPED\218_06.bmp,im_Metaplastic
C:\Users\PAVAN H\Downloads\SIPaKMeD\im_Dyskeratotic\im_Dyskeratotic\CROPPED\067_13.bmp,im_Dyskeratotic
C:\Users\PAVAN H\Downloads\SIPaKMeD\im_Parabasal\im_Parabasal\CROPPED\083_01.bmp,im_Parabasal
C:\Users\PAVAN H\Downloads\SIPaKMeD\im_Koilocytotic\im_Koilocytotic\215.bmp,im_Koilocytotic
C:\Users\PAVAN H\Downloads\SIPaKMeD\im_Parabasal\im_Parabasal\CROPPED\054_04.bmp,im_Parabasal
C:\Users\PAVAN H\Downloads\SIPaKMeD\im_Superficial-Intermediate\im_Superficial-Intermediate\CROPPED\094_04.bmp,im_Superficial-Intermediate
C:\Users\PAVAN H\Downloads\SIPaKMeD\im_Metaplastic\im_Metaplastic\CROPPED\193_01.bmp,im_Metaplastic
C:\Users\PAVAN H\Downloads\SIPaKMeD\im_Parabasal\im_Parabasal\046.bmp,im_Parabasal
C:\Users\PAVAN H\Downloads\SIPaKMeD\im_Koilocytotic\im_Koilocytotic\CROPPED\155_03.bmp,im_Koilocytotic
C:\Users\PAVAN H\Downloads\SIPaKMeD\im_Superficial-Intermediate\im_Superficial-Intermediate\CROPPED\019_06.bmp,im_Superficial-Intermediate
C:\Users\PAVAN H\Downloads\SIPaKMeD\im_Parabasal\im_Parabasal\CROPPED\095_05.bmp,im_Parabasal
C:\Users\PAVAN H\Downloads\SIPaKMeD\im_Superficial-Intermediate\im_Superficial-Intermediate\CROPPED\047_04.bmp,im_Superficial-Intermediate
C:\Users\PAVAN H\Downloads\SIPaKMeD\im_Koilocytotic\im_Koilocytotic\CROPPED\094_04.bmp,im_Koilocytotic
C:\Users\PAVAN H\Downloads\SIPaKMeD\im_Superficial-Intermediate\im_Superficial-Intermediate\CROPPED\044_02.bmp,im_Superficial-Intermediate
C:\Users\PAVAN H\Downloads\SIPaKMeD\im_Superficial-Intermediate\im_Superficial-Intermediate\CROPPED\017_18.bmp,im_Superficial-Intermediate
C:\Users\PAVAN H\Downloads\SIPaKMeD\im_Superficial-Intermediate\im_Superficial-Intermediate\CROPPED\067_02.bmp,im_Superficial-Intermediate
C:\Users\PAVAN H\Downloads\SIPaKMeD\im_Metaplastic\im_Metaplastic\CROPPED\108_01.bmp,im_Metaplastic
C:\Users\PAVAN H\Downloads\SIPaKMeD\im_Koilocytotic\im_Koilocytotic\CROPPED\178_01.bmp,im_Koilocytotic
C:\Users\PAVAN H\Downloads\SIPaKMeD\im_Dyskeratotic\im_Dyskeratotic\CROPPED\101_11.bmp,im_Dyskeratotic
C:\Users\PAVAN H\Downloads\SIPaKMeD\im_Metaplastic\im_Metaplastic\CROPPED\256_04.bmp,im_Metaplastic
C:\Users\PAVAN H\Downloads\SIPaKMeD\im_Superficial-Intermediate\im_Superficial-Intermediate\CROPPED\065_03.bmp,im_Superficial-Intermediate
C:\Users\PAVAN H\Downloads\SIPaKMeD\im_Koilocytotic\im_Koilocytotic\CROPPED\100_03.bmp,im_Koilocytotic
C:\Users\PAVAN H\Downloads\SIPaKMeD\im_Superficial-Intermediate\im_Superficial-Intermediate\CROPPED\118_10.bmp,im_Superficial-Intermediate
C:\Users\PAVAN H\Downloads\SIPaKMeD\im_Superficial-Intermediate\im_Superficial-Intermediate\CROPPED\007_03.bmp,im_Superficial-Intermediate
C:\Users\PAVAN H\Downloads\SIPaKMeD\im_Parabasal\im_Parabasal\CROPPED\089_02.bmp,im_Parabasal
C:\Users\PAVAN H\Downloads\SIPaKMeD\im_Parabasal\im_Parabasal\CROPPED\093_09.bmp,im_Parabasal
C:\Users\PAVAN H\Downloads\SIPaKMeD\im_Superficial-Intermediate\im_Superficial-Intermediate\CROPPED\054_04.bmp,im_Superficial-Intermediate
C:\Users\PAVAN H\Downloads\SIPaKMeD\im_Metaplastic\im_Metaplastic\247.bmp,im_Metaplastic
C:\Users\PAVAN H\Downloads\SIPaKMeD\im_Superficial-Intermediate\im_Superficial-Intermediate\CROPPED\078_06.bmp,im_Superficial-Intermediate
C:\Users\PAVAN H\Downloads\SIPaKMeD\im_Parabasal\im_Parabasal\CROPPED\065_02.bmp,im_Parabasal
C:\Users\PAVAN H\Downloads\SIPaKMeD\im_Parabasal\im_Parabasal\CROPPED\006_05.bmp,im_Parabasal
C:\Users\PAVAN H\Downloads\SIPaKMeD\im_Metaplastic\im_Metaplastic\251.bmp,im_Metaplastic
C:\Users\PAVAN H\Downloads\SIPaKMeD\im_Superficial-Intermediate\im_Superficial-Intermediate\CROPPED\013_03.bmp,im_Superficial-Intermediate
C:\Users\PAVAN H\Downloads\SIPaKMeD\im_Dyskeratotic\im_Dyskeratotic\CROPPED\129_01.bmp,im_Dyskeratotic
C:\Users\PAVAN H\Downloads\SIPaKMeD\im_Koilocytotic\im_Koilocytotic\CROPPED\102_04.bmp,im_Koilocytotic
C:\Users\PAVAN H\Downloads\SIPaKMeD\im_Metaplastic\im_Metaplastic\CROPPED\023_02.bmp,im_Metaplastic
C:\Users\PAVAN H\Downloads\SIPaKMeD\im_Superficial-Intermediate\im_Superficial-Intermediate\CROPPED\095_04.bmp,im_Superficial-Intermediate
C:\Users\PAVAN H\Downloads\SIPaKMeD\im_Koilocytotic\im_Koilocytotic\015.bmp,im_Koilocytotic
C:\Users\PAVAN H\Downloads\SIPaKMeD\im_Parabasal\im_Parabasal\CROPPED\044_07.bmp,im_Parabasal
C:\Users\PAVAN H\Downloads\SIPaKMeD\im_Parabasal\im_Parabasal\CROPPED\062_11.bmp,im_Parabasal
C:\Users\PAVAN H\Downloads\SIPaKMeD\im_Metaplastic\im_Metaplastic\137.bmp,im_Metaplastic
C:\Users\PAVAN H\Downloads\SIPaKMeD\im_Dyskeratotic\im_Dyskeratotic\CROPPED\219_09.bmp,im_Dyskeratotic
C:\Users\PAVAN H\Downloads\SIPaKMeD\im_Superficial-Intermediate\im_Superficial-Intermediate\CROPPED\004_03.bmp,im_Superficial-Intermediate
C:\Users\PAVAN H\Downloads\SIPaKMeD\im_Dyskeratotic\im_Dyskeratotic\CROPPED\014_02.bmp,im_Dyskeratotic
C:\Users\PAVAN H\Downloads\SIPaKMeD\im_Metaplastic\im_Metaplastic\CROPPED\064_03.bmp,im_Metaplastic
C:\Users\PAVAN H\Downloads\SIPaKMeD\im_Koilocytotic\im_Koilocytotic\CROPPED\140_05.bmp,im_Koilocytotic
C:\Users\PAVAN H\Downloads\SIPaKMeD\im_Superficial-Intermediate\im_Superficial-Intermediate\108.bmp,im_Superficial-Intermediate
C:\Users\PAVAN H\Downloads\SIPaKMeD\im_Superficial-Intermediate\im_Superficial-Intermediate\CROPPED\116_01.bmp,im_Superficial-Intermediate
C:\Users\PAVAN H\Downloads\SIPaKMeD\im_Dyskeratotic\im_Dyskeratotic\CROPPED\064_01.bmp,im_Dyskeratotic
C:\Users\PAVAN H\Downloads\SIPaKMeD\im_Superficial-Intermediate\im_Superficial-Intermediate\CROPPED\066_02.bmp,im_Superficial-Intermediate
C:\Users\PAVAN H\Downloads\SIPaKMeD\im_Dyskeratotic\im_Dyskeratotic\172.bmp,im_Dyskeratotic
C:\Users\PAVAN H\Downloads\SIPaKMeD\im_Parabasal\im_Parabasal\CROPPED\094_04.bmp,im_Parabasal
C:\Users\PAVAN H\Downloads\SIPaKMeD\im_Koilocytotic\im_Koilocytotic\045.bmp,im_Koilocytotic
C:\Users\PAVAN H\Downloads\SIPaKMeD\im_Dyskeratotic\im_Dyskeratotic\CROPPED\067_01.bmp,im_Dyskeratotic
C:\Users\PAVAN H\Downloads\SIPaKMeD\im_Koilocytotic\im_Koilocytotic\CROPPED\030_03.bmp,im_Koilocytotic
C:\Users\PAVAN H\Downloads\SIPaKMeD\im_Metaplastic\im_Metaplastic\CROPPED\132_03.bmp,im_Metaplastic
C:\Users\PAVAN H\Downloads\SIPaKMeD\im_Superficial-Intermediate\im_Superficial-Intermediate\CROPPED\020_04.bmp,im_Superficial-Intermediate
C:\Users\PAVAN H\Downloads\SIPaKMeD\im_Superficial-Intermediate\im_Superficial-Intermediate\CROPPED\017_02.bmp,im_Superficial-Intermediate
C:\Users\PAVAN H\Downloads\SIPaKMeD\im_Metaplastic\im_Metaplastic\CROPPED\263_01.bmp,im_Metaplastic
C:\Users\PAVAN H\Downloads\SIPaKMeD\im_Dyskeratotic\im_Dyskeratotic\CROPPED\101_09.bmp,im_Dyskeratotic
C:\Users\PAVAN H\Downloads\SIPaKMeD\im_Dyskeratotic\im_Dyskeratotic\CROPPED\131_02.bmp,im_Dyskeratotic
C:\Users\PAVAN H\Downloads\SIPaKMeD\im_Parabasal\im_Parabasal\106.bmp,im_Parabasal
C:\Users\PAVAN H\Downloads\SIPaKMeD\im_Koilocytotic\im_Koilocytotic\CROPPED\107_03.bmp,im_Koilocytotic
C:\Users\PAVAN H\Downloads\SIPaKMeD\im_Metaplastic\im_Metaplastic\CROPPED\259_01.bmp,im_Metaplastic
C:\Users\PAVAN H\Downloads\SIPaKMeD\im_Superficial-Intermediate\im_Superficial-Intermediate\CROPPED\004_02.bmp,im_Superficial-Intermediate
C:\Users\PAVAN H\Downloads\SIPaKMeD\im_Parabasal\im_Parabasal\CROPPED\057_14.bmp,im_Parabasal
C:\Users\PAVAN H\Downloads\SIPaKMeD\im_Koilocytotic\im_Koilocytotic\060.bmp,im_Koilocytotic
C:\Users\PAVAN H\Downloads\SIPaKMeD\im_Koilocytotic\im_Koilocytotic\012.bmp,im_Koilocytotic
C:\Users\PAVAN H\Downloads\SIPaKMeD\im_Koilocytotic\im_Koilocytotic\CROPPED\108_03.bmp,im_Koilocytotic
C:\Users\PAVAN H\Downloads\SIPaKMeD\im_Parabasal\im_Parabasal\CROPPED\038_05.bmp,im_Parabasal
C:\Users\PAVAN H\Downloads\SIPaKMeD\im_Metaplastic\im_Metaplastic\CROPPED\124_01.bmp,im_Metaplastic
C:\Users\PAVAN H\Downloads\SIPaKMeD\im_Parabasal\im_Parabasal\CROPPED\055_03.bmp,im_Parabasal
C:\Users\PAVAN H\Downloads\SIPaKMeD\im_Koilocytotic\im_Koilocytotic\CROPPED\124_04.bmp,im_Koilocytotic
C:\Users\PAVAN H\Downloads\SIPaKMeD\im_Metaplastic\im_Metaplastic\025.bmp,im_Metaplastic
C:\Users\PAVAN H\Downloads\SIPaKMeD\im_Dyskeratotic\im_Dyskeratotic\CROPPED\185_01.bmp,im_Dyskeratotic
C:\Users\PAVAN H\Downloads\SIPaKMeD\im_Dyskeratotic\im_Dyskeratotic\CROPPED\107_01.bmp,im_Dyskeratotic
C:\Users\PAVAN H\Downloads\SIPaKMeD\im_Parabasal\im_Parabasal\CROPPED\096_08.bmp,im_Parabasal
C:\Users\PAVAN H\Downloads\SIPaKMeD\im_Koilocytotic\im_Koilocytotic\CROPPED\145_01.bmp,im_Koilocytotic
C:\Users\PAVAN H\Downloads\SIPaKMeD\im_Parabasal\im_Parabasal\CROPPED\089_05.bmp,im_Parabasal
C:\Users\PAVAN H\Downloads\SIPaKMeD\im_Dyskeratotic\im_Dyskeratotic\219.bmp,im_Dyskeratotic
C:\Users\PAVAN H\Downloads\SIPaKMeD\im_Koilocytotic\im_Koilocytotic\CROPPED\088_07.bmp,im_Koilocytotic
C:\Users\PAVAN H\Downloads\SIPaKMeD\im_Dyskeratotic\im_Dyskeratotic\CROPPED\015_03.bmp,im_Dyskeratotic
C:\Users\PAVAN H\Downloads\SIPaKMeD\im_Dyskeratotic\im_Dyskeratotic\CROPPED\065_02.bmp,im_Dyskeratotic
C:\Users\PAVAN H\Downloads\SIPaKMeD\im_Koilocytotic\im_Koilocytotic\CROPPED\007_01.bmp,im_Koilocytotic
C:\Users\PAVAN H\Downloads\SIPaKMeD\im_Koilocytotic\im_Koilocytotic\CROPPED\116_01.bmp,im_Koilocytotic
C:\Users\PAVAN H\Downloads\SIPaKMeD\im_Koilocytotic\im_Koilocytotic\CROPPED\001_01.bmp,im_Koilocytotic
C:\Users\PAVAN H\Downloads\SIPaKMeD\im_Metaplastic\im_Metaplastic\CROPPED\033_01.bmp,im_Metaplastic
C:\Users\PAVAN H\Downloads\SIPaKMeD\im_Koilocytotic\im_Koilocytotic\CROPPED\134_02.bmp,im_Koilocytotic
C:\Users\PAVAN H\Downloads\SIPaKMeD\im_Metaplastic\im_Metaplastic\CROPPED\206_01.bmp,im_Metaplastic
C:\Users\PAVAN H\Downloads\SIPaKMeD\im_Superficial-Intermediate\im_Superficial-Intermediate\CROPPED\063_03.bmp,im_Superficial-Intermediate
C:\Users\PAVAN H\Downloads\SIPaKMeD\im_Koilocytotic\im_Koilocytotic\CROPPED\171_02.bmp,im_Koilocytotic
C:\Users\PAVAN H\Downloads\SIPaKMeD\im_Koilocytotic\im_Koilocytotic\131.bmp,im_Koilocytotic
C:\Users\PAVAN H\Downloads\SIPaKMeD\im_Metaplastic\im_Metaplastic\CROPPED\261_07.bmp,im_Metaplastic
C:\Users\PAVAN H\Downloads\SIPaKMeD\im_Dyskeratotic\im_Dyskeratotic\CROPPED\030_02.bmp,im_Dyskeratotic
C:\Users\PAVAN H\Downloads\SIPaKMeD\im_Superficial-Intermediate\im_Superficial-Intermediate\CROPPED\119_05.bmp,im_Superficial-Intermediate
C:\Users\PAVAN H\Downloads\SIPaKMeD\im_Koilocytotic\im_Koilocytotic\CROPPED\097_02.bmp,im_Koilocytotic
C:\Users\PAVAN H\Downloads\SIPaKMeD\im_Koilocytotic\im_Koilocytotic\CROPPED\149_01.bmp,im_Koilocytotic
C:\Users\PAVAN H\Downloads\SIPaKMeD\im_Parabasal\im_Parabasal\CROPPED\044_05.bmp,im_Parabasal
C:\Users\PAVAN H\Downloads\SIPaKMeD\im_Parabasal\im_Parabasal\CROPPED\099_15.bmp,im_Parabasal
C:\Users\PAVAN H\Downloads\SIPaKMeD\im_Metaplastic\im_Metaplastic\CROPPED\057_02.bmp,im_Metaplastic
C:\Users\PAVAN H\Downloads\SIPaKMeD\im_Superficial-Intermediate\im_Superficial-Intermediate\CROPPED\011_01.bmp,im_Superficial-Intermediate
C:\Users\PAVAN H\Downloads\SIPaKMeD\im_Parabasal\im_Parabasal\CROPPED\018_03.bmp,im_Parabasal
C:\Users\PAVAN H\Downloads\SIPaKMeD\im_Koilocytotic\im_Koilocytotic\CROPPED\097_04.bmp,im_Koilocytotic
C:\Users\PAVAN H\Downloads\SIPaKMeD\im_Parabasal\im_Parabasal\CROPPED\066_07.bmp,im_Parabasal
C:\Users\PAVAN H\Downloads\SIPaKMeD\im_Parabasal\im_Parabasal\CROPPED\094_02.bmp,im_Parabasal
C:\Users\PAVAN H\Downloads\SIPaKMeD\im_Parabasal\im_Parabasal\CROPPED\047_07.bmp,im_Parabasal
C:\Users\PAVAN H\Downloads\SIPaKMeD\im_Metaplastic\im_Metaplastic\CROPPED\263_02.bmp,im_Metaplastic
C:\Users\PAVAN H\Downloads\SIPaKMeD\im_Metaplastic\im_Metaplastic\CROPPED\096_02.bmp,im_Metaplastic
C:\Users\PAVAN H\Downloads\SIPaKMeD\im_Koilocytotic\im_Koilocytotic\070.bmp,im_Koilocytotic
C:\Users\PAVAN H\Downloads\SIPaKMeD\im_Metaplastic\im_Metaplastic\003.bmp,im_Metaplastic
C:\Users\PAVAN H\Downloads\SIPaKMeD\im_Dyskeratotic\im_Dyskeratotic\CROPPED\120_01.bmp,im_Dyskeratotic
C:\Users\PAVAN H\Downloads\SIPaKMeD\im_Metaplastic\im_Metaplastic\CROPPED\193_06.bmp,im_Metaplastic
C:\Users\PAVAN H\Downloads\SIPaKMeD\im_Dyskeratotic\im_Dyskeratotic\CROPPED\173_01.bmp,im_Dyskeratotic
C:\Users\PAVAN H\Downloads\SIPaKMeD\im_Parabasal\im_Parabasal\CROPPED\102_01.bmp,im_Parabasal
C:\Users\PAVAN H\Downloads\SIPaKMeD\im_Metaplastic\im_Metaplastic\CROPPED\025_01.bmp,im_Metaplastic
C:\Users\PAVAN H\Downloads\SIPaKMeD\im_Superficial-Intermediate\im_Superficial-Intermediate\CROPPED\095_05.bmp,im_Superficial-Intermediate
C:\Users\PAVAN H\Downloads\SIPaKMeD\im_Parabasal\im_Parabasal\CROPPED\006_02.bmp,im_Parabasal
C:\Users\PAVAN H\Downloads\SIPaKMeD\im_Metaplastic\im_Metaplastic\CROPPED\164_04.bmp,im_Metaplastic
C:\Users\PAVAN H\Downloads\SIPaKMeD\im_Superficial-Intermediate\im_Superficial-Intermediate\CROPPED\006_06.bmp,im_Superficial-Intermediate
C:\Users\PAVAN H\Downloads\SIPaKMeD\im_Dyskeratotic\im_Dyskeratotic\CROPPED\019_07.bmp,im_Dyskeratotic
C:\Users\PAVAN H\Downloads\SIPaKMeD\im_Superficial-Intermediate\im_Superficial-Intermediate\CROPPED\007_12.bmp,im_Superficial-Intermediate
C:\Users\PAVAN H\Downloads\SIPaKMeD\im_Metaplastic\im_Metaplastic\CROPPED\191_01.bmp,im_Metaplastic
C:\Users\PAVAN H\Downloads\SIPaKMeD\im_Metaplastic\im_Metaplastic\184.bmp,im_Metaplastic
C:\Users\PAVAN H\Downloads\SIPaKMeD\im_Parabasal\im_Parabasal\CROPPED\052_04.bmp,im_Parabasal
C:\Users\PAVAN H\Downloads\SIPaKMeD\im_Metaplastic\im_Metaplastic\CROPPED\261_05.bmp,im_Metaplastic
C:\Users\PAVAN H\Downloads\SIPaKMeD\im_Koilocytotic\im_Koilocytotic\CROPPED\152_02.bmp,im_Koilocytotic
C:\Users\PAVAN H\Downloads\SIPaKMeD\im_Dyskeratotic\im_Dyskeratotic\CROPPED\194_04.bmp,im_Dyskeratotic
C:\Users\PAVAN H\Downloads\SIPaKMeD\im_Superficial-Intermediate\im_Superficial-Intermediate\CROPPED\109_02.bmp,im_Superficial-Intermediate
C:\Users\PAVAN H\Downloads\SIPaKMeD\im_Metaplastic\im_Metaplastic\CROPPED\006_04.bmp,im_Metaplastic
C:\Users\PAVAN H\Downloads\SIPaKMeD\im_Metaplastic\im_Metaplastic\CROPPED\155_02.bmp,im_Metaplastic
C:\Users\PAVAN H\Downloads\SIPaKMeD\im_Dyskeratotic\im_Dyskeratotic\CROPPED\116_03.bmp,im_Dyskeratotic
C:\Users\PAVAN H\Downloads\SIPaKMeD\im_Koilocytotic\im_Koilocytotic\CROPPED\212_01.bmp,im_Koilocytotic
C:\Users\PAVAN H\Downloads\SIPaKMeD\im_Dyskeratotic\im_Dyskeratotic\CROPPED\102_08.bmp,im_Dyskeratotic
C:\Users\PAVAN H\Downloads\SIPaKMeD\im_Koilocytotic\im_Koilocytotic\150.bmp,im_Koilocytotic
C:\Users\PAVAN H\Downloads\SIPaKMeD\im_Parabasal\im_Parabasal\CROPPED\096_10.bmp,im_Parabasal
C:\Users\PAVAN H\Downloads\SIPaKMeD\im_Dyskeratotic\im_Dyskeratotic\136.bmp,im_Dyskeratotic
C:\Users\PAVAN H\Downloads\SIPaKMeD\im_Metaplastic\im_Metaplastic\CROPPED\129_02.bmp,im_Metaplastic
C:\Users\PAVAN H\Downloads\SIPaKMeD\im_Superficial-Intermediate\im_Superficial-Intermediate\CROPPED\097_08.bmp,im_Superficial-Intermediate
C:\Users\PAVAN H\Downloads\SIPaKMeD\im_Dyskeratotic\im_Dyskeratotic\216.bmp,im_Dyskeratotic
C:\Users\PAVAN H\Downloads\SIPaKMeD\im_Metaplastic\im_Metaplastic\CROPPED\152_03.bmp,im_Metaplastic
C:\Users\PAVAN H\Downloads\SIPaKMeD\im_Koilocytotic\im_Koilocytotic\CROPPED\015_01.bmp,im_Koilocytotic
C:\Users\PAVAN H\Downloads\SIPaKMeD\im_Koilocytotic\im_Koilocytotic\137.bmp,im_Koilocytotic
C:\Users\PAVAN H\Downloads\SIPaKMeD\im_Parabasal\im_Parabasal\CROPPED\107_04.bmp,im_Parabasal
C:\Users\PAVAN H\Downloads\SIPaKMeD\im_Parabasal\im_Parabasal\CROPPED\070_04.bmp,im_Parabasal
C:\Users\PAVAN H\Downloads\SIPaKMeD\im_Koilocytotic\im_Koilocytotic\CROPPED\086_04.bmp,im_Koilocytotic
C:\Users\PAVAN H\Downloads\SIPaKMeD\im_Dyskeratotic\im_Dyskeratotic\CROPPED\067_18.bmp,im_Dyskeratotic
C:\Users\PAVAN H\Downloads\SIPaKMeD\im_Dyskeratotic\im_Dyskeratotic\CROPPED\043_01.bmp,im_Dyskeratotic
C:\Users\PAVAN H\Downloads\SIPaKMeD\im_Dyskeratotic\im_Dyskeratotic\CROPPED\101_15.bmp,im_Dyskeratotic
C:\Users\PAVAN H\Downloads\SIPaKMeD\im_Dyskeratotic\im_Dyskeratotic\107.bmp,im_Dyskeratotic
C:\Users\PAVAN H\Downloads\SIPaKMeD\im_Dyskeratotic\im_Dyskeratotic\CROPPED\046_01.bmp,im_Dyskeratotic
C:\Users\PAVAN H\Downloads\SIPaKMeD\im_Metaplastic\im_Metaplastic\CROPPED\167_04.bmp,im_Metaplastic
C:\Users\PAVAN H\Downloads\SIPaKMeD\im_Superficial-Intermediate\im_Superficial-Intermediate\CROPPED\013_02.bmp,im_Superficial-Intermediate
C:\Users\PAVAN H\Downloads\SIPaKMeD\im_Koilocytotic\im_Koilocytotic\CROPPED\130_03.bmp,im_Koilocytotic
C:\Users\PAVAN H\Downloads\SIPaKMeD\im_Koilocytotic\im_Koilocytotic\197.bmp,im_Koilocytotic
C:\Users\PAVAN H\Downloads\SIPaKMeD\im_Metaplastic\im_Metaplastic\CROPPED\048_01.bmp,im_Metaplastic
C:\Users\PAVAN H\Downloads\SIPaKMeD\im_Dyskeratotic\im_Dyskeratotic\CROPPED\124_04.bmp,im_Dyskeratotic
C:\Users\PAVAN H\Downloads\SIPaKMeD\im_Dyskeratotic\im_Dyskeratotic\CROPPED\011_10.bmp,im_Dyskeratotic
C:\Users\PAVAN H\Downloads\SIPaKMeD\im_Metaplastic\im_Metaplastic\CROPPED\210_01.bmp,im_Metaplastic
C:\Users\PAVAN H\Downloads\SIPaKMeD\im_Superficial-Intermediate\im_Superficial-Intermediate\CROPPED\064_03.bmp,im_Superficial-Intermediate
C:\Users\PAVAN H\Downloads\SIPaKMeD\im_Dyskeratotic\im_Dyskeratotic\CROPPED\219_10.bmp,im_Dyskeratotic
C:\Users\PAVAN H\Downloads\SIPaKMeD\im_Dyskeratotic\im_Dyskeratotic\CROPPED\175_01.bmp,im_Dyskeratotic
C:\Users\PAVAN H\Downloads\SIPaKMeD\im_Dyskeratotic\im_Dyskeratotic\CROPPED\104_09.bmp,im_Dyskeratotic
C:\Users\PAVAN H\Downloads\SIPaKMeD\im_Dyskeratotic\im_Dyskeratotic\CROPPED\059_03.bmp,im_Dyskeratotic
C:\Users\PAVAN H\Downloads\SIPaKMeD\im_Koilocytotic\im_Koilocytotic\089.bmp,im_Koilocytotic
C:\Users\PAVAN H\Downloads\SIPaKMeD\im_Superficial-Intermediate\im_Superficial-Intermediate\CROPPED\123_04.bmp,im_Superficial-Intermediate
C:\Users\PAVAN H\Downloads\SIPaKMeD\im_Superficial-Intermediate\im_Superficial-Intermediate\011.bmp,im_Superficial-Intermediate
C:\Users\PAVAN H\Downloads\SIPaKMeD\im_Superficial-Intermediate\im_Superficial-Intermediate\CROPPED\017_16.bmp,im_Superficial-Intermediate
C:\Users\PAVAN H\Downloads\SIPaKMeD\im_Koilocytotic\im_Koilocytotic\CROPPED\094_01.bmp,im_Koilocytotic
C:\Users\PAVAN H\Downloads\SIPaKMeD\im_Koilocytotic\im_Koilocytotic\CROPPED\133_06.bmp,im_Koilocytotic
C:\Users\PAVAN H\Downloads\SIPaKMeD\im_Superficial-Intermediate\im_Superficial-Intermediate\CROPPED\057_08.bmp,im_Superficial-Intermediate
C:\Users\PAVAN H\Downloads\SIPaKMeD\im_Superficial-Intermediate\im_Superficial-Intermediate\CROPPED\102_07.bmp,im_Superficial-Intermediate
C:\Users\PAVAN H\Downloads\SIPaKMeD\im_Metaplastic\im_Metaplastic\CROPPED\252_02.bmp,im_Metaplastic
C:\Users\PAVAN H\Downloads\SIPaKMeD\im_Parabasal\im_Parabasal\CROPPED\084_02.bmp,im_Parabasal
C:\Users\PAVAN H\Downloads\SIPaKMeD\im_Koilocytotic\im_Koilocytotic\CROPPED\089_05.bmp,im_Koilocytotic
C:\Users\PAVAN H\Downloads\SIPaKMeD\im_Metaplastic\im_Metaplastic\086.bmp,im_Metaplastic
C:\Users\PAVAN H\Downloads\SIPaKMeD\im_Dyskeratotic\im_Dyskeratotic\213.bmp,im_Dyskeratotic
C:\Users\PAVAN H\Downloads\SIPaKMeD\im_Superficial-Intermediate\im_Superficial-Intermediate\CROPPED\009_04.bmp,im_Superficial-Intermediate
C:\Users\PAVAN H\Downloads\SIPaKMeD\im_Dyskeratotic\im_Dyskeratotic\CROPPED\037_01.bmp,im_Dyskeratotic
C:\Users\PAVAN H\Downloads\SIPaKMeD\im_Metaplastic\im_Metaplastic\CROPPED\164_02.bmp,im_Metaplastic
C:\Users\PAVAN H\Downloads\SIPaKMeD\im_Dyskeratotic\im_Dyskeratotic\CROPPED\066_11.bmp,im_Dyskeratotic
C:\Users\PAVAN H\Downloads\SIPaKMeD\im_Parabasal\im_Parabasal\079.bmp,im_Parabasal
C:\Users\PAVAN H\Downloads\SIPaKMeD\im_Superficial-Intermediate\im_Superficial-Intermediate\CROPPED\108_01.bmp,im_Superficial-Intermediate
C:\Users\PAVAN H\Downloads\SIPaKMeD\im_Metaplastic\im_Metaplastic\CROPPED\078_02.bmp,im_Metaplastic
C:\Users\PAVAN H\Downloads\SIPaKMeD\im_Superficial-Intermediate\im_Superficial-Intermediate\106.bmp,im_Superficial-Intermediate
C:\Users\PAVAN H\Downloads\SIPaKMeD\im_Metaplastic\im_Metaplastic\CROPPED\118_02.bmp,im_Metaplastic
C:\Users\PAVAN H\Downloads\SIPaKMeD\im_Dyskeratotic\im_Dyskeratotic\CROPPED\127_03.bmp,im_Dyskeratotic
C:\Users\PAVAN H\Downloads\SIPaKMeD\im_Metaplastic\im_Metaplastic\CROPPED\057_03.bmp,im_Metaplastic
C:\Users\PAVAN H\Downloads\SIPaKMeD\im_Dyskeratotic\im_Dyskeratotic\CROPPED\059_07.bmp,im_Dyskeratotic
C:\Users\PAVAN H\Downloads\SIPaKMeD\im_Metaplastic\im_Metaplastic\193.bmp,im_Metaplastic
C:\Users\PAVAN H\Downloads\SIPaKMeD\im_Dyskeratotic\im_Dyskeratotic\CROPPED\199_03.bmp,im_Dyskeratotic
C:\Users\PAVAN H\Downloads\SIPaKMeD\im_Koilocytotic\im_Koilocytotic\212.bmp,im_Koilocytotic
C:\Users\PAVAN H\Downloads\SIPaKMeD\im_Koilocytotic\im_Koilocytotic\CROPPED\146_01.bmp,im_Koilocytotic
C:\Users\PAVAN H\Downloads\SIPaKMeD\im_Koilocytotic\im_Koilocytotic\CROPPED\143_01.bmp,im_Koilocytotic
C:\Users\PAVAN H\Downloads\SIPaKMeD\im_Metaplastic\im_Metaplastic\CROPPED\074_10.bmp,im_Metaplastic
C:\Users\PAVAN H\Downloads\SIPaKMeD\im_Koilocytotic\im_Koilocytotic\CROPPED\088_06.bmp,im_Koilocytotic
C:\Users\PAVAN H\Downloads\SIPaKMeD\im_Koilocytotic\im_Koilocytotic\CROPPED\088_10.bmp,im_Koilocytotic
C:\Users\PAVAN H\Downloads\SIPaKMeD\im_Parabasal\im_Parabasal\CROPPED\106_01.bmp,im_Parabasal
C:\Users\PAVAN H\Downloads\SIPaKMeD\im_Koilocytotic\im_Koilocytotic\CROPPED\094_08.bmp,im_Koilocytotic
C:\Users\PAVAN H\Downloads\SIPaKMeD\im_Koilocytotic\im_Koilocytotic\CROPPED\088_03.bmp,im_Koilocytotic
C:\Users\PAVAN H\Downloads\SIPaKMeD\im_Koilocytotic\im_Koilocytotic\CROPPED\130_05.bmp,im_Koilocytotic
C:\Users\PAVAN H\Downloads\SIPaKMeD\im_Metaplastic\im_Metaplastic\CROPPED\002_09.bmp,im_Metaplastic
C:\Users\PAVAN H\Downloads\SIPaKMeD\im_Metaplastic\im_Metaplastic\CROPPED\102_04.bmp,im_Metaplastic
C:\Users\PAVAN H\Downloads\SIPaKMeD\im_Metaplastic\im_Metaplastic\CROPPED\199_01.bmp,im_Metaplastic
C:\Users\PAVAN H\Downloads\SIPaKMeD\im_Parabasal\im_Parabasal\CROPPED\050_04.bmp,im_Parabasal
C:\Users\PAVAN H\Downloads\SIPaKMeD\im_Parabasal\im_Parabasal\CROPPED\093_20.bmp,im_Parabasal
C:\Users\PAVAN H\Downloads\SIPaKMeD\im_Metaplastic\im_Metaplastic\CROPPED\002_06.bmp,im_Metaplastic
C:\Users\PAVAN H\Downloads\SIPaKMeD\im_Metaplastic\im_Metaplastic\194.bmp,im_Metaplastic
C:\Users\PAVAN H\Downloads\SIPaKMeD\im_Parabasal\im_Parabasal\CROPPED\045_02.bmp,im_Parabasal
C:\Users\PAVAN H\Downloads\SIPaKMeD\im_Dyskeratotic\im_Dyskeratotic\CROPPED\202_01.bmp,im_Dyskeratotic
C:\Users\PAVAN H\Downloads\SIPaKMeD\im_Superficial-Intermediate\im_Superficial-Intermediate\105.bmp,im_Superficial-Intermediate
C:\Users\PAVAN H\Downloads\SIPaKMeD\im_Superficial-Intermediate\im_Superficial-Intermediate\CROPPED\023_01.bmp,im_Superficial-Intermediate
C:\Users\PAVAN H\Downloads\SIPaKMeD\im_Dyskeratotic\im_Dyskeratotic\CROPPED\048_02.bmp,im_Dyskeratotic
C:\Users\PAVAN H\Downloads\SIPaKMeD\im_Dyskeratotic\im_Dyskeratotic\CROPPED\031_09.bmp,im_Dyskeratotic
C:\Users\PAVAN H\Downloads\SIPaKMeD\im_Koilocytotic\im_Koilocytotic\CROPPED\065_02.bmp,im_Koilocytotic
C:\Users\PAVAN H\Downloads\SIPaKMeD\im_Dyskeratotic\im_Dyskeratotic\CROPPED\005_02.bmp,im_Dyskeratotic
C:\Users\PAVAN H\Downloads\SIPaKMeD\im_Superficial-Intermediate\im_Superficial-Intermediate\CROPPED\011_03.bmp,im_Superficial-Intermediate
C:\Users\PAVAN H\Downloads\SIPaKMeD\im_Dyskeratotic\im_Dyskeratotic\059.bmp,im_Dyskeratotic
C:\Users\PAVAN H\Downloads\SIPaKMeD\im_Koilocytotic\im_Koilocytotic\CROPPED\130_12.bmp,im_Koilocytotic
C:\Users\PAVAN H\Downloads\SIPaKMeD\im_Dyskeratotic\im_Dyskeratotic\CROPPED\136_02.bmp,im_Dyskeratotic
C:\Users\PAVAN H\Downloads\SIPaKMeD\im_Superficial-Intermediate\im_Superficial-Intermediate\CROPPED\114_04.bmp,im_Superficial-Intermediate
C:\Users\PAVAN H\Downloads\SIPaKMeD\im_Koilocytotic\im_Koilocytotic\CROPPED\051_03.bmp,im_Koilocytotic
C:\Users\PAVAN H\Downloads\SIPaKMeD\im_Superficial-Intermediate\im_Superficial-Intermediate\CROPPED\072_01.bmp,im_Superficial-Intermediate
C:\Users\PAVAN H\Downloads\SIPaKMeD\im_Parabasal\im_Parabasal\CROPPED\058_05.bmp,im_Parabasal
C:\Users\PAVAN H\Downloads\SIPaKMeD\im_Parabasal\im_Parabasal\019.bmp,im_Parabasal
C:\Users\PAVAN H\Downloads\SIPaKMeD\im_Superficial-Intermediate\im_Superficial-Intermediate\CROPPED\107_04.bmp,im_Superficial-Intermediate
C:\Users\PAVAN H\Downloads\SIPaKMeD\im_Dyskeratotic\im_Dyskeratotic\CROPPED\131_01.bmp,im_Dyskeratotic
C:\Users\PAVAN H\Downloads\SIPaKMeD\im_Superficial-Intermediate\im_Superficial-Intermediate\CROPPED\114_01.bmp,im_Superficial-Intermediate
C:\Users\PAVAN H\Downloads\SIPaKMeD\im_Dyskeratotic\im_Dyskeratotic\CROPPED\209_02.bmp,im_Dyskeratotic
C:\Users\PAVAN H\Downloads\SIPaKMeD\im_Superficial-Intermediate\im_Superficial-Intermediate\CROPPED\006_07.bmp,im_Superficial-Intermediate
C:\Users\PAVAN H\Downloads\SIPaKMeD\im_Parabasal\im_Parabasal\CROPPED\008_02.bmp,im_Parabasal
C:\Users\PAVAN H\Downloads\SIPaKMeD\im_Metaplastic\im_Metaplastic\177.bmp,im_Metaplastic
C:\Users\PAVAN H\Downloads\SIPaKMeD\im_Superficial-Intermediate\im_Superficial-Intermediate\056.bmp,im_Superficial-Intermediate
C:\Users\PAVAN H\Downloads\SIPaKMeD\im_Koilocytotic\im_Koilocytotic\CROPPED\089_03.bmp,im_Koilocytotic
C:\Users\PAVAN H\Downloads\SIPaKMeD\im_Koilocytotic\im_Koilocytotic\CROPPED\097_08.bmp,im_Koilocytotic
C:\Users\PAVAN H\Downloads\SIPaKMeD\im_Superficial-Intermediate\im_Superficial-Intermediate\CROPPED\050_08.bmp,im_Superficial-Intermediate
C:\Users\PAVAN H\Downloads\SIPaKMeD\im_Parabasal\im_Parabasal\CROPPED\038_03.bmp,im_Parabasal
C:\Users\PAVAN H\Downloads\SIPaKMeD\im_Superficial-Intermediate\im_Superficial-Intermediate\CROPPED\123_03.bmp,im_Superficial-Intermediate
C:\Users\PAVAN H\Downloads\SIPaKMeD\im_Koilocytotic\im_Koilocytotic\CROPPED\078_02.bmp,im_Koilocytotic
C:\Users\PAVAN H\Downloads\SIPaKMeD\im_Koilocytotic\im_Koilocytotic\071.bmp,im_Koilocytotic
C:\Users\PAVAN H\Downloads\SIPaKMeD\im_Dyskeratotic\im_Dyskeratotic\CROPPED\199_01.bmp,im_Dyskeratotic
C:\Users\PAVAN H\Downloads\SIPaKMeD\im_Koilocytotic\im_Koilocytotic\CROPPED\084_05.bmp,im_Koilocytotic
C:\Users\PAVAN H\Downloads\SIPaKMeD\im_Dyskeratotic\im_Dyskeratotic\CROPPED\195_02.bmp,im_Dyskeratotic
C:\Users\PAVAN H\Downloads\SIPaKMeD\im_Metaplastic\im_Metaplastic\CROPPED\227_03.bmp,im_Metaplastic
C:\Users\PAVAN H\Downloads\SIPaKMeD\im_Koilocytotic\im_Koilocytotic\179.bmp,im_Koilocytotic
C:\Users\PAVAN H\Downloads\SIPaKMeD\im_Superficial-Intermediate\im_Superficial-Intermediate\065.bmp,im_Superficial-Intermediate
C:\Users\PAVAN H\Downloads\SIPaKMeD\im_Parabasal\im_Parabasal\CROPPED\005_03.bmp,im_Parabasal
C:\Users\PAVAN H\Downloads\SIPaKMeD\im_Koilocytotic\im_Koilocytotic\CROPPED\099_03.bmp,im_Koilocytotic
C:\Users\PAVAN H\Downloads\SIPaKMeD\im_Koilocytotic\im_Koilocytotic\CROPPED\128_05.bmp,im_Koilocytotic
C:\Users\PAVAN H\Downloads\SIPaKMeD\im_Superficial-Intermediate\im_Superficial-Intermediate\CROPPED\026_05.bmp,im_Superficial-Intermediate
C:\Users\PAVAN H\Downloads\SIPaKMeD\im_Parabasal\im_Parabasal\CROPPED\062_09.bmp,im_Parabasal
C:\Users\PAVAN H\Downloads\SIPaKMeD\im_Metaplastic\im_Metaplastic\CROPPED\082_08.bmp,im_Metaplastic
C:\Users\PAVAN H\Downloads\SIPaKMeD\im_Dyskeratotic\im_Dyskeratotic\CROPPED\010_01.bmp,im_Dyskeratotic
C:\Users\PAVAN H\Downloads\SIPaKMeD\im_Koilocytotic\im_Koilocytotic\CROPPED\191_01.bmp,im_Koilocytotic
C:\Users\PAVAN H\Downloads\SIPaKMeD\im_Koilocytotic\im_Koilocytotic\CROPPED\101_02.bmp,im_Koilocytotic
C:\Users\PAVAN H\Downloads\SIPaKMeD\im_Metaplastic\im_Metaplastic\CROPPED\123_02.bmp,im_Metaplastic
C:\Users\PAVAN H\Downloads\SIPaKMeD\im_Metaplastic\im_Metaplastic\CROPPED\097_03.bmp,im_Metaplastic
C:\Users\PAVAN H\Downloads\SIPaKMeD\im_Dyskeratotic\im_Dyskeratotic\CROPPED\197_01.bmp,im_Dyskeratotic
C:\Users\PAVAN H\Downloads\SIPaKMeD\im_Superficial-Intermediate\im_Superficial-Intermediate\CROPPED\004_05.bmp,im_Superficial-Intermediate
C:\Users\PAVAN H\Downloads\SIPaKMeD\im_Koilocytotic\im_Koilocytotic\CROPPED\045_03.bmp,im_Koilocytotic
C:\Users\PAVAN H\Downloads\SIPaKMeD\im_Superficial-Intermediate\im_Superficial-Intermediate\CROPPED\113_05.bmp,im_Superficial-Intermediate
C:\Users\PAVAN H\Downloads\SIPaKMeD\im_Parabasal\im_Parabasal\CROPPED\018_02.bmp,im_Parabasal
C:\Users\PAVAN H\Downloads\SIPaKMeD\im_Koilocytotic\im_Koilocytotic\177.bmp,im_Koilocytotic
C:\Users\PAVAN H\Downloads\SIPaKMeD\im_Koilocytotic\im_Koilocytotic\184.bmp,im_Koilocytotic
C:\Users\PAVAN H\Downloads\SIPaKMeD\im_Metaplastic\im_Metaplastic\CROPPED\234_02.bmp,im_Metaplastic
C:\Users\PAVAN H\Downloads\SIPaKMeD\im_Dyskeratotic\im_Dyskeratotic\176.bmp,im_Dyskeratotic
C:\Users\PAVAN H\Downloads\SIPaKMeD\im_Superficial-Intermediate\im_Superficial-Intermediate\CROPPED\114_06.bmp,im_Superficial-Intermediate
C:\Users\PAVAN H\Downloads\SIPaKMeD\im_Koilocytotic\im_Koilocytotic\CROPPED\108_07.bmp,im_Koilocytotic
C:\Users\PAVAN H\Downloads\SIPaKMeD\im_Metaplastic\im_Metaplastic\CROPPED\074_08.bmp,im_Metaplastic
C:\Users\PAVAN H\Downloads\SIPaKMeD\im_Parabasal\im_Parabasal\CROPPED\104_03.bmp,im_Parabasal
C:\Users\PAVAN H\Downloads\SIPaKMeD\im_Parabasal\im_Parabasal\CROPPED\070_02.bmp,im_Parabasal
C:\Users\PAVAN H\Downloads\SIPaKMeD\im_Koilocytotic\im_Koilocytotic\CROPPED\037_02.bmp,im_Koilocytotic
C:\Users\PAVAN H\Downloads\SIPaKMeD\im_Parabasal\im_Parabasal\CROPPED\011_11.bmp,im_Parabasal
C:\Users\PAVAN H\Downloads\SIPaKMeD\im_Koilocytotic\im_Koilocytotic\CROPPED\134_04.bmp,im_Koilocytotic
C:\Users\PAVAN H\Downloads\SIPaKMeD\im_Dyskeratotic\im_Dyskeratotic\191.bmp,im_Dyskeratotic
C:\Users\PAVAN H\Downloads\SIPaKMeD\im_Metaplastic\im_Metaplastic\CROPPED\203_04.bmp,im_Metaplastic
C:\Users\PAVAN H\Downloads\SIPaKMeD\im_Parabasal\im_Parabasal\CROPPED\065_03.bmp,im_Parabasal
C:\Users\PAVAN H\Downloads\SIPaKMeD\im_Koilocytotic\im_Koilocytotic\CROPPED\027_02.bmp,im_Koilocytotic
C:\Users\PAVAN H\Downloads\SIPaKMeD\im_Superficial-Intermediate\im_Superficial-Intermediate\CROPPED\116_04.bmp,im_Superficial-Intermediate
C:\Users\PAVAN H\Downloads\SIPaKMeD\im_Superficial-Intermediate\im_Superficial-Intermediate\CROPPED\094_05.bmp,im_Superficial-Intermediate
C:\Users\PAVAN H\Downloads\SIPaKMeD\im_Superficial-Intermediate\im_Superficial-Intermediate\CROPPED\027_01.bmp,im_Superficial-Intermediate
C:\Users\PAVAN H\Downloads\SIPaKMeD\im_Superficial-Intermediate\im_Superficial-Intermediate\CROPPED\078_04.bmp,im_Superficial-Intermediate
C:\Users\PAVAN H\Downloads\SIPaKMeD\im_Dyskeratotic\im_Dyskeratotic\CROPPED\066_02.bmp,im_Dyskeratotic
C:\Users\PAVAN H\Downloads\SIPaKMeD\im_Metaplastic\im_Metaplastic\221.bmp,im_Metaplastic
C:\Users\PAVAN H\Downloads\SIPaKMeD\im_Koilocytotic\im_Koilocytotic\CROPPED\146_06.bmp,im_Koilocytotic
C:\Users\PAVAN H\Downloads\SIPaKMeD\im_Metaplastic\im_Metaplastic\CROPPED\101_03.bmp,im_Metaplastic
C:\Users\PAVAN H\Downloads\SIPaKMeD\im_Koilocytotic\im_Koilocytotic\145.bmp,im_Koilocytotic
C:\Users\PAVAN H\Downloads\SIPaKMeD\im_Metaplastic\im_Metaplastic\040.bmp,im_Metaplastic
C:\Users\PAVAN H\Downloads\SIPaKMeD\im_Koilocytotic\im_Koilocytotic\CROPPED\095_14.bmp,im_Koilocytotic
C:\Users\PAVAN H\Downloads\SIPaKMeD\im_Superficial-Intermediate\im_Superficial-Intermediate\CROPPED\063_06.bmp,im_Superficial-Intermediate
C:\Users\PAVAN H\Downloads\SIPaKMeD\im_Superficial-Intermediate\im_Superficial-Intermediate\CROPPED\050_03.bmp,im_Superficial-Intermediate
C:\Users\PAVAN H\Downloads\SIPaKMeD\im_Koilocytotic\im_Koilocytotic\116.bmp,im_Koilocytotic
C:\Users\PAVAN H\Downloads\SIPaKMeD\im_Superficial-Intermediate\im_Superficial-Intermediate\051.bmp,im_Superficial-Intermediate
C:\Users\PAVAN H\Downloads\SIPaKMeD\im_Parabasal\im_Parabasal\CROPPED\008_07.bmp,im_Parabasal
C:\Users\PAVAN H\Downloads\SIPaKMeD\im_Parabasal\im_Parabasal\CROPPED\024_03.bmp,im_Parabasal
C:\Users\PAVAN H\Downloads\SIPaKMeD\im_Superficial-Intermediate\im_Superficial-Intermediate\CROPPED\008_03.bmp,im_Superficial-Intermediate
C:\Users\PAVAN H\Downloads\SIPaKMeD\im_Dyskeratotic\im_Dyskeratotic\CROPPED\104_05.bmp,im_Dyskeratotic
C:\Users\PAVAN H\Downloads\SIPaKMeD\im_Superficial-Intermediate\im_Superficial-Intermediate\CROPPED\006_03.bmp,im_Superficial-Intermediate
C:\Users\PAVAN H\Downloads\SIPaKMeD\im_Dyskeratotic\im_Dyskeratotic\CROPPED\199_04.bmp,im_Dyskeratotic
C:\Users\PAVAN H\Downloads\SIPaKMeD\im_Metaplastic\im_Metaplastic\CROPPED\168_01.bmp,im_Metaplastic
C:\Users\PAVAN H\Downloads\SIPaKMeD\im_Dyskeratotic\im_Dyskeratotic\CROPPED\066_07.bmp,im_Dyskeratotic
C:\Users\PAVAN H\Downloads\SIPaKMeD\im_Koilocytotic\im_Koilocytotic\CROPPED\011_06.bmp,im_Koilocytotic
C:\Users\PAVAN H\Downloads\SIPaKMeD\im_Koilocytotic\im_Koilocytotic\CROPPED\052_01.bmp,im_Koilocytotic
C:\Users\PAVAN H\Downloads\SIPaKMeD\im_Metaplastic\im_Metaplastic\226.bmp,im_Metaplastic
C:\Users\PAVAN H\Downloads\SIPaKMeD\im_Superficial-Intermediate\im_Superficial-Intermediate\CROPPED\004_04.bmp,im_Superficial-Intermediate
C:\Users\PAVAN H\Downloads\SIPaKMeD\im_Dyskeratotic\im_Dyskeratotic\CROPPED\010_03.bmp,im_Dyskeratotic
C:\Users\PAVAN H\Downloads\SIPaKMeD\im_Metaplastic\im_Metaplastic\CROPPED\024_03.bmp,im_Metaplastic
C:\Users\PAVAN H\Downloads\SIPaKMeD\im_Dyskeratotic\im_Dyskeratotic\CROPPED\218_01.bmp,im_Dyskeratotic
C:\Users\PAVAN H\Downloads\SIPaKMeD\im_Metaplastic\im_Metaplastic\CROPPED\264_01.bmp,im_Metaplastic
C:\Users\PAVAN H\Downloads\SIPaKMeD\im_Superficial-Intermediate\im_Superficial-Intermediate\CROPPED\081_01.bmp,im_Superficial-Intermediate
C:\Users\PAVAN H\Downloads\SIPaKMeD\im_Parabasal\im_Parabasal\CROPPED\067_05.bmp,im_Parabasal
C:\Users\PAVAN H\Downloads\SIPaKMeD\im_Metaplastic\im_Metaplastic\CROPPED\240_01.bmp,im_Metaplastic
C:\Users\PAVAN H\Downloads\SIPaKMeD\im_Koilocytotic\im_Koilocytotic\152.bmp,im_Koilocytotic
C:\Users\PAVAN H\Downloads\SIPaKMeD\im_Koilocytotic\im_Koilocytotic\CROPPED\234_02.bmp,im_Koilocytotic
C:\Users\PAVAN H\Downloads\SIPaKMeD\im_Parabasal\im_Parabasal\CROPPED\101_03.bmp,im_Parabasal
C:\Users\PAVAN H\Downloads\SIPaKMeD\im_Parabasal\im_Parabasal\CROPPED\047_04.bmp,im_Parabasal
C:\Users\PAVAN H\Downloads\SIPaKMeD\im_Superficial-Intermediate\im_Superficial-Intermediate\CROPPED\106_02.bmp,im_Superficial-Intermediate
C:\Users\PAVAN H\Downloads\SIPaKMeD\im_Koilocytotic\im_Koilocytotic\CROPPED\095_03.bmp,im_Koilocytotic
C:\Users\PAVAN H\Downloads\SIPaKMeD\im_Dyskeratotic\im_Dyskeratotic\CROPPED\010_05.bmp,im_Dyskeratotic
C:\Users\PAVAN H\Downloads\SIPaKMeD\im_Koilocytotic\im_Koilocytotic\CROPPED\161_01.bmp,im_Koilocytotic
C:\Users\PAVAN H\Downloads\SIPaKMeD\im_Parabasal\im_Parabasal\025.bmp,im_Parabasal
C:\Users\PAVAN H\Downloads\SIPaKMeD\im_Dyskeratotic\im_Dyskeratotic\CROPPED\055_01.bmp,im_Dyskeratotic
C:\Users\PAVAN H\Downloads\SIPaKMeD\im_Metaplastic\im_Metaplastic\CROPPED\226_01.bmp,im_Metaplastic
C:\Users\PAVAN H\Downloads\SIPaKMeD\im_Koilocytotic\im_Koilocytotic\023.bmp,im_Koilocytotic
C:\Users\PAVAN H\Downloads\SIPaKMeD\im_Superficial-Intermediate\im_Superficial-Intermediate\CROPPED\073_01.bmp,im_Superficial-Intermediate
C:\Users\PAVAN H\Downloads\SIPaKMeD\im_Superficial-Intermediate\im_Superficial-Intermediate\CROPPED\087_01.bmp,im_Superficial-Intermediate
C:\Users\PAVAN H\Downloads\SIPaKMeD\im_Dyskeratotic\im_Dyskeratotic\CROPPED\003_05.bmp,im_Dyskeratotic
C:\Users\PAVAN H\Downloads\SIPaKMeD\im_Koilocytotic\im_Koilocytotic\CROPPED\110_02.bmp,im_Koilocytotic
C:\Users\PAVAN H\Downloads\SIPaKMeD\im_Parabasal\im_Parabasal\CROPPED\006_03.bmp,im_Parabasal
C:\Users\PAVAN H\Downloads\SIPaKMeD\im_Koilocytotic\im_Koilocytotic\CROPPED\128_03.bmp,im_Koilocytotic
C:\Users\PAVAN H\Downloads\SIPaKMeD\im_Superficial-Intermediate\im_Superficial-Intermediate\116.bmp,im_Superficial-Intermediate
C:\Users\PAVAN H\Downloads\SIPaKMeD\im_Dyskeratotic\im_Dyskeratotic\CROPPED\117_01.bmp,im_Dyskeratotic
C:\Users\PAVAN H\Downloads\SIPaKMeD\im_Parabasal\im_Parabasal\CROPPED\013_03.bmp,im_Parabasal
C:\Users\PAVAN H\Downloads\SIPaKMeD\im_Metaplastic\im_Metaplastic\CROPPED\022_01.bmp,im_Metaplastic
C:\Users\PAVAN H\Downloads\SIPaKMeD\im_Koilocytotic\im_Koilocytotic\118.bmp,im_Koilocytotic
C:\Users\PAVAN H\Downloads\SIPaKMeD\im_Parabasal\im_Parabasal\CROPPED\057_05.bmp,im_Parabasal
C:\Users\PAVAN H\Downloads\SIPaKMeD\im_Koilocytotic\im_Koilocytotic\CROPPED\094_10.bmp,im_Koilocytotic
C:\Users\PAVAN H\Downloads\SIPaKMeD\im_Dyskeratotic\im_Dyskeratotic\CROPPED\114_07.bmp,im_Dyskeratotic
C:\Users\PAVAN H\Downloads\SIPaKMeD\im_Dyskeratotic\im_Dyskeratotic\CROPPED\037_07.bmp,im_Dyskeratotic
C:\Users\PAVAN H\Downloads\SIPaKMeD\im_Parabasal\im_Parabasal\CROPPED\097_03.bmp,im_Parabasal
C:\Users\PAVAN H\Downloads\SIPaKMeD\im_Dyskeratotic\im_Dyskeratotic\CROPPED\054_01.bmp,im_Dyskeratotic
C:\Users\PAVAN H\Downloads\SIPaKMeD\im_Parabasal\im_Parabasal\CROPPED\043_04.bmp,im_Parabasal
C:\Users\PAVAN H\Downloads\SIPaKMeD\im_Dyskeratotic\im_Dyskeratotic\135.bmp,im_Dyskeratotic
C:\Users\PAVAN H\Downloads\SIPaKMeD\im_Dyskeratotic\im_Dyskeratotic\CROPPED\219_02.bmp,im_Dyskeratotic
C:\Users\PAVAN H\Downloads\SIPaKMeD\im_Superficial-Intermediate\im_Superficial-Intermediate\CROPPED\105_02.bmp,im_Superficial-Intermediate
C:\Users\PAVAN H\Downloads\SIPaKMeD\im_Parabasal\im_Parabasal\CROPPED\012_05.bmp,im_Parabasal
C:\Users\PAVAN H\Downloads\SIPaKMeD\im_Koilocytotic\im_Koilocytotic\CROPPED\093_05.bmp,im_Koilocytotic
C:\Users\PAVAN H\Downloads\SIPaKMeD\im_Superficial-Intermediate\im_Superficial-Intermediate\CROPPED\021_06.bmp,im_Superficial-Intermediate
C:\Users\PAVAN H\Downloads\SIPaKMeD\im_Dyskeratotic\im_Dyskeratotic\094.bmp,im_Dyskeratotic
C:\Users\PAVAN H\Downloads\SIPaKMeD\im_Koilocytotic\im_Koilocytotic\CROPPED\096_01.bmp,im_Koilocytotic
C:\Users\PAVAN H\Downloads\SIPaKMeD\im_Koilocytotic\im_Koilocytotic\CROPPED\149_02.bmp,im_Koilocytotic
C:\Users\PAVAN H\Downloads\SIPaKMeD\im_Metaplastic\im_Metaplastic\CROPPED\221_03.bmp,im_Metaplastic
C:\Users\PAVAN H\Downloads\SIPaKMeD\im_Koilocytotic\im_Koilocytotic\CROPPED\053_02.bmp,im_Koilocytotic
C:\Users\PAVAN H\Downloads\SIPaKMeD\im_Parabasal\im_Parabasal\CROPPED\101_02.bmp,im_Parabasal
C:\Users\PAVAN H\Downloads\SIPaKMeD\im_Koilocytotic\im_Koilocytotic\CROPPED\225_01.bmp,im_Koilocytotic
C:\Users\PAVAN H\Downloads\SIPaKMeD\im_Metaplastic\im_Metaplastic\CROPPED\088_03.bmp,im_Metaplastic
C:\Users\PAVAN H\Downloads\SIPaKMeD\im_Koilocytotic\im_Koilocytotic\CROPPED\054_02.bmp,im_Koilocytotic
C:\Users\PAVAN H\Downloads\SIPaKMeD\im_Parabasal\im_Parabasal\CROPPED\068_03.bmp,im_Parabasal
C:\Users\PAVAN H\Downloads\SIPaKMeD\im_Superficial-Intermediate\im_Superficial-Intermediate\CROPPED\001_02.bmp,im_Superficial-Intermediate
C:\Users\PAVAN H\Downloads\SIPaKMeD\im_Metaplastic\im_Metaplastic\CROPPED\200_03.bmp,im_Metaplastic
C:\Users\PAVAN H\Downloads\SIPaKMeD\im_Koilocytotic\im_Koilocytotic\CROPPED\015_06.bmp,im_Koilocytotic
C:\Users\PAVAN H\Downloads\SIPaKMeD\im_Koilocytotic\im_Koilocytotic\CROPPED\231_01.bmp,im_Koilocytotic
C:\Users\PAVAN H\Downloads\SIPaKMeD\im_Parabasal\im_Parabasal\CROPPED\070_11.bmp,im_Parabasal
C:\Users\PAVAN H\Downloads\SIPaKMeD\im_Metaplastic\im_Metaplastic\140.bmp,im_Metaplastic
C:\Users\PAVAN H\Downloads\SIPaKMeD\im_Parabasal\im_Parabasal\CROPPED\008_03.bmp,im_Parabasal
C:\Users\PAVAN H\Downloads\SIPaKMeD\im_Parabasal\im_Parabasal\CROPPED\097_12.bmp,im_Parabasal
C:\Users\PAVAN H\Downloads\SIPaKMeD\im_Dyskeratotic\im_Dyskeratotic\CROPPED\003_10.bmp,im_Dyskeratotic
C:\Users\PAVAN H\Downloads\SIPaKMeD\im_Superficial-Intermediate\im_Superficial-Intermediate\CROPPED\102_04.bmp,im_Superficial-Intermediate
C:\Users\PAVAN H\Downloads\SIPaKMeD\im_Metaplastic\im_Metaplastic\CROPPED\252_01.bmp,im_Metaplastic
C:\Users\PAVAN H\Downloads\SIPaKMeD\im_Dyskeratotic\im_Dyskeratotic\CROPPED\083_03.bmp,im_Dyskeratotic
C:\Users\PAVAN H\Downloads\SIPaKMeD\im_Koilocytotic\im_Koilocytotic\041.bmp,im_Koilocytotic
C:\Users\PAVAN H\Downloads\SIPaKMeD\im_Koilocytotic\im_Koilocytotic\CROPPED\154_02.bmp,im_Koilocytotic
C:\Users\PAVAN H\Downloads\SIPaKMeD\im_Metaplastic\im_Metaplastic\CROPPED\217_02.bmp,im_Metaplastic
C:\Users\PAVAN H\Downloads\SIPaKMeD\im_Parabasal\im_Parabasal\CROPPED\005_04.bmp,im_Parabasal
C:\Users\PAVAN H\Downloads\SIPaKMeD\im_Dyskeratotic\im_Dyskeratotic\CROPPED\117_03.bmp,im_Dyskeratotic
C:\Users\PAVAN H\Downloads\SIPaKMeD\im_Parabasal\im_Parabasal\077.bmp,im_Parabasal
C:\Users\PAVAN H\Downloads\SIPaKMeD\im_Parabasal\im_Parabasal\CROPPED\094_01.bmp,im_Parabasal
C:\Users\PAVAN H\Downloads\SIPaKMeD\im_Dyskeratotic\im_Dyskeratotic\086.bmp,im_Dyskeratotic
C:\Users\PAVAN H\Downloads\SIPaKMeD\im_Dyskeratotic\im_Dyskeratotic\CROPPED\125_02.bmp,im_Dyskeratotic
C:\Users\PAVAN H\Downloads\SIPaKMeD\im_Parabasal\im_Parabasal\CROPPED\081_05.bmp,im_Parabasal
C:\Users\PAVAN H\Downloads\SIPaKMeD\im_Parabasal\im_Parabasal\CROPPED\047_09.bmp,im_Parabasal
C:\Users\PAVAN H\Downloads\SIPaKMeD\im_Metaplastic\im_Metaplastic\124.bmp,im_Metaplastic
C:\Users\PAVAN H\Downloads\SIPaKMeD\im_Superficial-Intermediate\im_Superficial-Intermediate\CROPPED\070_01.bmp,im_Superficial-Intermediate
C:\Users\PAVAN H\Downloads\SIPaKMeD\im_Metaplastic\im_Metaplastic\CROPPED\041_01.bmp,im_Metaplastic
C:\Users\PAVAN H\Downloads\SIPaKMeD\im_Superficial-Intermediate\im_Superficial-Intermediate\CROPPED\019_02.bmp,im_Superficial-Intermediate
C:\Users\PAVAN H\Downloads\SIPaKMeD\im_Koilocytotic\im_Koilocytotic\CROPPED\099_13.bmp,im_Koilocytotic
C:\Users\PAVAN H\Downloads\SIPaKMeD\im_Superficial-Intermediate\im_Superficial-Intermediate\015.bmp,im_Superficial-Intermediate
C:\Users\PAVAN H\Downloads\SIPaKMeD\im_Metaplastic\im_Metaplastic\CROPPED\074_11.bmp,im_Metaplastic
C:\Users\PAVAN H\Downloads\SIPaKMeD\im_Koilocytotic\im_Koilocytotic\CROPPED\048_01.bmp,im_Koilocytotic
C:\Users\PAVAN H\Downloads\SIPaKMeD\im_Koilocytotic\im_Koilocytotic\062.bmp,im_Koilocytotic
C:\Users\PAVAN H\Downloads\SIPaKMeD\im_Superficial-Intermediate\im_Superficial-Intermediate\CROPPED\037_01.bmp,im_Superficial-Intermediate
C:\Users\PAVAN H\Downloads\SIPaKMeD\im_Dyskeratotic\im_Dyskeratotic\CROPPED\026_02.bmp,im_Dyskeratotic
C:\Users\PAVAN H\Downloads\SIPaKMeD\im_Superficial-Intermediate\im_Superficial-Intermediate\083.bmp,im_Superficial-Intermediate
C:\Users\PAVAN H\Downloads\SIPaKMeD\im_Dyskeratotic\im_Dyskeratotic\CROPPED\074_04.bmp,im_Dyskeratotic
C:\Users\PAVAN H\Downloads\SIPaKMeD\im_Parabasal\im_Parabasal\CROPPED\045_01.bmp,im_Parabasal
C:\Users\PAVAN H\Downloads\SIPaKMeD\im_Superficial-Intermediate\im_Superficial-Intermediate\CROPPED\092_02.bmp,im_Superficial-Intermediate
C:\Users\PAVAN H\Downloads\SIPaKMeD\im_Dyskeratotic\im_Dyskeratotic\015.bmp,im_Dyskeratotic
C:\Users\PAVAN H\Downloads\SIPaKMeD\im_Dyskeratotic\im_Dyskeratotic\003.bmp,im_Dyskeratotic
C:\Users\PAVAN H\Downloads\SIPaKMeD\im_Metaplastic\im_Metaplastic\CROPPED\109_01.bmp,im_Metaplastic
C:\Users\PAVAN H\Downloads\SIPaKMeD\im_Metaplastic\im_Metaplastic\CROPPED\162_01.bmp,im_Metaplastic
C:\Users\PAVAN H\Downloads\SIPaKMeD\im_Superficial-Intermediate\im_Superficial-Intermediate\CROPPED\066_09.bmp,im_Superficial-Intermediate
C:\Users\PAVAN H\Downloads\SIPaKMeD\im_Metaplastic\im_Metaplastic\CROPPED\193_03.bmp,im_Metaplastic
C:\Users\PAVAN H\Downloads\SIPaKMeD\im_Superficial-Intermediate\im_Superficial-Intermediate\CROPPED\109_01.bmp,im_Superficial-Intermediate
C:\Users\PAVAN H\Downloads\SIPaKMeD\im_Metaplastic\im_Metaplastic\CROPPED\261_06.bmp,im_Metaplastic
C:\Users\PAVAN H\Downloads\SIPaKMeD\im_Superficial-Intermediate\im_Superficial-Intermediate\CROPPED\070_05.bmp,im_Superficial-Intermediate
C:\Users\PAVAN H\Downloads\SIPaKMeD\im_Parabasal\im_Parabasal\CROPPED\042_02.bmp,im_Parabasal
C:\Users\PAVAN H\Downloads\SIPaKMeD\im_Superficial-Intermediate\im_Superficial-Intermediate\CROPPED\001_04.bmp,im_Superficial-Intermediate
C:\Users\PAVAN H\Downloads\SIPaKMeD\im_Parabasal\im_Parabasal\CROPPED\030_01.bmp,im_Parabasal
C:\Users\PAVAN H\Downloads\SIPaKMeD\im_Metaplastic\im_Metaplastic\CROPPED\217_05.bmp,im_Metaplastic
C:\Users\PAVAN H\Downloads\SIPaKMeD\im_Koilocytotic\im_Koilocytotic\CROPPED\178_02.bmp,im_Koilocytotic
C:\Users\PAVAN H\Downloads\SIPaKMeD\im_Metaplastic\im_Metaplastic\CROPPED\076_02.bmp,im_Metaplastic
C:\Users\PAVAN H\Downloads\SIPaKMeD\im_Superficial-Intermediate\im_Superficial-Intermediate\CROPPED\095_06.bmp,im_Superficial-Intermediate
C:\Users\PAVAN H\Downloads\SIPaKMeD\im_Superficial-Intermediate\im_Superficial-Intermediate\CROPPED\053_06.bmp,im_Superficial-Intermediate
C:\Users\PAVAN H\Downloads\SIPaKMeD\im_Metaplastic\im_Metaplastic\050.bmp,im_Metaplastic
C:\Users\PAVAN H\Downloads\SIPaKMeD\im_Superficial-Intermediate\im_Superficial-Intermediate\CROPPED\104_04.bmp,im_Superficial-Intermediate
C:\Users\PAVAN H\Downloads\SIPaKMeD\im_Parabasal\im_Parabasal\CROPPED\099_03.bmp,im_Parabasal
C:\Users\PAVAN H\Downloads\SIPaKMeD\im_Metaplastic\im_Metaplastic\268.bmp,im_Metaplastic
C:\Users\PAVAN H\Downloads\SIPaKMeD\im_Koilocytotic\im_Koilocytotic\130.bmp,im_Koilocytotic
C:\Users\PAVAN H\Downloads\SIPaKMeD\im_Dyskeratotic\im_Dyskeratotic\CROPPED\141_08.bmp,im_Dyskeratotic
C:\Users\PAVAN H\Downloads\SIPaKMeD\im_Metaplastic\im_Metaplastic\065.bmp,im_Metaplastic
C:\Users\PAVAN H\Downloads\SIPaKMeD\im_Superficial-Intermediate\im_Superficial-Intermediate\118.bmp,im_Superficial-Intermediate
C:\Users\PAVAN H\Downloads\SIPaKMeD\im_Parabasal\im_Parabasal\CROPPED\094_08.bmp,im_Parabasal
C:\Users\PAVAN H\Downloads\SIPaKMeD\im_Superficial-Intermediate\im_Superficial-Intermediate\CROPPED\112_05.bmp,im_Superficial-Intermediate
C:\Users\PAVAN H\Downloads\SIPaKMeD\im_Superficial-Intermediate\im_Superficial-Intermediate\114.bmp,im_Superficial-Intermediate
C:\Users\PAVAN H\Downloads\SIPaKMeD\im_Parabasal\im_Parabasal\CROPPED\106_03.bmp,im_Parabasal
C:\Users\PAVAN H\Downloads\SIPaKMeD\im_Metaplastic\im_Metaplastic\CROPPED\016_04.bmp,im_Metaplastic
C:\Users\PAVAN H\Downloads\SIPaKMeD\im_Parabasal\im_Parabasal\091.bmp,im_Parabasal
C:\Users\PAVAN H\Downloads\SIPaKMeD\im_Superficial-Intermediate\im_Superficial-Intermediate\CROPPED\103_05.bmp,im_Superficial-Intermediate
C:\Users\PAVAN H\Downloads\SIPaKMeD\im_Parabasal\im_Parabasal\CROPPED\101_06.bmp,im_Parabasal
C:\Users\PAVAN H\Downloads\SIPaKMeD\im_Koilocytotic\im_Koilocytotic\CROPPED\129_04.bmp,im_Koilocytotic
C:\Users\PAVAN H\Downloads\SIPaKMeD\im_Dyskeratotic\im_Dyskeratotic\CROPPED\100_08.bmp,im_Dyskeratotic
C:\Users\PAVAN H\Downloads\SIPaKMeD\im_Superficial-Intermediate\im_Superficial-Intermediate\CROPPED\002_04.bmp,im_Superficial-Intermediate
C:\Users\PAVAN H\Downloads\SIPaKMeD\im_Superficial-Intermediate\im_Superficial-Intermediate\CROPPED\076_04.bmp,im_Superficial-Intermediate
C:\Users\PAVAN H\Downloads\SIPaKMeD\im_Dyskeratotic\im_Dyskeratotic\CROPPED\031_07.bmp,im_Dyskeratotic
C:\Users\PAVAN H\Downloads\SIPaKMeD\im_Koilocytotic\im_Koilocytotic\142.bmp,im_Koilocytotic
C:\Users\PAVAN H\Downloads\SIPaKMeD\im_Parabasal\im_Parabasal\CROPPED\059_03.bmp,im_Parabasal
C:\Users\PAVAN H\Downloads\SIPaKMeD\im_Dyskeratotic\im_Dyskeratotic\CROPPED\069_03.bmp,im_Dyskeratotic
C:\Users\PAVAN H\Downloads\SIPaKMeD\im_Parabasal\im_Parabasal\CROPPED\056_06.bmp,im_Parabasal
C:\Users\PAVAN H\Downloads\SIPaKMeD\im_Metaplastic\im_Metaplastic\CROPPED\261_10.bmp,im_Metaplastic
C:\Users\PAVAN H\Downloads\SIPaKMeD\im_Metaplastic\im_Metaplastic\CROPPED\200_01.bmp,im_Metaplastic
C:\Users\PAVAN H\Downloads\SIPaKMeD\im_Superficial-Intermediate\im_Superficial-Intermediate\CROPPED\114_02.bmp,im_Superficial-Intermediate
C:\Users\PAVAN H\Downloads\SIPaKMeD\im_Koilocytotic\im_Koilocytotic\CROPPED\129_01.bmp,im_Koilocytotic
C:\Users\PAVAN H\Downloads\SIPaKMeD\im_Koilocytotic\im_Koilocytotic\102.bmp,im_Koilocytotic
C:\Users\PAVAN H\Downloads\SIPaKMeD\im_Superficial-Intermediate\im_Superficial-Intermediate\CROPPED\105_03.bmp,im_Superficial-Intermediate
C:\Users\PAVAN H\Downloads\SIPaKMeD\im_Superficial-Intermediate\im_Superficial-Intermediate\CROPPED\125_05.bmp,im_Superficial-Intermediate
C:\Users\PAVAN H\Downloads\SIPaKMeD\im_Superficial-Intermediate\im_Superficial-Intermediate\CROPPED\126_01.bmp,im_Superficial-Intermediate
C:\Users\PAVAN H\Downloads\SIPaKMeD\im_Parabasal\im_Parabasal\CROPPED\096_02.bmp,im_Parabasal
C:\Users\PAVAN H\Downloads\SIPaKMeD\im_Koilocytotic\im_Koilocytotic\CROPPED\123_01.bmp,im_Koilocytotic
C:\Users\PAVAN H\Downloads\SIPaKMeD\im_Superficial-Intermediate\im_Superficial-Intermediate\CROPPED\007_16.bmp,im_Superficial-Intermediate
C:\Users\PAVAN H\Downloads\SIPaKMeD\im_Parabasal\im_Parabasal\CROPPED\083_04.bmp,im_Parabasal
C:\Users\PAVAN H\Downloads\SIPaKMeD\im_Parabasal\im_Parabasal\CROPPED\001_09.bmp,im_Parabasal
C:\Users\PAVAN H\Downloads\SIPaKMeD\im_Metaplastic\im_Metaplastic\098.bmp,im_Metaplastic
C:\Users\PAVAN H\Downloads\SIPaKMeD\im_Koilocytotic\im_Koilocytotic\CROPPED\157_02.bmp,im_Koilocytotic
C:\Users\PAVAN H\Downloads\SIPaKMeD\im_Superficial-Intermediate\im_Superficial-Intermediate\CROPPED\060_02.bmp,im_Superficial-Intermediate
C:\Users\PAVAN H\Downloads\SIPaKMeD\im_Superficial-Intermediate\im_Superficial-Intermediate\CROPPED\086_04.bmp,im_Superficial-Intermediate
C:\Users\PAVAN H\Downloads\SIPaKMeD\im_Superficial-Intermediate\im_Superficial-Intermediate\CROPPED\051_03.bmp,im_Superficial-Intermediate
C:\Users\PAVAN H\Downloads\SIPaKMeD\im_Metaplastic\im_Metaplastic\CROPPED\264_03.bmp,im_Metaplastic
C:\Users\PAVAN H\Downloads\SIPaKMeD\im_Koilocytotic\im_Koilocytotic\165.bmp,im_Koilocytotic
C:\Users\PAVAN H\Downloads\SIPaKMeD\im_Parabasal\im_Parabasal\CROPPED\095_09.bmp,im_Parabasal
C:\Users\PAVAN H\Downloads\SIPaKMeD\im_Superficial-Intermediate\im_Superficial-Intermediate\CROPPED\124_01.bmp,im_Superficial-Intermediate
C:\Users\PAVAN H\Downloads\SIPaKMeD\im_Superficial-Intermediate\im_Superficial-Intermediate\CROPPED\067_05.bmp,im_Superficial-Intermediate
C:\Users\PAVAN H\Downloads\SIPaKMeD\im_Dyskeratotic\im_Dyskeratotic\CROPPED\117_02.bmp,im_Dyskeratotic
C:\Users\PAVAN H\Downloads\SIPaKMeD\im_Koilocytotic\im_Koilocytotic\CROPPED\012_01.bmp,im_Koilocytotic
C:\Users\PAVAN H\Downloads\SIPaKMeD\im_Dyskeratotic\im_Dyskeratotic\CROPPED\067_17.bmp,im_Dyskeratotic
C:\Users\PAVAN H\Downloads\SIPaKMeD\im_Parabasal\im_Parabasal\CROPPED\096_06.bmp,im_Parabasal
C:\Users\PAVAN H\Downloads\SIPaKMeD\im_Dyskeratotic\im_Dyskeratotic\CROPPED\102_05.bmp,im_Dyskeratotic
C:\Users\PAVAN H\Downloads\SIPaKMeD\im_Koilocytotic\im_Koilocytotic\CROPPED\196_02.bmp,im_Koilocytotic
C:\Users\PAVAN H\Downloads\SIPaKMeD\im_Dyskeratotic\im_Dyskeratotic\CROPPED\185_02.bmp,im_Dyskeratotic
C:\Users\PAVAN H\Downloads\SIPaKMeD\im_Metaplastic\im_Metaplastic\CROPPED\083_04.bmp,im_Metaplastic
C:\Users\PAVAN H\Downloads\SIPaKMeD\im_Metaplastic\im_Metaplastic\118.bmp,im_Metaplastic
C:\Users\PAVAN H\Downloads\SIPaKMeD\im_Koilocytotic\im_Koilocytotic\CROPPED\161_05.bmp,im_Koilocytotic
C:\Users\PAVAN H\Downloads\SIPaKMeD\im_Dyskeratotic\im_Dyskeratotic\022.bmp,im_Dyskeratotic
C:\Users\PAVAN H\Downloads\SIPaKMeD\im_Dyskeratotic\im_Dyskeratotic\CROPPED\110_01.bmp,im_Dyskeratotic
C:\Users\PAVAN H\Downloads\SIPaKMeD\im_Dyskeratotic\im_Dyskeratotic\CROPPED\173_06.bmp,im_Dyskeratotic
C:\Users\PAVAN H\Downloads\SIPaKMeD\im_Parabasal\im_Parabasal\CROPPED\011_04.bmp,im_Parabasal
C:\Users\PAVAN H\Downloads\SIPaKMeD\im_Parabasal\im_Parabasal\056.bmp,im_Parabasal
C:\Users\PAVAN H\Downloads\SIPaKMeD\im_Metaplastic\im_Metaplastic\CROPPED\083_07.bmp,im_Metaplastic
C:\Users\PAVAN H\Downloads\SIPaKMeD\im_Dyskeratotic\im_Dyskeratotic\CROPPED\011_02.bmp,im_Dyskeratotic
C:\Users\PAVAN H\Downloads\SIPaKMeD\im_Parabasal\im_Parabasal\CROPPED\069_13.bmp,im_Parabasal
C:\Users\PAVAN H\Downloads\SIPaKMeD\im_Koilocytotic\im_Koilocytotic\069.bmp,im_Koilocytotic
C:\Users\PAVAN H\Downloads\SIPaKMeD\im_Koilocytotic\im_Koilocytotic\189.bmp,im_Koilocytotic
C:\Users\PAVAN H\Downloads\SIPaKMeD\im_Koilocytotic\im_Koilocytotic\CROPPED\213_01.bmp,im_Koilocytotic
C:\Users\PAVAN H\Downloads\SIPaKMeD\im_Koilocytotic\im_Koilocytotic\CROPPED\149_03.bmp,im_Koilocytotic
C:\Users\PAVAN H\Downloads\SIPaKMeD\im_Metaplastic\im_Metaplastic\CROPPED\064_02.bmp,im_Metaplastic
C:\Users\PAVAN H\Downloads\SIPaKMeD\im_Koilocytotic\im_Koilocytotic\CROPPED\211_02.bmp,im_Koilocytotic
C:\Users\PAVAN H\Downloads\SIPaKMeD\im_Parabasal\im_Parabasal\CROPPED\077_05.bmp,im_Parabasal
C:\Users\PAVAN H\Downloads\SIPaKMeD\im_Koilocytotic\im_Koilocytotic\CROPPED\117_09.bmp,im_Koilocytotic
C:\Users\PAVAN H\Downloads\SIPaKMeD\im_Parabasal\im_Parabasal\CROPPED\071_01.bmp,im_Parabasal
C:\Users\PAVAN H\Downloads\SIPaKMeD\im_Metaplastic\im_Metaplastic\CROPPED\141_01.bmp,im_Metaplastic
C:\Users\PAVAN H\Downloads\SIPaKMeD\im_Dyskeratotic\im_Dyskeratotic\CROPPED\082_01.bmp,im_Dyskeratotic
C:\Users\PAVAN H\Downloads\SIPaKMeD\im_Parabasal\im_Parabasal\CROPPED\106_07.bmp,im_Parabasal
C:\Users\PAVAN H\Downloads\SIPaKMeD\im_Parabasal\im_Parabasal\CROPPED\070_08.bmp,im_Parabasal
C:\Users\PAVAN H\Downloads\SIPaKMeD\im_Parabasal\im_Parabasal\CROPPED\099_01.bmp,im_Parabasal
C:\Users\PAVAN H\Downloads\SIPaKMeD\im_Superficial-Intermediate\im_Superficial-Intermediate\CROPPED\027_05.bmp,im_Superficial-Intermediate
C:\Users\PAVAN H\Downloads\SIPaKMeD\im_Metaplastic\im_Metaplastic\CROPPED\271_01.bmp,im_Metaplastic
C:\Users\PAVAN H\Downloads\SIPaKMeD\im_Parabasal\im_Parabasal\CROPPED\037_01.bmp,im_Parabasal
C:\Users\PAVAN H\Downloads\SIPaKMeD\im_Superficial-Intermediate\im_Superficial-Intermediate\CROPPED\081_04.bmp,im_Superficial-Intermediate
C:\Users\PAVAN H\Downloads\SIPaKMeD\im_Koilocytotic\im_Koilocytotic\CROPPED\175_01.bmp,im_Koilocytotic
C:\Users\PAVAN H\Downloads\SIPaKMeD\im_Koilocytotic\im_Koilocytotic\CROPPED\098_01.bmp,im_Koilocytotic
C:\Users\PAVAN H\Downloads\SIPaKMeD\im_Metaplastic\im_Metaplastic\CROPPED\261_01.bmp,im_Metaplastic
C:\Users\PAVAN H\Downloads\SIPaKMeD\im_Parabasal\im_Parabasal\CROPPED\012_01.bmp,im_Parabasal
C:\Users\PAVAN H\Downloads\SIPaKMeD\im_Metaplastic\im_Metaplastic\CROPPED\002_08.bmp,im_Metaplastic
C:\Users\PAVAN H\Downloads\SIPaKMeD\im_Metaplastic\im_Metaplastic\122.bmp,im_Metaplastic
C:\Users\PAVAN H\Downloads\SIPaKMeD\im_Koilocytotic\im_Koilocytotic\CROPPED\051_02.bmp,im_Koilocytotic
C:\Users\PAVAN H\Downloads\SIPaKMeD\im_Koilocytotic\im_Koilocytotic\CROPPED\027_01.bmp,im_Koilocytotic
C:\Users\PAVAN H\Downloads\SIPaKMeD\im_Koilocytotic\im_Koilocytotic\CROPPED\195_01.bmp,im_Koilocytotic
C:\Users\PAVAN H\Downloads\SIPaKMeD\im_Superficial-Intermediate\im_Superficial-Intermediate\CROPPED\086_01.bmp,im_Superficial-Intermediate
C:\Users\PAVAN H\Downloads\SIPaKMeD\im_Koilocytotic\im_Koilocytotic\CROPPED\097_06.bmp,im_Koilocytotic
C:\Users\PAVAN H\Downloads\SIPaKMeD\im_Koilocytotic\im_Koilocytotic\CROPPED\099_11.bmp,im_Koilocytotic
C:\Users\PAVAN H\Downloads\SIPaKMeD\im_Koilocytotic\im_Koilocytotic\153.bmp,im_Koilocytotic
C:\Users\PAVAN H\Downloads\SIPaKMeD\im_Superficial-Intermediate\im_Superficial-Intermediate\CROPPED\116_05.bmp,im_Superficial-Intermediate
C:\Users\PAVAN H\Downloads\SIPaKMeD\im_Koilocytotic\im_Koilocytotic\CROPPED\037_03.bmp,im_Koilocytotic
C:\Users\PAVAN H\Downloads\SIPaKMeD\im_Koilocytotic\im_Koilocytotic\CROPPED\124_06.bmp,im_Koilocytotic
C:\Users\PAVAN H\Downloads\SIPaKMeD\im_Koilocytotic\im_Koilocytotic\CROPPED\143_05.bmp,im_Koilocytotic
C:\Users\PAVAN H\Downloads\SIPaKMeD\im_Superficial-Intermediate\im_Superficial-Intermediate\CROPPED\065_01.bmp,im_Superficial-Intermediate
C:\Users\PAVAN H\Downloads\SIPaKMeD\im_Dyskeratotic\im_Dyskeratotic\CROPPED\059_04.bmp,im_Dyskeratotic
C:\Users\PAVAN H\Downloads\SIPaKMeD\im_Koilocytotic\im_Koilocytotic\CROPPED\121_01.bmp,im_Koilocytotic
C:\Users\PAVAN H\Downloads\SIPaKMeD\im_Parabasal\im_Parabasal\CROPPED\035_02.bmp,im_Parabasal
C:\Users\PAVAN H\Downloads\SIPaKMeD\im_Metaplastic\im_Metaplastic\CROPPED\199_03.bmp,im_Metaplastic
C:\Users\PAVAN H\Downloads\SIPaKMeD\im_Superficial-Intermediate\im_Superficial-Intermediate\CROPPED\078_05.bmp,im_Superficial-Intermediate
C:\Users\PAVAN H\Downloads\SIPaKMeD\im_Koilocytotic\im_Koilocytotic\CROPPED\078_01.bmp,im_Koilocytotic
C:\Users\PAVAN H\Downloads\SIPaKMeD\im_Dyskeratotic\im_Dyskeratotic\113.bmp,im_Dyskeratotic
C:\Users\PAVAN H\Downloads\SIPaKMeD\im_Dyskeratotic\im_Dyskeratotic\CROPPED\039_03.bmp,im_Dyskeratotic
C:\Users\PAVAN H\Downloads\SIPaKMeD\im_Superficial-Intermediate\im_Superficial-Intermediate\CROPPED\083_10.bmp,im_Superficial-Intermediate
C:\Users\PAVAN H\Downloads\SIPaKMeD\im_Superficial-Intermediate\im_Superficial-Intermediate\CROPPED\097_05.bmp,im_Superficial-Intermediate
C:\Users\PAVAN H\Downloads\SIPaKMeD\im_Metaplastic\im_Metaplastic\CROPPED\025_05.bmp,im_Metaplastic
C:\Users\PAVAN H\Downloads\SIPaKMeD\im_Parabasal\im_Parabasal\CROPPED\052_01.bmp,im_Parabasal
C:\Users\PAVAN H\Downloads\SIPaKMeD\im_Metaplastic\im_Metaplastic\CROPPED\221_01.bmp,im_Metaplastic
C:\Users\PAVAN H\Downloads\SIPaKMeD\im_Dyskeratotic\im_Dyskeratotic\CROPPED\192_01.bmp,im_Dyskeratotic
C:\Users\PAVAN H\Downloads\SIPaKMeD\im_Metaplastic\im_Metaplastic\175.bmp,im_Metaplastic
C:\Users\PAVAN H\Downloads\SIPaKMeD\im_Koilocytotic\im_Koilocytotic\121.bmp,im_Koilocytotic
C:\Users\PAVAN H\Downloads\SIPaKMeD\im_Metaplastic\im_Metaplastic\CROPPED\037_01.bmp,im_Metaplastic
C:\Users\PAVAN H\Downloads\SIPaKMeD\im_Parabasal\im_Parabasal\CROPPED\029_05.bmp,im_Parabasal
C:\Users\PAVAN H\Downloads\SIPaKMeD\im_Koilocytotic\im_Koilocytotic\CROPPED\094_06.bmp,im_Koilocytotic
C:\Users\PAVAN H\Downloads\SIPaKMeD\im_Superficial-Intermediate\im_Superficial-Intermediate\CROPPED\066_04.bmp,im_Superficial-Intermediate
C:\Users\PAVAN H\Downloads\SIPaKMeD\im_Dyskeratotic\im_Dyskeratotic\CROPPED\005_01.bmp,im_Dyskeratotic
C:\Users\PAVAN H\Downloads\SIPaKMeD\im_Koilocytotic\im_Koilocytotic\CROPPED\163_01.bmp,im_Koilocytotic
C:\Users\PAVAN H\Downloads\SIPaKMeD\im_Dyskeratotic\im_Dyskeratotic\CROPPED\207_01.bmp,im_Dyskeratotic
C:\Users\PAVAN H\Downloads\SIPaKMeD\im_Parabasal\im_Parabasal\CROPPED\069_03.bmp,im_Parabasal
C:\Users\PAVAN H\Downloads\SIPaKMeD\im_Dyskeratotic\im_Dyskeratotic\CROPPED\166_04.bmp,im_Dyskeratotic
C:\Users\PAVAN H\Downloads\SIPaKMeD\im_Metaplastic\im_Metaplastic\CROPPED\261_03.bmp,im_Metaplastic
C:\Users\PAVAN H\Downloads\SIPaKMeD\im_Superficial-Intermediate\im_Superficial-Intermediate\CROPPED\081_05.bmp,im_Superficial-Intermediate
C:\Users\PAVAN H\Downloads\SIPaKMeD\im_Koilocytotic\im_Koilocytotic\158.bmp,im_Koilocytotic
C:\Users\PAVAN H\Downloads\SIPaKMeD\im_Koilocytotic\im_Koilocytotic\CROPPED\133_04.bmp,im_Koilocytotic
C:\Users\PAVAN H\Downloads\SIPaKMeD\im_Metaplastic\im_Metaplastic\139.bmp,im_Metaplastic
C:\Users\PAVAN H\Downloads\SIPaKMeD\im_Parabasal\im_Parabasal\CROPPED\089_03.bmp,im_Parabasal
C:\Users\PAVAN H\Downloads\SIPaKMeD\im_Koilocytotic\im_Koilocytotic\CROPPED\080_01.bmp,im_Koilocytotic
C:\Users\PAVAN H\Downloads\SIPaKMeD\im_Parabasal\im_Parabasal\005.bmp,im_Parabasal
C:\Users\PAVAN H\Downloads\SIPaKMeD\im_Dyskeratotic\im_Dyskeratotic\CROPPED\066_03.bmp,im_Dyskeratotic
C:\Users\PAVAN H\Downloads\SIPaKMeD\im_Koilocytotic\im_Koilocytotic\CROPPED\146_02.bmp,im_Koilocytotic
C:\Users\PAVAN H\Downloads\SIPaKMeD\im_Metaplastic\im_Metaplastic\016.bmp,im_Metaplastic
C:\Users\PAVAN H\Downloads\SIPaKMeD\im_Dyskeratotic\im_Dyskeratotic\CROPPED\122_02.bmp,im_Dyskeratotic
C:\Users\PAVAN H\Downloads\SIPaKMeD\im_Metaplastic\im_Metaplastic\CROPPED\139_02.bmp,im_Metaplastic
C:\Users\PAVAN H\Downloads\SIPaKMeD\im_Koilocytotic\im_Koilocytotic\067.bmp,im_Koilocytotic
C:\Users\PAVAN H\Downloads\SIPaKMeD\im_Metaplastic\im_Metaplastic\CROPPED\002_12.bmp,im_Metaplastic
C:\Users\PAVAN H\Downloads\SIPaKMeD\im_Metaplastic\im_Metaplastic\044.bmp,im_Metaplastic
C:\Users\PAVAN H\Downloads\SIPaKMeD\im_Metaplastic\im_Metaplastic\073.bmp,im_Metaplastic
C:\Users\PAVAN H\Downloads\SIPaKMeD\im_Koilocytotic\im_Koilocytotic\CROPPED\015_02.bmp,im_Koilocytotic
C:\Users\PAVAN H\Downloads\SIPaKMeD\im_Superficial-Intermediate\im_Superficial-Intermediate\CROPPED\044_03.bmp,im_Superficial-Intermediate
C:\Users\PAVAN H\Downloads\SIPaKMeD\im_Metaplastic\im_Metaplastic\CROPPED\203_01.bmp,im_Metaplastic
C:\Users\PAVAN H\Downloads\SIPaKMeD\im_Dyskeratotic\im_Dyskeratotic\095.bmp,im_Dyskeratotic
C:\Users\PAVAN H\Downloads\SIPaKMeD\im_Koilocytotic\im_Koilocytotic\196.bmp,im_Koilocytotic
C:\Users\PAVAN H\Downloads\SIPaKMeD\im_Parabasal\im_Parabasal\CROPPED\062_07.bmp,im_Parabasal
C:\Users\PAVAN H\Downloads\SIPaKMeD\im_Superficial-Intermediate\im_Superficial-Intermediate\CROPPED\107_02.bmp,im_Superficial-Intermediate
C:\Users\PAVAN H\Downloads\SIPaKMeD\im_Parabasal\im_Parabasal\CROPPED\001_11.bmp,im_Parabasal
C:\Users\PAVAN H\Downloads\SIPaKMeD\im_Superficial-Intermediate\im_Superficial-Intermediate\CROPPED\037_04.bmp,im_Superficial-Intermediate
C:\Users\PAVAN H\Downloads\SIPaKMeD\im_Superficial-Intermediate\im_Superficial-Intermediate\CROPPED\106_12.bmp,im_Superficial-Intermediate
C:\Users\PAVAN H\Downloads\SIPaKMeD\im_Metaplastic\im_Metaplastic\206.bmp,im_Metaplastic
C:\Users\PAVAN H\Downloads\SIPaKMeD\im_Metaplastic\im_Metaplastic\CROPPED\258_02.bmp,im_Metaplastic
C:\Users\PAVAN H\Downloads\SIPaKMeD\im_Superficial-Intermediate\im_Superficial-Intermediate\CROPPED\098_09.bmp,im_Superficial-Intermediate
C:\Users\PAVAN H\Downloads\SIPaKMeD\im_Dyskeratotic\im_Dyskeratotic\187.bmp,im_Dyskeratotic
C:\Users\PAVAN H\Downloads\SIPaKMeD\im_Dyskeratotic\im_Dyskeratotic\CROPPED\016_04.bmp,im_Dyskeratotic
C:\Users\PAVAN H\Downloads\SIPaKMeD\im_Metaplastic\im_Metaplastic\191.bmp,im_Metaplastic
C:\Users\PAVAN H\Downloads\SIPaKMeD\im_Superficial-Intermediate\im_Superficial-Intermediate\023.bmp,im_Superficial-Intermediate
C:\Users\PAVAN H\Downloads\SIPaKMeD\im_Metaplastic\im_Metaplastic\208.bmp,im_Metaplastic
C:\Users\PAVAN H\Downloads\SIPaKMeD\im_Metaplastic\im_Metaplastic\CROPPED\101_05.bmp,im_Metaplastic
C:\Users\PAVAN H\Downloads\SIPaKMeD\im_Metaplastic\im_Metaplastic\022.bmp,im_Metaplastic
C:\Users\PAVAN H\Downloads\SIPaKMeD\im_Superficial-Intermediate\im_Superficial-Intermediate\CROPPED\106_10.bmp,im_Superficial-Intermediate
C:\Users\PAVAN H\Downloads\SIPaKMeD\im_Superficial-Intermediate\im_Superficial-Intermediate\CROPPED\004_09.bmp,im_Superficial-Intermediate
C:\Users\PAVAN H\Downloads\SIPaKMeD\im_Metaplastic\im_Metaplastic\CROPPED\102_08.bmp,im_Metaplastic
C:\Users\PAVAN H\Downloads\SIPaKMeD\im_Superficial-Intermediate\im_Superficial-Intermediate\CROPPED\079_01.bmp,im_Superficial-Intermediate
C:\Users\PAVAN H\Downloads\SIPaKMeD\im_Metaplastic\im_Metaplastic\CROPPED\047_02.bmp,im_Metaplastic
C:\Users\PAVAN H\Downloads\SIPaKMeD\im_Metaplastic\im_Metaplastic\026.bmp,im_Metaplastic
C:\Users\PAVAN H\Downloads\SIPaKMeD\im_Parabasal\im_Parabasal\CROPPED\107_01.bmp,im_Parabasal
C:\Users\PAVAN H\Downloads\SIPaKMeD\im_Dyskeratotic\im_Dyskeratotic\114.bmp,im_Dyskeratotic
C:\Users\PAVAN H\Downloads\SIPaKMeD\im_Dyskeratotic\im_Dyskeratotic\CROPPED\173_02.bmp,im_Dyskeratotic
C:\Users\PAVAN H\Downloads\SIPaKMeD\im_Superficial-Intermediate\im_Superficial-Intermediate\CROPPED\019_08.bmp,im_Superficial-Intermediate
C:\Users\PAVAN H\Downloads\SIPaKMeD\im_Metaplastic\im_Metaplastic\CROPPED\082_04.bmp,im_Metaplastic
C:\Users\PAVAN H\Downloads\SIPaKMeD\im_Metaplastic\im_Metaplastic\CROPPED\024_07.bmp,im_Metaplastic
C:\Users\PAVAN H\Downloads\SIPaKMeD\im_Metaplastic\im_Metaplastic\CROPPED\264_07.bmp,im_Metaplastic
C:\Users\PAVAN H\Downloads\SIPaKMeD\im_Superficial-Intermediate\im_Superficial-Intermediate\CROPPED\009_01.bmp,im_Superficial-Intermediate
C:\Users\PAVAN H\Downloads\SIPaKMeD\im_Superficial-Intermediate\im_Superficial-Intermediate\092.bmp,im_Superficial-Intermediate
C:\Users\PAVAN H\Downloads\SIPaKMeD\im_Metaplastic\im_Metaplastic\CROPPED\092_04.bmp,im_Metaplastic
C:\Users\PAVAN H\Downloads\SIPaKMeD\im_Koilocytotic\im_Koilocytotic\CROPPED\107_05.bmp,im_Koilocytotic
C:\Users\PAVAN H\Downloads\SIPaKMeD\im_Dyskeratotic\im_Dyskeratotic\CROPPED\067_21.bmp,im_Dyskeratotic
C:\Users\PAVAN H\Downloads\SIPaKMeD\im_Parabasal\im_Parabasal\CROPPED\044_10.bmp,im_Parabasal
C:\Users\PAVAN H\Downloads\SIPaKMeD\im_Superficial-Intermediate\im_Superficial-Intermediate\CROPPED\107_01.bmp,im_Superficial-Intermediate
C:\Users\PAVAN H\Downloads\SIPaKMeD\im_Parabasal\im_Parabasal\CROPPED\067_02.bmp,im_Parabasal
C:\Users\PAVAN H\Downloads\SIPaKMeD\im_Metaplastic\im_Metaplastic\CROPPED\039_02.bmp,im_Metaplastic
C:\Users\PAVAN H\Downloads\SIPaKMeD\im_Superficial-Intermediate\im_Superficial-Intermediate\CROPPED\027_07.bmp,im_Superficial-Intermediate
C:\Users\PAVAN H\Downloads\SIPaKMeD\im_Superficial-Intermediate\im_Superficial-Intermediate\CROPPED\027_03.bmp,im_Superficial-Intermediate
C:\Users\PAVAN H\Downloads\SIPaKMeD\im_Dyskeratotic\im_Dyskeratotic\064.bmp,im_Dyskeratotic
C:\Users\PAVAN H\Downloads\SIPaKMeD\im_Metaplastic\im_Metaplastic\CROPPED\009_01.bmp,im_Metaplastic
C:\Users\PAVAN H\Downloads\SIPaKMeD\im_Dyskeratotic\im_Dyskeratotic\CROPPED\157_02.bmp,im_Dyskeratotic
C:\Users\PAVAN H\Downloads\SIPaKMeD\im_Superficial-Intermediate\im_Superficial-Intermediate\CROPPED\010_06.bmp,im_Superficial-Intermediate
C:\Users\PAVAN H\Downloads\SIPaKMeD\im_Koilocytotic\im_Koilocytotic\CROPPED\083_05.bmp,im_Koilocytotic
C:\Users\PAVAN H\Downloads\SIPaKMeD\im_Superficial-Intermediate\im_Superficial-Intermediate\CROPPED\002_06.bmp,im_Superficial-Intermediate
C:\Users\PAVAN H\Downloads\SIPaKMeD\im_Metaplastic\im_Metaplastic\CROPPED\107_01.bmp,im_Metaplastic
C:\Users\PAVAN H\Downloads\SIPaKMeD\im_Koilocytotic\im_Koilocytotic\CROPPED\108_04.bmp,im_Koilocytotic
C:\Users\PAVAN H\Downloads\SIPaKMeD\im_Parabasal\im_Parabasal\107.bmp,im_Parabasal
C:\Users\PAVAN H\Downloads\SIPaKMeD\im_Dyskeratotic\im_Dyskeratotic\CROPPED\067_11.bmp,im_Dyskeratotic
C:\Users\PAVAN H\Downloads\SIPaKMeD\im_Parabasal\im_Parabasal\CROPPED\105_01.bmp,im_Parabasal
C:\Users\PAVAN H\Downloads\SIPaKMeD\im_Parabasal\im_Parabasal\087.bmp,im_Parabasal
C:\Users\PAVAN H\Downloads\SIPaKMeD\im_Superficial-Intermediate\im_Superficial-Intermediate\CROPPED\054_03.bmp,im_Superficial-Intermediate
C:\Users\PAVAN H\Downloads\SIPaKMeD\im_Superficial-Intermediate\im_Superficial-Intermediate\CROPPED\010_01.bmp,im_Superficial-Intermediate
C:\Users\PAVAN H\Downloads\SIPaKMeD\im_Superficial-Intermediate\im_Superficial-Intermediate\CROPPED\018_06.bmp,im_Superficial-Intermediate
C:\Users\PAVAN H\Downloads\SIPaKMeD\im_Metaplastic\im_Metaplastic\CROPPED\203_02.bmp,im_Metaplastic
C:\Users\PAVAN H\Downloads\SIPaKMeD\im_Dyskeratotic\im_Dyskeratotic\CROPPED\105_02.bmp,im_Dyskeratotic
C:\Users\PAVAN H\Downloads\SIPaKMeD\im_Dyskeratotic\im_Dyskeratotic\030.bmp,im_Dyskeratotic
C:\Users\PAVAN H\Downloads\SIPaKMeD\im_Parabasal\im_Parabasal\CROPPED\095_08.bmp,im_Parabasal
C:\Users\PAVAN H\Downloads\SIPaKMeD\im_Parabasal\im_Parabasal\006.bmp,im_Parabasal
C:\Users\PAVAN H\Downloads\SIPaKMeD\im_Metaplastic\im_Metaplastic\CROPPED\007_01.bmp,im_Metaplastic
C:\Users\PAVAN H\Downloads\SIPaKMeD\im_Metaplastic\im_Metaplastic\CROPPED\262_04.bmp,im_Metaplastic
C:\Users\PAVAN H\Downloads\SIPaKMeD\im_Metaplastic\im_Metaplastic\083.bmp,im_Metaplastic
C:\Users\PAVAN H\Downloads\SIPaKMeD\im_Metaplastic\im_Metaplastic\CROPPED\220_01.bmp,im_Metaplastic
C:\Users\PAVAN H\Downloads\SIPaKMeD\im_Dyskeratotic\im_Dyskeratotic\CROPPED\019_06.bmp,im_Dyskeratotic
C:\Users\PAVAN H\Downloads\SIPaKMeD\im_Superficial-Intermediate\im_Superficial-Intermediate\CROPPED\067_01.bmp,im_Superficial-Intermediate
C:\Users\PAVAN H\Downloads\SIPaKMeD\im_Parabasal\im_Parabasal\CROPPED\106_08.bmp,im_Parabasal
C:\Users\PAVAN H\Downloads\SIPaKMeD\im_Koilocytotic\im_Koilocytotic\CROPPED\123_05.bmp,im_Koilocytotic
C:\Users\PAVAN H\Downloads\SIPaKMeD\im_Dyskeratotic\im_Dyskeratotic\069.bmp,im_Dyskeratotic
C:\Users\PAVAN H\Downloads\SIPaKMeD\im_Koilocytotic\im_Koilocytotic\CROPPED\044_02.bmp,im_Koilocytotic
C:\Users\PAVAN H\Downloads\SIPaKMeD\im_Metaplastic\im_Metaplastic\CROPPED\164_05.bmp,im_Metaplastic
C:\Users\PAVAN H\Downloads\SIPaKMeD\im_Metaplastic\im_Metaplastic\005.bmp,im_Metaplastic
C:\Users\PAVAN H\Downloads\SIPaKMeD\im_Koilocytotic\im_Koilocytotic\CROPPED\112_02.bmp,im_Koilocytotic
C:\Users\PAVAN H\Downloads\SIPaKMeD\im_Superficial-Intermediate\im_Superficial-Intermediate\CROPPED\057_03.bmp,im_Superficial-Intermediate
C:\Users\PAVAN H\Downloads\SIPaKMeD\im_Dyskeratotic\im_Dyskeratotic\049.bmp,im_Dyskeratotic
C:\Users\PAVAN H\Downloads\SIPaKMeD\im_Dyskeratotic\im_Dyskeratotic\121.bmp,im_Dyskeratotic
C:\Users\PAVAN H\Downloads\SIPaKMeD\im_Koilocytotic\im_Koilocytotic\CROPPED\044_01.bmp,im_Koilocytotic
C:\Users\PAVAN H\Downloads\SIPaKMeD\im_Metaplastic\im_Metaplastic\CROPPED\082_01.bmp,im_Metaplastic
C:\Users\PAVAN H\Downloads\SIPaKMeD\im_Superficial-Intermediate\im_Superficial-Intermediate\064.bmp,im_Superficial-Intermediate
C:\Users\PAVAN H\Downloads\SIPaKMeD\im_Dyskeratotic\im_Dyskeratotic\CROPPED\143_01.bmp,im_Dyskeratotic
C:\Users\PAVAN H\Downloads\SIPaKMeD\im_Metaplastic\im_Metaplastic\CROPPED\262_02.bmp,im_Metaplastic
C:\Users\PAVAN H\Downloads\SIPaKMeD\im_Parabasal\im_Parabasal\CROPPED\019_04.bmp,im_Parabasal
C:\Users\PAVAN H\Downloads\SIPaKMeD\im_Parabasal\im_Parabasal\CROPPED\056_04.bmp,im_Parabasal
C:\Users\PAVAN H\Downloads\SIPaKMeD\im_Dyskeratotic\im_Dyskeratotic\CROPPED\132_01.bmp,im_Dyskeratotic
C:\Users\PAVAN H\Downloads\SIPaKMeD\im_Metaplastic\im_Metaplastic\CROPPED\083_01.bmp,im_Metaplastic
C:\Users\PAVAN H\Downloads\SIPaKMeD\im_Superficial-Intermediate\im_Superficial-Intermediate\CROPPED\019_05.bmp,im_Superficial-Intermediate
C:\Users\PAVAN H\Downloads\SIPaKMeD\im_Dyskeratotic\im_Dyskeratotic\CROPPED\114_08.bmp,im_Dyskeratotic
C:\Users\PAVAN H\Downloads\SIPaKMeD\im_Superficial-Intermediate\im_Superficial-Intermediate\CROPPED\100_07.bmp,im_Superficial-Intermediate
C:\Users\PAVAN H\Downloads\SIPaKMeD\im_Koilocytotic\im_Koilocytotic\CROPPED\117_05.bmp,im_Koilocytotic
C:\Users\PAVAN H\Downloads\SIPaKMeD\im_Koilocytotic\im_Koilocytotic\225.bmp,im_Koilocytotic
C:\Users\PAVAN H\Downloads\SIPaKMeD\im_Superficial-Intermediate\im_Superficial-Intermediate\CROPPED\100_02.bmp,im_Superficial-Intermediate
C:\Users\PAVAN H\Downloads\SIPaKMeD\im_Parabasal\im_Parabasal\CROPPED\019_03.bmp,im_Parabasal
C:\Users\PAVAN H\Downloads\SIPaKMeD\im_Koilocytotic\im_Koilocytotic\CROPPED\040_01.bmp,im_Koilocytotic
C:\Users\PAVAN H\Downloads\SIPaKMeD\im_Koilocytotic\im_Koilocytotic\007.bmp,im_Koilocytotic
C:\Users\PAVAN H\Downloads\SIPaKMeD\im_Metaplastic\im_Metaplastic\CROPPED\079_01.bmp,im_Metaplastic
C:\Users\PAVAN H\Downloads\SIPaKMeD\im_Superficial-Intermediate\im_Superficial-Intermediate\CROPPED\119_04.bmp,im_Superficial-Intermediate
C:\Users\PAVAN H\Downloads\SIPaKMeD\im_Metaplastic\im_Metaplastic\CROPPED\023_04.bmp,im_Metaplastic
C:\Users\PAVAN H\Downloads\SIPaKMeD\im_Metaplastic\im_Metaplastic\CROPPED\035_02.bmp,im_Metaplastic
C:\Users\PAVAN H\Downloads\SIPaKMeD\im_Superficial-Intermediate\im_Superficial-Intermediate\CROPPED\098_03.bmp,im_Superficial-Intermediate
C:\Users\PAVAN H\Downloads\SIPaKMeD\im_Superficial-Intermediate\im_Superficial-Intermediate\CROPPED\079_02.bmp,im_Superficial-Intermediate
C:\Users\PAVAN H\Downloads\SIPaKMeD\im_Dyskeratotic\im_Dyskeratotic\CROPPED\079_01.bmp,im_Dyskeratotic
C:\Users\PAVAN H\Downloads\SIPaKMeD\im_Superficial-Intermediate\im_Superficial-Intermediate\123.bmp,im_Superficial-Intermediate
C:\Users\PAVAN H\Downloads\SIPaKMeD\im_Koilocytotic\im_Koilocytotic\027.bmp,im_Koilocytotic
C:\Users\PAVAN H\Downloads\SIPaKMeD\im_Parabasal\im_Parabasal\CROPPED\025_04.bmp,im_Parabasal
C:\Users\PAVAN H\Downloads\SIPaKMeD\im_Koilocytotic\im_Koilocytotic\CROPPED\099_05.bmp,im_Koilocytotic
C:\Users\PAVAN H\Downloads\SIPaKMeD\im_Metaplastic\im_Metaplastic\CROPPED\119_02.bmp,im_Metaplastic
C:\Users\PAVAN H\Downloads\SIPaKMeD\im_Superficial-Intermediate\im_Superficial-Intermediate\CROPPED\107_06.bmp,im_Superficial-Intermediate
C:\Users\PAVAN H\Downloads\SIPaKMeD\im_Koilocytotic\im_Koilocytotic\112.bmp,im_Koilocytotic
C:\Users\PAVAN H\Downloads\SIPaKMeD\im_Parabasal\im_Parabasal\CROPPED\062_12.bmp,im_Parabasal
C:\Users\PAVAN H\Downloads\SIPaKMeD\im_Metaplastic\im_Metaplastic\220.bmp,im_Metaplastic
C:\Users\PAVAN H\Downloads\SIPaKMeD\im_Dyskeratotic\im_Dyskeratotic\128.bmp,im_Dyskeratotic
C:\Users\PAVAN H\Downloads\SIPaKMeD\im_Parabasal\im_Parabasal\CROPPED\093_25.bmp,im_Parabasal
C:\Users\PAVAN H\Downloads\SIPaKMeD\im_Koilocytotic\im_Koilocytotic\CROPPED\130_08.bmp,im_Koilocytotic
C:\Users\PAVAN H\Downloads\SIPaKMeD\im_Koilocytotic\im_Koilocytotic\CROPPED\133_01.bmp,im_Koilocytotic
C:\Users\PAVAN H\Downloads\SIPaKMeD\im_Parabasal\im_Parabasal\CROPPED\045_08.bmp,im_Parabasal
C:\Users\PAVAN H\Downloads\SIPaKMeD\im_Dyskeratotic\im_Dyskeratotic\CROPPED\112_07.bmp,im_Dyskeratotic
C:\Users\PAVAN H\Downloads\SIPaKMeD\im_Dyskeratotic\im_Dyskeratotic\CROPPED\031_02.bmp,im_Dyskeratotic
C:\Users\PAVAN H\Downloads\SIPaKMeD\im_Parabasal\im_Parabasal\CROPPED\041_02.bmp,im_Parabasal
C:\Users\PAVAN H\Downloads\SIPaKMeD\im_Koilocytotic\im_Koilocytotic\CROPPED\015_07.bmp,im_Koilocytotic
C:\Users\PAVAN H\Downloads\SIPaKMeD\im_Dyskeratotic\im_Dyskeratotic\CROPPED\166_07.bmp,im_Dyskeratotic
C:\Users\PAVAN H\Downloads\SIPaKMeD\im_Parabasal\im_Parabasal\CROPPED\035_01.bmp,im_Parabasal
C:\Users\PAVAN H\Downloads\SIPaKMeD\im_Dyskeratotic\im_Dyskeratotic\CROPPED\203_02.bmp,im_Dyskeratotic
C:\Users\PAVAN H\Downloads\SIPaKMeD\im_Metaplastic\im_Metaplastic\024.bmp,im_Metaplastic
C:\Users\PAVAN H\Downloads\SIPaKMeD\im_Parabasal\im_Parabasal\CROPPED\042_12.bmp,im_Parabasal
C:\Users\PAVAN H\Downloads\SIPaKMeD\im_Superficial-Intermediate\im_Superficial-Intermediate\CROPPED\056_04.bmp,im_Superficial-Intermediate
C:\Users\PAVAN H\Downloads\SIPaKMeD\im_Parabasal\im_Parabasal\CROPPED\077_03.bmp,im_Parabasal
C:\Users\PAVAN H\Downloads\SIPaKMeD\im_Dyskeratotic\im_Dyskeratotic\158.bmp,im_Dyskeratotic
C:\Users\PAVAN H\Downloads\SIPaKMeD\im_Superficial-Intermediate\im_Superficial-Intermediate\CROPPED\119_09.bmp,im_Superficial-Intermediate
C:\Users\PAVAN H\Downloads\SIPaKMeD\im_Superficial-Intermediate\im_Superficial-Intermediate\CROPPED\094_08.bmp,im_Superficial-Intermediate
C:\Users\PAVAN H\Downloads\SIPaKMeD\im_Koilocytotic\im_Koilocytotic\CROPPED\090_02.bmp,im_Koilocytotic
C:\Users\PAVAN H\Downloads\SIPaKMeD\im_Superficial-Intermediate\im_Superficial-Intermediate\CROPPED\020_12.bmp,im_Superficial-Intermediate
C:\Users\PAVAN H\Downloads\SIPaKMeD\im_Parabasal\im_Parabasal\CROPPED\095_02.bmp,im_Parabasal
C:\Users\PAVAN H\Downloads\SIPaKMeD\im_Parabasal\im_Parabasal\CROPPED\047_10.bmp,im_Parabasal
C:\Users\PAVAN H\Downloads\SIPaKMeD\im_Superficial-Intermediate\im_Superficial-Intermediate\CROPPED\002_05.bmp,im_Superficial-Intermediate
C:\Users\PAVAN H\Downloads\SIPaKMeD\im_Koilocytotic\im_Koilocytotic\CROPPED\117_08.bmp,im_Koilocytotic
C:\Users\PAVAN H\Downloads\SIPaKMeD\im_Koilocytotic\im_Koilocytotic\084.bmp,im_Koilocytotic
C:\Users\PAVAN H\Downloads\SIPaKMeD\im_Koilocytotic\im_Koilocytotic\CROPPED\131_04.bmp,im_Koilocytotic
C:\Users\PAVAN H\Downloads\SIPaKMeD\im_Parabasal\im_Parabasal\CROPPED\102_15.bmp,im_Parabasal
C:\Users\PAVAN H\Downloads\SIPaKMeD\im_Dyskeratotic\im_Dyskeratotic\117.bmp,im_Dyskeratotic
C:\Users\PAVAN H\Downloads\SIPaKMeD\im_Superficial-Intermediate\im_Superficial-Intermediate\CROPPED\125_01.bmp,im_Superficial-Intermediate
C:\Users\PAVAN H\Downloads\SIPaKMeD\im_Parabasal\im_Parabasal\CROPPED\099_11.bmp,im_Parabasal
C:\Users\PAVAN H\Downloads\SIPaKMeD\im_Metaplastic\im_Metaplastic\CROPPED\227_04.bmp,im_Metaplastic
C:\Users\PAVAN H\Downloads\SIPaKMeD\im_Dyskeratotic\im_Dyskeratotic\168.bmp,im_Dyskeratotic
C:\Users\PAVAN H\Downloads\SIPaKMeD\im_Dyskeratotic\im_Dyskeratotic\CROPPED\011_05.bmp,im_Dyskeratotic
C:\Users\PAVAN H\Downloads\SIPaKMeD\im_Parabasal\im_Parabasal\CROPPED\038_01.bmp,im_Parabasal
C:\Users\PAVAN H\Downloads\SIPaKMeD\im_Metaplastic\im_Metaplastic\CROPPED\167_03.bmp,im_Metaplastic
C:\Users\PAVAN H\Downloads\SIPaKMeD\im_Parabasal\im_Parabasal\CROPPED\034_07.bmp,im_Parabasal
C:\Users\PAVAN H\Downloads\SIPaKMeD\im_Koilocytotic\im_Koilocytotic\CROPPED\160_04.bmp,im_Koilocytotic
C:\Users\PAVAN H\Downloads\SIPaKMeD\im_Superficial-Intermediate\im_Superficial-Intermediate\CROPPED\123_07.bmp,im_Superficial-Intermediate
C:\Users\PAVAN H\Downloads\SIPaKMeD\im_Dyskeratotic\im_Dyskeratotic\CROPPED\083_02.bmp,im_Dyskeratotic
C:\Users\PAVAN H\Downloads\SIPaKMeD\im_Koilocytotic\im_Koilocytotic\CROPPED\117_02.bmp,im_Koilocytotic
C:\Users\PAVAN H\Downloads\SIPaKMeD\im_Metaplastic\im_Metaplastic\CROPPED\227_01.bmp,im_Metaplastic
C:\Users\PAVAN H\Downloads\SIPaKMeD\im_Metaplastic\im_Metaplastic\262.bmp,im_Metaplastic
C:\Users\PAVAN H\Downloads\SIPaKMeD\im_Metaplastic\im_Metaplastic\CROPPED\082_03.bmp,im_Metaplastic
C:\Users\PAVAN H\Downloads\SIPaKMeD\im_Parabasal\im_Parabasal\CROPPED\016_07.bmp,im_Parabasal
C:\Users\PAVAN H\Downloads\SIPaKMeD\im_Koilocytotic\im_Koilocytotic\CROPPED\121_14.bmp,im_Koilocytotic
C:\Users\PAVAN H\Downloads\SIPaKMeD\im_Dyskeratotic\im_Dyskeratotic\CROPPED\158_01.bmp,im_Dyskeratotic
C:\Users\PAVAN H\Downloads\SIPaKMeD\im_Superficial-Intermediate\im_Superficial-Intermediate\CROPPED\098_02.bmp,im_Superficial-Intermediate
C:\Users\PAVAN H\Downloads\SIPaKMeD\im_Metaplastic\im_Metaplastic\CROPPED\025_02.bmp,im_Metaplastic
C:\Users\PAVAN H\Downloads\SIPaKMeD\im_Superficial-Intermediate\im_Superficial-Intermediate\CROPPED\020_06.bmp,im_Superficial-Intermediate
C:\Users\PAVAN H\Downloads\SIPaKMeD\im_Metaplastic\im_Metaplastic\CROPPED\217_07.bmp,im_Metaplastic
C:\Users\PAVAN H\Downloads\SIPaKMeD\im_Superficial-Intermediate\im_Superficial-Intermediate\CROPPED\022_02.bmp,im_Superficial-Intermediate
C:\Users\PAVAN H\Downloads\SIPaKMeD\im_Parabasal\im_Parabasal\067.bmp,im_Parabasal
C:\Users\PAVAN H\Downloads\SIPaKMeD\im_Koilocytotic\im_Koilocytotic\CROPPED\077_01.bmp,im_Koilocytotic
C:\Users\PAVAN H\Downloads\SIPaKMeD\im_Parabasal\im_Parabasal\CROPPED\012_04.bmp,im_Parabasal
C:\Users\PAVAN H\Downloads\SIPaKMeD\im_Dyskeratotic\im_Dyskeratotic\CROPPED\141_03.bmp,im_Dyskeratotic
C:\Users\PAVAN H\Downloads\SIPaKMeD\im_Dyskeratotic\im_Dyskeratotic\CROPPED\114_04.bmp,im_Dyskeratotic
C:\Users\PAVAN H\Downloads\SIPaKMeD\im_Parabasal\im_Parabasal\CROPPED\008_11.bmp,im_Parabasal
C:\Users\PAVAN H\Downloads\SIPaKMeD\im_Metaplastic\im_Metaplastic\097.bmp,im_Metaplastic
C:\Users\PAVAN H\Downloads\SIPaKMeD\im_Metaplastic\im_Metaplastic\CROPPED\016_03.bmp,im_Metaplastic
C:\Users\PAVAN H\Downloads\SIPaKMeD\im_Parabasal\im_Parabasal\CROPPED\093_15.bmp,im_Parabasal
C:\Users\PAVAN H\Downloads\SIPaKMeD\im_Metaplastic\im_Metaplastic\CROPPED\218_05.bmp,im_Metaplastic
C:\Users\PAVAN H\Downloads\SIPaKMeD\im_Superficial-Intermediate\im_Superficial-Intermediate\CROPPED\064_04.bmp,im_Superficial-Intermediate
C:\Users\PAVAN H\Downloads\SIPaKMeD\im_Parabasal\im_Parabasal\CROPPED\027_07.bmp,im_Parabasal
C:\Users\PAVAN H\Downloads\SIPaKMeD\im_Koilocytotic\im_Koilocytotic\CROPPED\095_19.bmp,im_Koilocytotic
C:\Users\PAVAN H\Downloads\SIPaKMeD\im_Parabasal\im_Parabasal\CROPPED\101_04.bmp,im_Parabasal
C:\Users\PAVAN H\Downloads\SIPaKMeD\im_Koilocytotic\im_Koilocytotic\CROPPED\093_08.bmp,im_Koilocytotic
C:\Users\PAVAN H\Downloads\SIPaKMeD\im_Superficial-Intermediate\im_Superficial-Intermediate\CROPPED\007_08.bmp,im_Superficial-Intermediate
C:\Users\PAVAN H\Downloads\SIPaKMeD\im_Superficial-Intermediate\im_Superficial-Intermediate\CROPPED\018_02.bmp,im_Superficial-Intermediate
C:\Users\PAVAN H\Downloads\SIPaKMeD\im_Metaplastic\im_Metaplastic\CROPPED\073_06.bmp,im_Metaplastic
C:\Users\PAVAN H\Downloads\SIPaKMeD\im_Metaplastic\im_Metaplastic\092.bmp,im_Metaplastic
C:\Users\PAVAN H\Downloads\SIPaKMeD\im_Superficial-Intermediate\im_Superficial-Intermediate\CROPPED\108_08.bmp,im_Superficial-Intermediate
C:\Users\PAVAN H\Downloads\SIPaKMeD\im_Dyskeratotic\im_Dyskeratotic\CROPPED\044_02.bmp,im_Dyskeratotic
C:\Users\PAVAN H\Downloads\SIPaKMeD\im_Koilocytotic\im_Koilocytotic\CROPPED\067_01.bmp,im_Koilocytotic
C:\Users\PAVAN H\Downloads\SIPaKMeD\im_Koilocytotic\im_Koilocytotic\128.bmp,im_Koilocytotic
C:\Users\PAVAN H\Downloads\SIPaKMeD\im_Parabasal\im_Parabasal\CROPPED\056_05.bmp,im_Parabasal
C:\Users\PAVAN H\Downloads\SIPaKMeD\im_Parabasal\im_Parabasal\CROPPED\008_04.bmp,im_Parabasal
C:\Users\PAVAN H\Downloads\SIPaKMeD\im_Dyskeratotic\im_Dyskeratotic\CROPPED\062_03.bmp,im_Dyskeratotic
C:\Users\PAVAN H\Downloads\SIPaKMeD\im_Koilocytotic\im_Koilocytotic\CROPPED\100_02.bmp,im_Koilocytotic
C:\Users\PAVAN H\Downloads\SIPaKMeD\im_Koilocytotic\im_Koilocytotic\CROPPED\225_02.bmp,im_Koilocytotic
C:\Users\PAVAN H\Downloads\SIPaKMeD\im_Dyskeratotic\im_Dyskeratotic\CROPPED\141_09.bmp,im_Dyskeratotic
C:\Users\PAVAN H\Downloads\SIPaKMeD\im_Metaplastic\im_Metaplastic\CROPPED\201_02.bmp,im_Metaplastic
C:\Users\PAVAN H\Downloads\SIPaKMeD\im_Dyskeratotic\im_Dyskeratotic\CROPPED\059_02.bmp,im_Dyskeratotic
C:\Users\PAVAN H\Downloads\SIPaKMeD\im_Parabasal\im_Parabasal\CROPPED\098_05.bmp,im_Parabasal
C:\Users\PAVAN H\Downloads\SIPaKMeD\im_Superficial-Intermediate\im_Superficial-Intermediate\010.bmp,im_Superficial-Intermediate
C:\Users\PAVAN H\Downloads\SIPaKMeD\im_Superficial-Intermediate\im_Superficial-Intermediate\CROPPED\103_01.bmp,im_Superficial-Intermediate
C:\Users\PAVAN H\Downloads\SIPaKMeD\im_Dyskeratotic\im_Dyskeratotic\150.bmp,im_Dyskeratotic
C:\Users\PAVAN H\Downloads\SIPaKMeD\im_Koilocytotic\im_Koilocytotic\CROPPED\093_04.bmp,im_Koilocytotic
C:\Users\PAVAN H\Downloads\SIPaKMeD\im_Metaplastic\im_Metaplastic\CROPPED\150_01.bmp,im_Metaplastic
C:\Users\PAVAN H\Downloads\SIPaKMeD\im_Koilocytotic\im_Koilocytotic\CROPPED\083_04.bmp,im_Koilocytotic
C:\Users\PAVAN H\Downloads\SIPaKMeD\im_Koilocytotic\im_Koilocytotic\226.bmp,im_Koilocytotic
C:\Users\PAVAN H\Downloads\SIPaKMeD\im_Metaplastic\im_Metaplastic\CROPPED\201_06.bmp,im_Metaplastic
C:\Users\PAVAN H\Downloads\SIPaKMeD\im_Koilocytotic\im_Koilocytotic\CROPPED\101_03.bmp,im_Koilocytotic
C:\Users\PAVAN H\Downloads\SIPaKMeD\im_Koilocytotic\im_Koilocytotic\134.bmp,im_Koilocytotic
C:\Users\PAVAN H\Downloads\SIPaKMeD\im_Dyskeratotic\im_Dyskeratotic\055.bmp,im_Dyskeratotic
C:\Users\PAVAN H\Downloads\SIPaKMeD\im_Superficial-Intermediate\im_Superficial-Intermediate\CROPPED\104_06.bmp,im_Superficial-Intermediate
C:\Users\PAVAN H\Downloads\SIPaKMeD\im_Metaplastic\im_Metaplastic\006.bmp,im_Metaplastic
C:\Users\PAVAN H\Downloads\SIPaKMeD\im_Metaplastic\im_Metaplastic\CROPPED\227_02.bmp,im_Metaplastic
C:\Users\PAVAN H\Downloads\SIPaKMeD\im_Metaplastic\im_Metaplastic\CROPPED\007_03.bmp,im_Metaplastic
C:\Users\PAVAN H\Downloads\SIPaKMeD\im_Koilocytotic\im_Koilocytotic\CROPPED\030_06.bmp,im_Koilocytotic
C:\Users\PAVAN H\Downloads\SIPaKMeD\im_Dyskeratotic\im_Dyskeratotic\CROPPED\022_03.bmp,im_Dyskeratotic
C:\Users\PAVAN H\Downloads\SIPaKMeD\im_Superficial-Intermediate\im_Superficial-Intermediate\CROPPED\082_04.bmp,im_Superficial-Intermediate
C:\Users\PAVAN H\Downloads\SIPaKMeD\im_Koilocytotic\im_Koilocytotic\046.bmp,im_Koilocytotic
C:\Users\PAVAN H\Downloads\SIPaKMeD\im_Superficial-Intermediate\im_Superficial-Intermediate\CROPPED\084_03.bmp,im_Superficial-Intermediate
C:\Users\PAVAN H\Downloads\SIPaKMeD\im_Koilocytotic\im_Koilocytotic\CROPPED\121_03.bmp,im_Koilocytotic
C:\Users\PAVAN H\Downloads\SIPaKMeD\im_Superficial-Intermediate\im_Superficial-Intermediate\CROPPED\067_03.bmp,im_Superficial-Intermediate
C:\Users\PAVAN H\Downloads\SIPaKMeD\im_Metaplastic\im_Metaplastic\CROPPED\151_03.bmp,im_Metaplastic
C:\Users\PAVAN H\Downloads\SIPaKMeD\im_Metaplastic\im_Metaplastic\CROPPED\078_01.bmp,im_Metaplastic
C:\Users\PAVAN H\Downloads\SIPaKMeD\im_Parabasal\im_Parabasal\CROPPED\072_01.bmp,im_Parabasal
C:\Users\PAVAN H\Downloads\SIPaKMeD\im_Parabasal\im_Parabasal\098.bmp,im_Parabasal
C:\Users\PAVAN H\Downloads\SIPaKMeD\im_Parabasal\im_Parabasal\CROPPED\062_01.bmp,im_Parabasal
C:\Users\PAVAN H\Downloads\SIPaKMeD\im_Metaplastic\im_Metaplastic\017.bmp,im_Metaplastic
C:\Users\PAVAN H\Downloads\SIPaKMeD\im_Superficial-Intermediate\im_Superficial-Intermediate\CROPPED\080_11.bmp,im_Superficial-Intermediate
C:\Users\PAVAN H\Downloads\SIPaKMeD\im_Parabasal\im_Parabasal\CROPPED\041_01.bmp,im_Parabasal
C:\Users\PAVAN H\Downloads\SIPaKMeD\im_Dyskeratotic\im_Dyskeratotic\CROPPED\119_01.bmp,im_Dyskeratotic
C:\Users\PAVAN H\Downloads\SIPaKMeD\im_Dyskeratotic\im_Dyskeratotic\CROPPED\005_04.bmp,im_Dyskeratotic
C:\Users\PAVAN H\Downloads\SIPaKMeD\im_Parabasal\im_Parabasal\CROPPED\103_01.bmp,im_Parabasal
C:\Users\PAVAN H\Downloads\SIPaKMeD\im_Superficial-Intermediate\im_Superficial-Intermediate\CROPPED\031_03.bmp,im_Superficial-Intermediate
C:\Users\PAVAN H\Downloads\SIPaKMeD\im_Metaplastic\im_Metaplastic\CROPPED\092_03.bmp,im_Metaplastic
C:\Users\PAVAN H\Downloads\SIPaKMeD\im_Metaplastic\im_Metaplastic\151.bmp,im_Metaplastic
C:\Users\PAVAN H\Downloads\SIPaKMeD\im_Koilocytotic\im_Koilocytotic\CROPPED\095_16.bmp,im_Koilocytotic
C:\Users\PAVAN H\Downloads\SIPaKMeD\im_Dyskeratotic\im_Dyskeratotic\CROPPED\199_06.bmp,im_Dyskeratotic
C:\Users\PAVAN H\Downloads\SIPaKMeD\im_Superficial-Intermediate\im_Superficial-Intermediate\CROPPED\126_06.bmp,im_Superficial-Intermediate
C:\Users\PAVAN H\Downloads\SIPaKMeD\im_Dyskeratotic\im_Dyskeratotic\006.bmp,im_Dyskeratotic
C:\Users\PAVAN H\Downloads\SIPaKMeD\im_Superficial-Intermediate\im_Superficial-Intermediate\CROPPED\007_11.bmp,im_Superficial-Intermediate
C:\Users\PAVAN H\Downloads\SIPaKMeD\im_Dyskeratotic\im_Dyskeratotic\CROPPED\028_02.bmp,im_Dyskeratotic
C:\Users\PAVAN H\Downloads\SIPaKMeD\im_Superficial-Intermediate\im_Superficial-Intermediate\021.bmp,im_Superficial-Intermediate
C:\Users\PAVAN H\Downloads\SIPaKMeD\im_Dyskeratotic\im_Dyskeratotic\CROPPED\069_01.bmp,im_Dyskeratotic
C:\Users\PAVAN H\Downloads\SIPaKMeD\im_Metaplastic\im_Metaplastic\CROPPED\268_01.bmp,im_Metaplastic
C:\Users\PAVAN H\Downloads\SIPaKMeD\im_Metaplastic\im_Metaplastic\CROPPED\092_08.bmp,im_Metaplastic
C:\Users\PAVAN H\Downloads\SIPaKMeD\im_Metaplastic\im_Metaplastic\CROPPED\069_01.bmp,im_Metaplastic
C:\Users\PAVAN H\Downloads\SIPaKMeD\im_Dyskeratotic\im_Dyskeratotic\CROPPED\065_04.bmp,im_Dyskeratotic
C:\Users\PAVAN H\Downloads\SIPaKMeD\im_Dyskeratotic\im_Dyskeratotic\CROPPED\123_01.bmp,im_Dyskeratotic
C:\Users\PAVAN H\Downloads\SIPaKMeD\im_Superficial-Intermediate\im_Superficial-Intermediate\CROPPED\010_07.bmp,im_Superficial-Intermediate
C:\Users\PAVAN H\Downloads\SIPaKMeD\im_Metaplastic\im_Metaplastic\CROPPED\244_01.bmp,im_Metaplastic
C:\Users\PAVAN H\Downloads\SIPaKMeD\im_Koilocytotic\im_Koilocytotic\CROPPED\220_03.bmp,im_Koilocytotic
C:\Users\PAVAN H\Downloads\SIPaKMeD\im_Parabasal\im_Parabasal\CROPPED\055_01.bmp,im_Parabasal
C:\Users\PAVAN H\Downloads\SIPaKMeD\im_Metaplastic\im_Metaplastic\CROPPED\214_01.bmp,im_Metaplastic
C:\Users\PAVAN H\Downloads\SIPaKMeD\im_Koilocytotic\im_Koilocytotic\CROPPED\103_01.bmp,im_Koilocytotic
C:\Users\PAVAN H\Downloads\SIPaKMeD\im_Metaplastic\im_Metaplastic\CROPPED\213_02.bmp,im_Metaplastic
C:\Users\PAVAN H\Downloads\SIPaKMeD\im_Dyskeratotic\im_Dyskeratotic\177.bmp,im_Dyskeratotic
C:\Users\PAVAN H\Downloads\SIPaKMeD\im_Metaplastic\im_Metaplastic\CROPPED\124_03.bmp,im_Metaplastic
C:\Users\PAVAN H\Downloads\SIPaKMeD\im_Metaplastic\im_Metaplastic\CROPPED\201_05.bmp,im_Metaplastic
C:\Users\PAVAN H\Downloads\SIPaKMeD\im_Koilocytotic\im_Koilocytotic\CROPPED\011_03.bmp,im_Koilocytotic
C:\Users\PAVAN H\Downloads\SIPaKMeD\im_Koilocytotic\im_Koilocytotic\CROPPED\092_02.bmp,im_Koilocytotic
C:\Users\PAVAN H\Downloads\SIPaKMeD\im_Parabasal\im_Parabasal\CROPPED\069_10.bmp,im_Parabasal
C:\Users\PAVAN H\Downloads\SIPaKMeD\im_Dyskeratotic\im_Dyskeratotic\CROPPED\112_02.bmp,im_Dyskeratotic
C:\Users\PAVAN H\Downloads\SIPaKMeD\im_Parabasal\im_Parabasal\CROPPED\102_06.bmp,im_Parabasal
C:\Users\PAVAN H\Downloads\SIPaKMeD\im_Superficial-Intermediate\im_Superficial-Intermediate\CROPPED\017_21.bmp,im_Superficial-Intermediate
C:\Users\PAVAN H\Downloads\SIPaKMeD\im_Koilocytotic\im_Koilocytotic\CROPPED\113_05.bmp,im_Koilocytotic
C:\Users\PAVAN H\Downloads\SIPaKMeD\im_Parabasal\im_Parabasal\CROPPED\066_01.bmp,im_Parabasal
C:\Users\PAVAN H\Downloads\SIPaKMeD\im_Koilocytotic\im_Koilocytotic\CROPPED\023_03.bmp,im_Koilocytotic
C:\Users\PAVAN H\Downloads\SIPaKMeD\im_Parabasal\im_Parabasal\CROPPED\006_06.bmp,im_Parabasal
C:\Users\PAVAN H\Downloads\SIPaKMeD\im_Superficial-Intermediate\im_Superficial-Intermediate\CROPPED\014_02.bmp,im_Superficial-Intermediate
C:\Users\PAVAN H\Downloads\SIPaKMeD\im_Metaplastic\im_Metaplastic\166.bmp,im_Metaplastic
C:\Users\PAVAN H\Downloads\SIPaKMeD\im_Dyskeratotic\im_Dyskeratotic\CROPPED\181_01.bmp,im_Dyskeratotic
C:\Users\PAVAN H\Downloads\SIPaKMeD\im_Koilocytotic\im_Koilocytotic\CROPPED\164_01.bmp,im_Koilocytotic
C:\Users\PAVAN H\Downloads\SIPaKMeD\im_Metaplastic\im_Metaplastic\CROPPED\238_02.bmp,im_Metaplastic
C:\Users\PAVAN H\Downloads\SIPaKMeD\im_Superficial-Intermediate\im_Superficial-Intermediate\CROPPED\067_08.bmp,im_Superficial-Intermediate
C:\Users\PAVAN H\Downloads\SIPaKMeD\im_Parabasal\im_Parabasal\CROPPED\069_07.bmp,im_Parabasal
C:\Users\PAVAN H\Downloads\SIPaKMeD\im_Metaplastic\im_Metaplastic\019.bmp,im_Metaplastic
C:\Users\PAVAN H\Downloads\SIPaKMeD\im_Koilocytotic\im_Koilocytotic\CROPPED\088_02.bmp,im_Koilocytotic
C:\Users\PAVAN H\Downloads\SIPaKMeD\im_Superficial-Intermediate\im_Superficial-Intermediate\CROPPED\123_01.bmp,im_Superficial-Intermediate
C:\Users\PAVAN H\Downloads\SIPaKMeD\im_Parabasal\im_Parabasal\012.bmp,im_Parabasal
C:\Users\PAVAN H\Downloads\SIPaKMeD\im_Superficial-Intermediate\im_Superficial-Intermediate\CROPPED\094_06.bmp,im_Superficial-Intermediate
C:\Users\PAVAN H\Downloads\SIPaKMeD\im_Metaplastic\im_Metaplastic\CROPPED\211_02.bmp,im_Metaplastic
C:\Users\PAVAN H\Downloads\SIPaKMeD\im_Metaplastic\im_Metaplastic\011.bmp,im_Metaplastic
C:\Users\PAVAN H\Downloads\SIPaKMeD\im_Metaplastic\im_Metaplastic\CROPPED\223_03.bmp,im_Metaplastic
C:\Users\PAVAN H\Downloads\SIPaKMeD\im_Superficial-Intermediate\im_Superficial-Intermediate\CROPPED\125_04.bmp,im_Superficial-Intermediate
C:\Users\PAVAN H\Downloads\SIPaKMeD\im_Superficial-Intermediate\im_Superficial-Intermediate\CROPPED\050_06.bmp,im_Superficial-Intermediate
C:\Users\PAVAN H\Downloads\SIPaKMeD\im_Superficial-Intermediate\im_Superficial-Intermediate\CROPPED\126_03.bmp,im_Superficial-Intermediate
C:\Users\PAVAN H\Downloads\SIPaKMeD\im_Parabasal\im_Parabasal\CROPPED\099_08.bmp,im_Parabasal
C:\Users\PAVAN H\Downloads\SIPaKMeD\im_Parabasal\im_Parabasal\CROPPED\093_06.bmp,im_Parabasal
C:\Users\PAVAN H\Downloads\SIPaKMeD\im_Koilocytotic\im_Koilocytotic\110.bmp,im_Koilocytotic
C:\Users\PAVAN H\Downloads\SIPaKMeD\im_Koilocytotic\im_Koilocytotic\CROPPED\094_07.bmp,im_Koilocytotic
C:\Users\PAVAN H\Downloads\SIPaKMeD\im_Dyskeratotic\im_Dyskeratotic\078.bmp,im_Dyskeratotic
C:\Users\PAVAN H\Downloads\SIPaKMeD\im_Koilocytotic\im_Koilocytotic\180.bmp,im_Koilocytotic
C:\Users\PAVAN H\Downloads\SIPaKMeD\im_Metaplastic\im_Metaplastic\CROPPED\258_01.bmp,im_Metaplastic
C:\Users\PAVAN H\Downloads\SIPaKMeD\im_Parabasal\im_Parabasal\CROPPED\052_02.bmp,im_Parabasal
C:\Users\PAVAN H\Downloads\SIPaKMeD\im_Metaplastic\im_Metaplastic\CROPPED\144_01.bmp,im_Metaplastic
C:\Users\PAVAN H\Downloads\SIPaKMeD\im_Metaplastic\im_Metaplastic\CROPPED\083_03.bmp,im_Metaplastic
C:\Users\PAVAN H\Downloads\SIPaKMeD\im_Superficial-Intermediate\im_Superficial-Intermediate\CROPPED\034_03.bmp,im_Superficial-Intermediate
C:\Users\PAVAN H\Downloads\SIPaKMeD\im_Koilocytotic\im_Koilocytotic\CROPPED\121_08.bmp,im_Koilocytotic
C:\Users\PAVAN H\Downloads\SIPaKMeD\im_Dyskeratotic\im_Dyskeratotic\082.bmp,im_Dyskeratotic
C:\Users\PAVAN H\Downloads\SIPaKMeD\im_Parabasal\im_Parabasal\CROPPED\102_14.bmp,im_Parabasal
C:\Users\PAVAN H\Downloads\SIPaKMeD\im_Dyskeratotic\im_Dyskeratotic\CROPPED\100_04.bmp,im_Dyskeratotic
C:\Users\PAVAN H\Downloads\SIPaKMeD\im_Koilocytotic\im_Koilocytotic\CROPPED\093_10.bmp,im_Koilocytotic
C:\Users\PAVAN H\Downloads\SIPaKMeD\im_Superficial-Intermediate\im_Superficial-Intermediate\005.bmp,im_Superficial-Intermediate
C:\Users\PAVAN H\Downloads\SIPaKMeD\im_Superficial-Intermediate\im_Superficial-Intermediate\CROPPED\126_07.bmp,im_Superficial-Intermediate
C:\Users\PAVAN H\Downloads\SIPaKMeD\im_Metaplastic\im_Metaplastic\CROPPED\021_01.bmp,im_Metaplastic
C:\Users\PAVAN H\Downloads\SIPaKMeD\im_Superficial-Intermediate\im_Superficial-Intermediate\CROPPED\083_02.bmp,im_Superficial-Intermediate
C:\Users\PAVAN H\Downloads\SIPaKMeD\im_Dyskeratotic\im_Dyskeratotic\CROPPED\064_04.bmp,im_Dyskeratotic
C:\Users\PAVAN H\Downloads\SIPaKMeD\im_Koilocytotic\im_Koilocytotic\CROPPED\160_05.bmp,im_Koilocytotic
C:\Users\PAVAN H\Downloads\SIPaKMeD\im_Metaplastic\im_Metaplastic\064.bmp,im_Metaplastic
C:\Users\PAVAN H\Downloads\SIPaKMeD\im_Metaplastic\im_Metaplastic\CROPPED\079_02.bmp,im_Metaplastic
C:\Users\PAVAN H\Downloads\SIPaKMeD\im_Superficial-Intermediate\im_Superficial-Intermediate\CROPPED\121_03.bmp,im_Superficial-Intermediate
C:\Users\PAVAN H\Downloads\SIPaKMeD\im_Superficial-Intermediate\im_Superficial-Intermediate\CROPPED\004_01.bmp,im_Superficial-Intermediate
C:\Users\PAVAN H\Downloads\SIPaKMeD\im_Parabasal\im_Parabasal\CROPPED\066_03.bmp,im_Parabasal
C:\Users\PAVAN H\Downloads\SIPaKMeD\im_Superficial-Intermediate\im_Superficial-Intermediate\CROPPED\113_02.bmp,im_Superficial-Intermediate
C:\Users\PAVAN H\Downloads\SIPaKMeD\im_Dyskeratotic\im_Dyskeratotic\CROPPED\100_06.bmp,im_Dyskeratotic
C:\Users\PAVAN H\Downloads\SIPaKMeD\im_Dyskeratotic\im_Dyskeratotic\CROPPED\198_04.bmp,im_Dyskeratotic
C:\Users\PAVAN H\Downloads\SIPaKMeD\im_Superficial-Intermediate\im_Superficial-Intermediate\CROPPED\119_02.bmp,im_Superficial-Intermediate
C:\Users\PAVAN H\Downloads\SIPaKMeD\im_Parabasal\im_Parabasal\CROPPED\062_05.bmp,im_Parabasal
C:\Users\PAVAN H\Downloads\SIPaKMeD\im_Superficial-Intermediate\im_Superficial-Intermediate\081.bmp,im_Superficial-Intermediate
C:\Users\PAVAN H\Downloads\SIPaKMeD\im_Koilocytotic\im_Koilocytotic\CROPPED\033_02.bmp,im_Koilocytotic
C:\Users\PAVAN H\Downloads\SIPaKMeD\im_Koilocytotic\im_Koilocytotic\CROPPED\117_03.bmp,im_Koilocytotic
C:\Users\PAVAN H\Downloads\SIPaKMeD\im_Dyskeratotic\im_Dyskeratotic\CROPPED\199_07.bmp,im_Dyskeratotic
C:\Users\PAVAN H\Downloads\SIPaKMeD\im_Metaplastic\im_Metaplastic\CROPPED\042_01.bmp,im_Metaplastic
C:\Users\PAVAN H\Downloads\SIPaKMeD\im_Dyskeratotic\im_Dyskeratotic\122.bmp,im_Dyskeratotic
C:\Users\PAVAN H\Downloads\SIPaKMeD\im_Koilocytotic\im_Koilocytotic\CROPPED\180_01.bmp,im_Koilocytotic
C:\Users\PAVAN H\Downloads\SIPaKMeD\im_Metaplastic\im_Metaplastic\CROPPED\047_03.bmp,im_Metaplastic
C:\Users\PAVAN H\Downloads\SIPaKMeD\im_Metaplastic\im_Metaplastic\CROPPED\264_09.bmp,im_Metaplastic
C:\Users\PAVAN H\Downloads\SIPaKMeD\im_Parabasal\im_Parabasal\CROPPED\063_05.bmp,im_Parabasal
C:\Users\PAVAN H\Downloads\SIPaKMeD\im_Superficial-Intermediate\im_Superficial-Intermediate\CROPPED\095_02.bmp,im_Superficial-Intermediate
C:\Users\PAVAN H\Downloads\SIPaKMeD\im_Metaplastic\im_Metaplastic\CROPPED\052_01.bmp,im_Metaplastic
C:\Users\PAVAN H\Downloads\SIPaKMeD\im_Dyskeratotic\im_Dyskeratotic\045.bmp,im_Dyskeratotic
C:\Users\PAVAN H\Downloads\SIPaKMeD\im_Parabasal\im_Parabasal\097.bmp,im_Parabasal
C:\Users\PAVAN H\Downloads\SIPaKMeD\im_Superficial-Intermediate\im_Superficial-Intermediate\CROPPED\060_03.bmp,im_Superficial-Intermediate
C:\Users\PAVAN H\Downloads\SIPaKMeD\im_Parabasal\im_Parabasal\007.bmp,im_Parabasal
C:\Users\PAVAN H\Downloads\SIPaKMeD\im_Parabasal\im_Parabasal\CROPPED\052_06.bmp,im_Parabasal
C:\Users\PAVAN H\Downloads\SIPaKMeD\im_Superficial-Intermediate\im_Superficial-Intermediate\CROPPED\108_03.bmp,im_Superficial-Intermediate
C:\Users\PAVAN H\Downloads\SIPaKMeD\im_Dyskeratotic\im_Dyskeratotic\090.bmp,im_Dyskeratotic
C:\Users\PAVAN H\Downloads\SIPaKMeD\im_Metaplastic\im_Metaplastic\CROPPED\218_04.bmp,im_Metaplastic
C:\Users\PAVAN H\Downloads\SIPaKMeD\im_Metaplastic\im_Metaplastic\178.bmp,im_Metaplastic
C:\Users\PAVAN H\Downloads\SIPaKMeD\im_Dyskeratotic\im_Dyskeratotic\141.bmp,im_Dyskeratotic
C:\Users\PAVAN H\Downloads\SIPaKMeD\im_Koilocytotic\im_Koilocytotic\CROPPED\088_04.bmp,im_Koilocytotic
C:\Users\PAVAN H\Downloads\SIPaKMeD\im_Metaplastic\im_Metaplastic\CROPPED\023_08.bmp,im_Metaplastic
C:\Users\PAVAN H\Downloads\SIPaKMeD\im_Parabasal\im_Parabasal\CROPPED\057_08.bmp,im_Parabasal
C:\Users\PAVAN H\Downloads\SIPaKMeD\im_Koilocytotic\im_Koilocytotic\033.bmp,im_Koilocytotic
C:\Users\PAVAN H\Downloads\SIPaKMeD\im_Koilocytotic\im_Koilocytotic\124.bmp,im_Koilocytotic
C:\Users\PAVAN H\Downloads\SIPaKMeD\im_Dyskeratotic\im_Dyskeratotic\037.bmp,im_Dyskeratotic
C:\Users\PAVAN H\Downloads\SIPaKMeD\im_Parabasal\im_Parabasal\CROPPED\094_03.bmp,im_Parabasal
C:\Users\PAVAN H\Downloads\SIPaKMeD\im_Koilocytotic\im_Koilocytotic\CROPPED\128_04.bmp,im_Koilocytotic
C:\Users\PAVAN H\Downloads\SIPaKMeD\im_Dyskeratotic\im_Dyskeratotic\CROPPED\202_02.bmp,im_Dyskeratotic
C:\Users\PAVAN H\Downloads\SIPaKMeD\im_Koilocytotic\im_Koilocytotic\CROPPED\233_01.bmp,im_Koilocytotic
C:\Users\PAVAN H\Downloads\SIPaKMeD\im_Parabasal\im_Parabasal\CROPPED\050_02.bmp,im_Parabasal
C:\Users\PAVAN H\Downloads\SIPaKMeD\im_Metaplastic\im_Metaplastic\CROPPED\083_02.bmp,im_Metaplastic
C:\Users\PAVAN H\Downloads\SIPaKMeD\im_Dyskeratotic\im_Dyskeratotic\CROPPED\122_01.bmp,im_Dyskeratotic
C:\Users\PAVAN H\Downloads\SIPaKMeD\im_Metaplastic\im_Metaplastic\CROPPED\033_02.bmp,im_Metaplastic
C:\Users\PAVAN H\Downloads\SIPaKMeD\im_Parabasal\im_Parabasal\CROPPED\093_03.bmp,im_Parabasal
C:\Users\PAVAN H\Downloads\SIPaKMeD\im_Metaplastic\im_Metaplastic\CROPPED\038_01.bmp,im_Metaplastic
C:\Users\PAVAN H\Downloads\SIPaKMeD\im_Parabasal\im_Parabasal\CROPPED\006_08.bmp,im_Parabasal
C:\Users\PAVAN H\Downloads\SIPaKMeD\im_Dyskeratotic\im_Dyskeratotic\139.bmp,im_Dyskeratotic
C:\Users\PAVAN H\Downloads\SIPaKMeD\im_Metaplastic\im_Metaplastic\CROPPED\096_05.bmp,im_Metaplastic
C:\Users\PAVAN H\Downloads\SIPaKMeD\im_Parabasal\im_Parabasal\CROPPED\039_01.bmp,im_Parabasal
C:\Users\PAVAN H\Downloads\SIPaKMeD\im_Koilocytotic\im_Koilocytotic\CROPPED\079_01.bmp,im_Koilocytotic
C:\Users\PAVAN H\Downloads\SIPaKMeD\im_Dyskeratotic\im_Dyskeratotic\CROPPED\067_07.bmp,im_Dyskeratotic
C:\Users\PAVAN H\Downloads\SIPaKMeD\im_Dyskeratotic\im_Dyskeratotic\CROPPED\110_04.bmp,im_Dyskeratotic
C:\Users\PAVAN H\Downloads\SIPaKMeD\im_Koilocytotic\im_Koilocytotic\140.bmp,im_Koilocytotic
C:\Users\PAVAN H\Downloads\SIPaKMeD\im_Koilocytotic\im_Koilocytotic\170.bmp,im_Koilocytotic
C:\Users\PAVAN H\Downloads\SIPaKMeD\im_Superficial-Intermediate\im_Superficial-Intermediate\CROPPED\017_13.bmp,im_Superficial-Intermediate
C:\Users\PAVAN H\Downloads\SIPaKMeD\im_Dyskeratotic\im_Dyskeratotic\CROPPED\066_10.bmp,im_Dyskeratotic
C:\Users\PAVAN H\Downloads\SIPaKMeD\im_Metaplastic\im_Metaplastic\CROPPED\027_04.bmp,im_Metaplastic
C:\Users\PAVAN H\Downloads\SIPaKMeD\im_Metaplastic\im_Metaplastic\CROPPED\141_05.bmp,im_Metaplastic
C:\Users\PAVAN H\Downloads\SIPaKMeD\im_Superficial-Intermediate\im_Superficial-Intermediate\CROPPED\007_05.bmp,im_Superficial-Intermediate
C:\Users\PAVAN H\Downloads\SIPaKMeD\im_Parabasal\im_Parabasal\CROPPED\005_06.bmp,im_Parabasal
C:\Users\PAVAN H\Downloads\SIPaKMeD\im_Dyskeratotic\im_Dyskeratotic\CROPPED\015_01.bmp,im_Dyskeratotic
C:\Users\PAVAN H\Downloads\SIPaKMeD\im_Koilocytotic\im_Koilocytotic\CROPPED\082_01.bmp,im_Koilocytotic
C:\Users\PAVAN H\Downloads\SIPaKMeD\im_Parabasal\im_Parabasal\CROPPED\070_07.bmp,im_Parabasal
C:\Users\PAVAN H\Downloads\SIPaKMeD\im_Dyskeratotic\im_Dyskeratotic\CROPPED\061_02.bmp,im_Dyskeratotic
C:\Users\PAVAN H\Downloads\SIPaKMeD\im_Dyskeratotic\im_Dyskeratotic\CROPPED\001_05.bmp,im_Dyskeratotic
C:\Users\PAVAN H\Downloads\SIPaKMeD\im_Dyskeratotic\im_Dyskeratotic\CROPPED\003_03.bmp,im_Dyskeratotic
C:\Users\PAVAN H\Downloads\SIPaKMeD\im_Metaplastic\im_Metaplastic\CROPPED\256_02.bmp,im_Metaplastic
C:\Users\PAVAN H\Downloads\SIPaKMeD\im_Parabasal\im_Parabasal\CROPPED\081_01.bmp,im_Parabasal
C:\Users\PAVAN H\Downloads\SIPaKMeD\im_Dyskeratotic\im_Dyskeratotic\CROPPED\113_03.bmp,im_Dyskeratotic
C:\Users\PAVAN H\Downloads\SIPaKMeD\im_Metaplastic\im_Metaplastic\CROPPED\253_07.bmp,im_Metaplastic
C:\Users\PAVAN H\Downloads\SIPaKMeD\im_Parabasal\im_Parabasal\CROPPED\098_01.bmp,im_Parabasal
C:\Users\PAVAN H\Downloads\SIPaKMeD\im_Dyskeratotic\im_Dyskeratotic\CROPPED\016_01.bmp,im_Dyskeratotic
C:\Users\PAVAN H\Downloads\SIPaKMeD\im_Parabasal\im_Parabasal\CROPPED\018_06.bmp,im_Parabasal
C:\Users\PAVAN H\Downloads\SIPaKMeD\im_Dyskeratotic\im_Dyskeratotic\081.bmp,im_Dyskeratotic
C:\Users\PAVAN H\Downloads\SIPaKMeD\im_Koilocytotic\im_Koilocytotic\CROPPED\171_01.bmp,im_Koilocytotic
C:\Users\PAVAN H\Downloads\SIPaKMeD\im_Superficial-Intermediate\im_Superficial-Intermediate\CROPPED\091_01.bmp,im_Superficial-Intermediate
C:\Users\PAVAN H\Downloads\SIPaKMeD\im_Koilocytotic\im_Koilocytotic\CROPPED\196_01.bmp,im_Koilocytotic
C:\Users\PAVAN H\Downloads\SIPaKMeD\im_Dyskeratotic\im_Dyskeratotic\CROPPED\031_01.bmp,im_Dyskeratotic
C:\Users\PAVAN H\Downloads\SIPaKMeD\im_Koilocytotic\im_Koilocytotic\CROPPED\118_05.bmp,im_Koilocytotic
C:\Users\PAVAN H\Downloads\SIPaKMeD\im_Superficial-Intermediate\im_Superficial-Intermediate\CROPPED\026_04.bmp,im_Superficial-Intermediate
C:\Users\PAVAN H\Downloads\SIPaKMeD\im_Parabasal\im_Parabasal\CROPPED\099_14.bmp,im_Parabasal
C:\Users\PAVAN H\Downloads\SIPaKMeD\im_Superficial-Intermediate\im_Superficial-Intermediate\CROPPED\124_02.bmp,im_Superficial-Intermediate
C:\Users\PAVAN H\Downloads\SIPaKMeD\im_Koilocytotic\im_Koilocytotic\CROPPED\095_15.bmp,im_Koilocytotic
C:\Users\PAVAN H\Downloads\SIPaKMeD\im_Metaplastic\im_Metaplastic\CROPPED\014_01.bmp,im_Metaplastic
C:\Users\PAVAN H\Downloads\SIPaKMeD\im_Metaplastic\im_Metaplastic\061.bmp,im_Metaplastic
C:\Users\PAVAN H\Downloads\SIPaKMeD\im_Metaplastic\im_Metaplastic\CROPPED\140_04.bmp,im_Metaplastic
C:\Users\PAVAN H\Downloads\SIPaKMeD\im_Dyskeratotic\im_Dyskeratotic\CROPPED\074_03.bmp,im_Dyskeratotic
C:\Users\PAVAN H\Downloads\SIPaKMeD\im_Superficial-Intermediate\im_Superficial-Intermediate\CROPPED\080_01.bmp,im_Superficial-Intermediate
C:\Users\PAVAN H\Downloads\SIPaKMeD\im_Dyskeratotic\im_Dyskeratotic\CROPPED\170_01.bmp,im_Dyskeratotic
C:\Users\PAVAN H\Downloads\SIPaKMeD\im_Parabasal\im_Parabasal\CROPPED\070_14.bmp,im_Parabasal
C:\Users\PAVAN H\Downloads\SIPaKMeD\im_Metaplastic\im_Metaplastic\CROPPED\082_07.bmp,im_Metaplastic
C:\Users\PAVAN H\Downloads\SIPaKMeD\im_Koilocytotic\im_Koilocytotic\CROPPED\029_01.bmp,im_Koilocytotic
C:\Users\PAVAN H\Downloads\SIPaKMeD\im_Superficial-Intermediate\im_Superficial-Intermediate\CROPPED\088_02.bmp,im_Superficial-Intermediate
C:\Users\PAVAN H\Downloads\SIPaKMeD\im_Metaplastic\im_Metaplastic\CROPPED\011_02.bmp,im_Metaplastic
C:\Users\PAVAN H\Downloads\SIPaKMeD\im_Dyskeratotic\im_Dyskeratotic\CROPPED\081_05.bmp,im_Dyskeratotic
C:\Users\PAVAN H\Downloads\SIPaKMeD\im_Superficial-Intermediate\im_Superficial-Intermediate\CROPPED\080_03.bmp,im_Superficial-Intermediate
C:\Users\PAVAN H\Downloads\SIPaKMeD\im_Metaplastic\im_Metaplastic\082.bmp,im_Metaplastic
C:\Users\PAVAN H\Downloads\SIPaKMeD\im_Koilocytotic\im_Koilocytotic\CROPPED\159_02.bmp,im_Koilocytotic
C:\Users\PAVAN H\Downloads\SIPaKMeD\im_Dyskeratotic\im_Dyskeratotic\CROPPED\069_02.bmp,im_Dyskeratotic
C:\Users\PAVAN H\Downloads\SIPaKMeD\im_Dyskeratotic\im_Dyskeratotic\CROPPED\038_04.bmp,im_Dyskeratotic
C:\Users\PAVAN H\Downloads\SIPaKMeD\im_Parabasal\im_Parabasal\CROPPED\081_07.bmp,im_Parabasal
C:\Users\PAVAN H\Downloads\SIPaKMeD\im_Dyskeratotic\im_Dyskeratotic\CROPPED\168_02.bmp,im_Dyskeratotic
C:\Users\PAVAN H\Downloads\SIPaKMeD\im_Metaplastic\im_Metaplastic\CROPPED\083_05.bmp,im_Metaplastic
C:\Users\PAVAN H\Downloads\SIPaKMeD\im_Dyskeratotic\im_Dyskeratotic\CROPPED\101_13.bmp,im_Dyskeratotic
C:\Users\PAVAN H\Downloads\SIPaKMeD\im_Parabasal\im_Parabasal\CROPPED\097_02.bmp,im_Parabasal
C:\Users\PAVAN H\Downloads\SIPaKMeD\im_Metaplastic\im_Metaplastic\CROPPED\247_02.bmp,im_Metaplastic
C:\Users\PAVAN H\Downloads\SIPaKMeD\im_Metaplastic\im_Metaplastic\CROPPED\261_04.bmp,im_Metaplastic
C:\Users\PAVAN H\Downloads\SIPaKMeD\im_Dyskeratotic\im_Dyskeratotic\CROPPED\146_03.bmp,im_Dyskeratotic
C:\Users\PAVAN H\Downloads\SIPaKMeD\im_Superficial-Intermediate\im_Superficial-Intermediate\CROPPED\106_13.bmp,im_Superficial-Intermediate
C:\Users\PAVAN H\Downloads\SIPaKMeD\im_Dyskeratotic\im_Dyskeratotic\CROPPED\113_01.bmp,im_Dyskeratotic
C:\Users\PAVAN H\Downloads\SIPaKMeD\im_Parabasal\im_Parabasal\CROPPED\019_06.bmp,im_Parabasal
C:\Users\PAVAN H\Downloads\SIPaKMeD\im_Koilocytotic\im_Koilocytotic\CROPPED\093_02.bmp,im_Koilocytotic
C:\Users\PAVAN H\Downloads\SIPaKMeD\im_Dyskeratotic\im_Dyskeratotic\091.bmp,im_Dyskeratotic
C:\Users\PAVAN H\Downloads\SIPaKMeD\im_Metaplastic\im_Metaplastic\CROPPED\164_07.bmp,im_Metaplastic
C:\Users\PAVAN H\Downloads\SIPaKMeD\im_Metaplastic\im_Metaplastic\CROPPED\141_04.bmp,im_Metaplastic
C:\Users\PAVAN H\Downloads\SIPaKMeD\im_Metaplastic\im_Metaplastic\CROPPED\024_01.bmp,im_Metaplastic
C:\Users\PAVAN H\Downloads\SIPaKMeD\im_Metaplastic\im_Metaplastic\CROPPED\231_01.bmp,im_Metaplastic
C:\Users\PAVAN H\Downloads\SIPaKMeD\im_Koilocytotic\im_Koilocytotic\CROPPED\108_06.bmp,im_Koilocytotic
C:\Users\PAVAN H\Downloads\SIPaKMeD\im_Parabasal\im_Parabasal\CROPPED\098_06.bmp,im_Parabasal
C:\Users\PAVAN H\Downloads\SIPaKMeD\im_Metaplastic\im_Metaplastic\CROPPED\095_03.bmp,im_Metaplastic
C:\Users\PAVAN H\Downloads\SIPaKMeD\im_Parabasal\im_Parabasal\CROPPED\057_07.bmp,im_Parabasal
C:\Users\PAVAN H\Downloads\SIPaKMeD\im_Metaplastic\im_Metaplastic\CROPPED\223_02.bmp,im_Metaplastic
C:\Users\PAVAN H\Downloads\SIPaKMeD\im_Parabasal\im_Parabasal\002.bmp,im_Parabasal
C:\Users\PAVAN H\Downloads\SIPaKMeD\im_Metaplastic\im_Metaplastic\041.bmp,im_Metaplastic
C:\Users\PAVAN H\Downloads\SIPaKMeD\im_Koilocytotic\im_Koilocytotic\CROPPED\077_02.bmp,im_Koilocytotic
C:\Users\PAVAN H\Downloads\SIPaKMeD\im_Koilocytotic\im_Koilocytotic\CROPPED\102_02.bmp,im_Koilocytotic
C:\Users\PAVAN H\Downloads\SIPaKMeD\im_Metaplastic\im_Metaplastic\CROPPED\194_01.bmp,im_Metaplastic
C:\Users\PAVAN H\Downloads\SIPaKMeD\im_Koilocytotic\im_Koilocytotic\CROPPED\095_08.bmp,im_Koilocytotic
C:\Users\PAVAN H\Downloads\SIPaKMeD\im_Parabasal\im_Parabasal\CROPPED\027_03.bmp,im_Parabasal
C:\Users\PAVAN H\Downloads\SIPaKMeD\im_Koilocytotic\im_Koilocytotic\CROPPED\083_02.bmp,im_Koilocytotic
C:\Users\PAVAN H\Downloads\SIPaKMeD\im_Parabasal\im_Parabasal\101.bmp,im_Parabasal
C:\Users\PAVAN H\Downloads\SIPaKMeD\im_Metaplastic\im_Metaplastic\031.bmp,im_Metaplastic
C:\Users\PAVAN H\Downloads\SIPaKMeD\im_Koilocytotic\im_Koilocytotic\CROPPED\127_02.bmp,im_Koilocytotic
C:\Users\PAVAN H\Downloads\SIPaKMeD\im_Metaplastic\im_Metaplastic\CROPPED\102_03.bmp,im_Metaplastic
C:\Users\PAVAN H\Downloads\SIPaKMeD\im_Superficial-Intermediate\im_Superficial-Intermediate\CROPPED\104_02.bmp,im_Superficial-Intermediate
C:\Users\PAVAN H\Downloads\SIPaKMeD\im_Superficial-Intermediate\im_Superficial-Intermediate\CROPPED\124_08.bmp,im_Superficial-Intermediate
C:\Users\PAVAN H\Downloads\SIPaKMeD\im_Metaplastic\im_Metaplastic\070.bmp,im_Metaplastic
C:\Users\PAVAN H\Downloads\SIPaKMeD\im_Dyskeratotic\im_Dyskeratotic\CROPPED\117_04.bmp,im_Dyskeratotic
C:\Users\PAVAN H\Downloads\SIPaKMeD\im_Superficial-Intermediate\im_Superficial-Intermediate\CROPPED\021_05.bmp,im_Superficial-Intermediate
C:\Users\PAVAN H\Downloads\SIPaKMeD\im_Koilocytotic\im_Koilocytotic\CROPPED\023_04.bmp,im_Koilocytotic
C:\Users\PAVAN H\Downloads\SIPaKMeD\im_Dyskeratotic\im_Dyskeratotic\CROPPED\091_01.bmp,im_Dyskeratotic
C:\Users\PAVAN H\Downloads\SIPaKMeD\im_Dyskeratotic\im_Dyskeratotic\CROPPED\147_01.bmp,im_Dyskeratotic
C:\Users\PAVAN H\Downloads\SIPaKMeD\im_Metaplastic\im_Metaplastic\CROPPED\155_01.bmp,im_Metaplastic
C:\Users\PAVAN H\Downloads\SIPaKMeD\im_Superficial-Intermediate\im_Superficial-Intermediate\CROPPED\078_03.bmp,im_Superficial-Intermediate
C:\Users\PAVAN H\Downloads\SIPaKMeD\im_Superficial-Intermediate\im_Superficial-Intermediate\CROPPED\007_13.bmp,im_Superficial-Intermediate
C:\Users\PAVAN H\Downloads\SIPaKMeD\im_Parabasal\im_Parabasal\CROPPED\065_07.bmp,im_Parabasal
C:\Users\PAVAN H\Downloads\SIPaKMeD\im_Koilocytotic\im_Koilocytotic\CROPPED\015_04.bmp,im_Koilocytotic
C:\Users\PAVAN H\Downloads\SIPaKMeD\im_Parabasal\im_Parabasal\CROPPED\098_04.bmp,im_Parabasal
C:\Users\PAVAN H\Downloads\SIPaKMeD\im_Parabasal\im_Parabasal\CROPPED\042_13.bmp,im_Parabasal
C:\Users\PAVAN H\Downloads\SIPaKMeD\im_Parabasal\im_Parabasal\023.bmp,im_Parabasal
C:\Users\PAVAN H\Downloads\SIPaKMeD\im_Superficial-Intermediate\im_Superficial-Intermediate\CROPPED\014_01.bmp,im_Superficial-Intermediate
C:\Users\PAVAN H\Downloads\SIPaKMeD\im_Dyskeratotic\im_Dyskeratotic\CROPPED\101_07.bmp,im_Dyskeratotic
C:\Users\PAVAN H\Downloads\SIPaKMeD\im_Superficial-Intermediate\im_Superficial-Intermediate\CROPPED\106_01.bmp,im_Superficial-Intermediate
C:\Users\PAVAN H\Downloads\SIPaKMeD\im_Dyskeratotic\im_Dyskeratotic\CROPPED\104_08.bmp,im_Dyskeratotic
C:\Users\PAVAN H\Downloads\SIPaKMeD\im_Dyskeratotic\im_Dyskeratotic\CROPPED\147_04.bmp,im_Dyskeratotic
C:\Users\PAVAN H\Downloads\SIPaKMeD\im_Dyskeratotic\im_Dyskeratotic\175.bmp,im_Dyskeratotic
C:\Users\PAVAN H\Downloads\SIPaKMeD\im_Koilocytotic\im_Koilocytotic\CROPPED\084_04.bmp,im_Koilocytotic
C:\Users\PAVAN H\Downloads\SIPaKMeD\im_Koilocytotic\im_Koilocytotic\CROPPED\094_11.bmp,im_Koilocytotic
C:\Users\PAVAN H\Downloads\SIPaKMeD\im_Metaplastic\im_Metaplastic\235.bmp,im_Metaplastic
C:\Users\PAVAN H\Downloads\SIPaKMeD\im_Koilocytotic\im_Koilocytotic\CROPPED\143_02.bmp,im_Koilocytotic
C:\Users\PAVAN H\Downloads\SIPaKMeD\im_Koilocytotic\im_Koilocytotic\CROPPED\149_04.bmp,im_Koilocytotic
C:\Users\PAVAN H\Downloads\SIPaKMeD\im_Superficial-Intermediate\im_Superficial-Intermediate\CROPPED\080_08.bmp,im_Superficial-Intermediate
C:\Users\PAVAN H\Downloads\SIPaKMeD\im_Superficial-Intermediate\im_Superficial-Intermediate\CROPPED\050_05.bmp,im_Superficial-Intermediate
C:\Users\PAVAN H\Downloads\SIPaKMeD\im_Superficial-Intermediate\im_Superficial-Intermediate\019.bmp,im_Superficial-Intermediate
C:\Users\PAVAN H\Downloads\SIPaKMeD\im_Dyskeratotic\im_Dyskeratotic\CROPPED\182_01.bmp,im_Dyskeratotic
C:\Users\PAVAN H\Downloads\SIPaKMeD\im_Parabasal\im_Parabasal\CROPPED\065_05.bmp,im_Parabasal
C:\Users\PAVAN H\Downloads\SIPaKMeD\im_Metaplastic\im_Metaplastic\CROPPED\073_05.bmp,im_Metaplastic
C:\Users\PAVAN H\Downloads\SIPaKMeD\im_Metaplastic\im_Metaplastic\CROPPED\027_05.bmp,im_Metaplastic
C:\Users\PAVAN H\Downloads\SIPaKMeD\im_Dyskeratotic\im_Dyskeratotic\CROPPED\219_06.bmp,im_Dyskeratotic
C:\Users\PAVAN H\Downloads\SIPaKMeD\im_Metaplastic\im_Metaplastic\141.bmp,im_Metaplastic
C:\Users\PAVAN H\Downloads\SIPaKMeD\im_Dyskeratotic\im_Dyskeratotic\083.bmp,im_Dyskeratotic
C:\Users\PAVAN H\Downloads\SIPaKMeD\im_Superficial-Intermediate\im_Superficial-Intermediate\CROPPED\042_02.bmp,im_Superficial-Intermediate
C:\Users\PAVAN H\Downloads\SIPaKMeD\im_Metaplastic\im_Metaplastic\155.bmp,im_Metaplastic
C:\Users\PAVAN H\Downloads\SIPaKMeD\im_Parabasal\im_Parabasal\CROPPED\064_03.bmp,im_Parabasal
C:\Users\PAVAN H\Downloads\SIPaKMeD\im_Koilocytotic\im_Koilocytotic\CROPPED\077_03.bmp,im_Koilocytotic
C:\Users\PAVAN H\Downloads\SIPaKMeD\im_Parabasal\im_Parabasal\CROPPED\016_05.bmp,im_Parabasal
C:\Users\PAVAN H\Downloads\SIPaKMeD\im_Superficial-Intermediate\im_Superficial-Intermediate\CROPPED\013_01.bmp,im_Superficial-Intermediate
C:\Users\PAVAN H\Downloads\SIPaKMeD\im_Dyskeratotic\im_Dyskeratotic\CROPPED\114_01.bmp,im_Dyskeratotic
C:\Users\PAVAN H\Downloads\SIPaKMeD\im_Metaplastic\im_Metaplastic\CROPPED\100_02.bmp,im_Metaplastic
C:\Users\PAVAN H\Downloads\SIPaKMeD\im_Parabasal\im_Parabasal\CROPPED\044_06.bmp,im_Parabasal
C:\Users\PAVAN H\Downloads\SIPaKMeD\im_Koilocytotic\im_Koilocytotic\CROPPED\098_05.bmp,im_Koilocytotic
C:\Users\PAVAN H\Downloads\SIPaKMeD\im_Dyskeratotic\im_Dyskeratotic\CROPPED\121_02.bmp,im_Dyskeratotic
C:\Users\PAVAN H\Downloads\SIPaKMeD\im_Parabasal\im_Parabasal\CROPPED\062_08.bmp,im_Parabasal
C:\Users\PAVAN H\Downloads\SIPaKMeD\im_Dyskeratotic\im_Dyskeratotic\CROPPED\112_08.bmp,im_Dyskeratotic
C:\Users\PAVAN H\Downloads\SIPaKMeD\im_Superficial-Intermediate\im_Superficial-Intermediate\CROPPED\017_22.bmp,im_Superficial-Intermediate
C:\Users\PAVAN H\Downloads\SIPaKMeD\im_Dyskeratotic\im_Dyskeratotic\CROPPED\015_04.bmp,im_Dyskeratotic
C:\Users\PAVAN H\Downloads\SIPaKMeD\im_Parabasal\im_Parabasal\105.bmp,im_Parabasal
C:\Users\PAVAN H\Downloads\SIPaKMeD\im_Koilocytotic\im_Koilocytotic\CROPPED\152_03.bmp,im_Koilocytotic
C:\Users\PAVAN H\Downloads\SIPaKMeD\im_Koilocytotic\im_Koilocytotic\039.bmp,im_Koilocytotic
C:\Users\PAVAN H\Downloads\SIPaKMeD\im_Metaplastic\im_Metaplastic\CROPPED\264_08.bmp,im_Metaplastic
C:\Users\PAVAN H\Downloads\SIPaKMeD\im_Parabasal\im_Parabasal\CROPPED\097_16.bmp,im_Parabasal
C:\Users\PAVAN H\Downloads\SIPaKMeD\im_Dyskeratotic\im_Dyskeratotic\033.bmp,im_Dyskeratotic
C:\Users\PAVAN H\Downloads\SIPaKMeD\im_Superficial-Intermediate\im_Superficial-Intermediate\CROPPED\104_05.bmp,im_Superficial-Intermediate
C:\Users\PAVAN H\Downloads\SIPaKMeD\im_Superficial-Intermediate\im_Superficial-Intermediate\003.bmp,im_Superficial-Intermediate
C:\Users\PAVAN H\Downloads\SIPaKMeD\im_Koilocytotic\im_Koilocytotic\CROPPED\161_04.bmp,im_Koilocytotic
C:\Users\PAVAN H\Downloads\SIPaKMeD\im_Parabasal\im_Parabasal\CROPPED\084_04.bmp,im_Parabasal
C:\Users\PAVAN H\Downloads\SIPaKMeD\im_Superficial-Intermediate\im_Superficial-Intermediate\CROPPED\108_06.bmp,im_Superficial-Intermediate
C:\Users\PAVAN H\Downloads\SIPaKMeD\im_Parabasal\im_Parabasal\CROPPED\093_07.bmp,im_Parabasal
C:\Users\PAVAN H\Downloads\SIPaKMeD\im_Koilocytotic\im_Koilocytotic\CROPPED\056_01.bmp,im_Koilocytotic
C:\Users\PAVAN H\Downloads\SIPaKMeD\im_Metaplastic\im_Metaplastic\CROPPED\184_04.bmp,im_Metaplastic
C:\Users\PAVAN H\Downloads\SIPaKMeD\im_Metaplastic\im_Metaplastic\CROPPED\006_01.bmp,im_Metaplastic
C:\Users\PAVAN H\Downloads\SIPaKMeD\im_Superficial-Intermediate\im_Superficial-Intermediate\CROPPED\086_03.bmp,im_Superficial-Intermediate
C:\Users\PAVAN H\Downloads\SIPaKMeD\im_Metaplastic\im_Metaplastic\CROPPED\047_01.bmp,im_Metaplastic
C:\Users\PAVAN H\Downloads\SIPaKMeD\im_Metaplastic\im_Metaplastic\CROPPED\102_01.bmp,im_Metaplastic
C:\Users\PAVAN H\Downloads\SIPaKMeD\im_Dyskeratotic\im_Dyskeratotic\CROPPED\019_04.bmp,im_Dyskeratotic
C:\Users\PAVAN H\Downloads\SIPaKMeD\im_Parabasal\im_Parabasal\CROPPED\029_03.bmp,im_Parabasal
C:\Users\PAVAN H\Downloads\SIPaKMeD\im_Metaplastic\im_Metaplastic\CROPPED\074_09.bmp,im_Metaplastic
C:\Users\PAVAN H\Downloads\SIPaKMeD\im_Parabasal\im_Parabasal\CROPPED\044_09.bmp,im_Parabasal
C:\Users\PAVAN H\Downloads\SIPaKMeD\im_Metaplastic\im_Metaplastic\CROPPED\035_01.bmp,im_Metaplastic
C:\Users\PAVAN H\Downloads\SIPaKMeD\im_Superficial-Intermediate\im_Superficial-Intermediate\CROPPED\102_03.bmp,im_Superficial-Intermediate
C:\Users\PAVAN H\Downloads\SIPaKMeD\im_Koilocytotic\im_Koilocytotic\044.bmp,im_Koilocytotic
C:\Users\PAVAN H\Downloads\SIPaKMeD\im_Dyskeratotic\im_Dyskeratotic\217.bmp,im_Dyskeratotic
C:\Users\PAVAN H\Downloads\SIPaKMeD\im_Dyskeratotic\im_Dyskeratotic\CROPPED\059_01.bmp,im_Dyskeratotic
C:\Users\PAVAN H\Downloads\SIPaKMeD\im_Parabasal\im_Parabasal\CROPPED\046_02.bmp,im_Parabasal
C:\Users\PAVAN H\Downloads\SIPaKMeD\im_Metaplastic\im_Metaplastic\CROPPED\024_08.bmp,im_Metaplastic
C:\Users\PAVAN H\Downloads\SIPaKMeD\im_Dyskeratotic\im_Dyskeratotic\CROPPED\038_06.bmp,im_Dyskeratotic
C:\Users\PAVAN H\Downloads\SIPaKMeD\im_Koilocytotic\im_Koilocytotic\074.bmp,im_Koilocytotic
C:\Users\PAVAN H\Downloads\SIPaKMeD\im_Dyskeratotic\im_Dyskeratotic\CROPPED\101_16.bmp,im_Dyskeratotic
C:\Users\PAVAN H\Downloads\SIPaKMeD\im_Metaplastic\im_Metaplastic\CROPPED\082_05.bmp,im_Metaplastic
C:\Users\PAVAN H\Downloads\SIPaKMeD\im_Dyskeratotic\im_Dyskeratotic\CROPPED\039_01.bmp,im_Dyskeratotic
C:\Users\PAVAN H\Downloads\SIPaKMeD\im_Dyskeratotic\im_Dyskeratotic\084.bmp,im_Dyskeratotic
C:\Users\PAVAN H\Downloads\SIPaKMeD\im_Metaplastic\im_Metaplastic\CROPPED\058_01.bmp,im_Metaplastic
C:\Users\PAVAN H\Downloads\SIPaKMeD\im_Metaplastic\im_Metaplastic\CROPPED\139_05.bmp,im_Metaplastic
C:\Users\PAVAN H\Downloads\SIPaKMeD\im_Parabasal\im_Parabasal\CROPPED\019_08.bmp,im_Parabasal
C:\Users\PAVAN H\Downloads\SIPaKMeD\im_Koilocytotic\im_Koilocytotic\CROPPED\021_02.bmp,im_Koilocytotic
C:\Users\PAVAN H\Downloads\SIPaKMeD\im_Koilocytotic\im_Koilocytotic\CROPPED\088_08.bmp,im_Koilocytotic
C:\Users\PAVAN H\Downloads\SIPaKMeD\im_Parabasal\im_Parabasal\CROPPED\057_12.bmp,im_Parabasal
C:\Users\PAVAN H\Downloads\SIPaKMeD\im_Metaplastic\im_Metaplastic\CROPPED\082_02.bmp,im_Metaplastic
C:\Users\PAVAN H\Downloads\SIPaKMeD\im_Dyskeratotic\im_Dyskeratotic\CROPPED\191_01.bmp,im_Dyskeratotic
C:\Users\PAVAN H\Downloads\SIPaKMeD\im_Superficial-Intermediate\im_Superficial-Intermediate\CROPPED\051_02.bmp,im_Superficial-Intermediate
C:\Users\PAVAN H\Downloads\SIPaKMeD\im_Parabasal\im_Parabasal\CROPPED\036_04.bmp,im_Parabasal
C:\Users\PAVAN H\Downloads\SIPaKMeD\im_Metaplastic\im_Metaplastic\CROPPED\193_02.bmp,im_Metaplastic
C:\Users\PAVAN H\Downloads\SIPaKMeD\im_Metaplastic\im_Metaplastic\CROPPED\005_01.bmp,im_Metaplastic
C:\Users\PAVAN H\Downloads\SIPaKMeD\im_Metaplastic\im_Metaplastic\CROPPED\132_05.bmp,im_Metaplastic
C:\Users\PAVAN H\Downloads\SIPaKMeD\im_Parabasal\im_Parabasal\CROPPED\011_10.bmp,im_Parabasal
C:\Users\PAVAN H\Downloads\SIPaKMeD\im_Superficial-Intermediate\im_Superficial-Intermediate\CROPPED\021_07.bmp,im_Superficial-Intermediate
C:\Users\PAVAN H\Downloads\SIPaKMeD\im_Superficial-Intermediate\im_Superficial-Intermediate\CROPPED\087_03.bmp,im_Superficial-Intermediate
C:\Users\PAVAN H\Downloads\SIPaKMeD\im_Parabasal\im_Parabasal\CROPPED\079_01.bmp,im_Parabasal
C:\Users\PAVAN H\Downloads\SIPaKMeD\im_Dyskeratotic\im_Dyskeratotic\CROPPED\104_06.bmp,im_Dyskeratotic
C:\Users\PAVAN H\Downloads\SIPaKMeD\im_Koilocytotic\im_Koilocytotic\017.bmp,im_Koilocytotic
C:\Users\PAVAN H\Downloads\SIPaKMeD\im_Metaplastic\im_Metaplastic\CROPPED\016_02.bmp,im_Metaplastic
C:\Users\PAVAN H\Downloads\SIPaKMeD\im_Dyskeratotic\im_Dyskeratotic\123.bmp,im_Dyskeratotic
C:\Users\PAVAN H\Downloads\SIPaKMeD\im_Dyskeratotic\im_Dyskeratotic\CROPPED\004_03.bmp,im_Dyskeratotic
C:\Users\PAVAN H\Downloads\SIPaKMeD\im_Superficial-Intermediate\im_Superficial-Intermediate\CROPPED\086_02.bmp,im_Superficial-Intermediate
C:\Users\PAVAN H\Downloads\SIPaKMeD\im_Metaplastic\im_Metaplastic\CROPPED\093_01.bmp,im_Metaplastic
C:\Users\PAVAN H\Downloads\SIPaKMeD\im_Koilocytotic\im_Koilocytotic\CROPPED\077_06.bmp,im_Koilocytotic
C:\Users\PAVAN H\Downloads\SIPaKMeD\im_Dyskeratotic\im_Dyskeratotic\065.bmp,im_Dyskeratotic
C:\Users\PAVAN H\Downloads\SIPaKMeD\im_Superficial-Intermediate\im_Superficial-Intermediate\CROPPED\076_05.bmp,im_Superficial-Intermediate
C:\Users\PAVAN H\Downloads\SIPaKMeD\im_Koilocytotic\im_Koilocytotic\220.bmp,im_Koilocytotic
C:\Users\PAVAN H\Downloads\SIPaKMeD\im_Dyskeratotic\im_Dyskeratotic\CROPPED\011_09.bmp,im_Dyskeratotic
C:\Users\PAVAN H\Downloads\SIPaKMeD\im_Parabasal\im_Parabasal\CROPPED\001_13.bmp,im_Parabasal
C:\Users\PAVAN H\Downloads\SIPaKMeD\im_Koilocytotic\im_Koilocytotic\157.bmp,im_Koilocytotic
C:\Users\PAVAN H\Downloads\SIPaKMeD\im_Koilocytotic\im_Koilocytotic\CROPPED\140_07.bmp,im_Koilocytotic
C:\Users\PAVAN H\Downloads\SIPaKMeD\im_Parabasal\im_Parabasal\CROPPED\018_01.bmp,im_Parabasal
C:\Users\PAVAN H\Downloads\SIPaKMeD\im_Superficial-Intermediate\im_Superficial-Intermediate\CROPPED\002_03.bmp,im_Superficial-Intermediate
C:\Users\PAVAN H\Downloads\SIPaKMeD\im_Metaplastic\im_Metaplastic\CROPPED\097_06.bmp,im_Metaplastic
C:\Users\PAVAN H\Downloads\SIPaKMeD\im_Dyskeratotic\im_Dyskeratotic\CROPPED\090_02.bmp,im_Dyskeratotic
C:\Users\PAVAN H\Downloads\SIPaKMeD\im_Metaplastic\im_Metaplastic\095.bmp,im_Metaplastic
C:\Users\PAVAN H\Downloads\SIPaKMeD\im_Dyskeratotic\im_Dyskeratotic\CROPPED\084_01.bmp,im_Dyskeratotic
C:\Users\PAVAN H\Downloads\SIPaKMeD\im_Koilocytotic\im_Koilocytotic\CROPPED\121_10.bmp,im_Koilocytotic
C:\Users\PAVAN H\Downloads\SIPaKMeD\im_Parabasal\im_Parabasal\CROPPED\063_03.bmp,im_Parabasal
C:\Users\PAVAN H\Downloads\SIPaKMeD\im_Koilocytotic\im_Koilocytotic\CROPPED\142_01.bmp,im_Koilocytotic
C:\Users\PAVAN H\Downloads\SIPaKMeD\im_Parabasal\im_Parabasal\081.bmp,im_Parabasal
C:\Users\PAVAN H\Downloads\SIPaKMeD\im_Superficial-Intermediate\im_Superficial-Intermediate\CROPPED\083_01.bmp,im_Superficial-Intermediate
C:\Users\PAVAN H\Downloads\SIPaKMeD\im_Parabasal\im_Parabasal\058.bmp,im_Parabasal
C:\Users\PAVAN H\Downloads\SIPaKMeD\im_Superficial-Intermediate\im_Superficial-Intermediate\CROPPED\051_05.bmp,im_Superficial-Intermediate
C:\Users\PAVAN H\Downloads\SIPaKMeD\im_Metaplastic\im_Metaplastic\CROPPED\256_03.bmp,im_Metaplastic
C:\Users\PAVAN H\Downloads\SIPaKMeD\im_Superficial-Intermediate\im_Superficial-Intermediate\020.bmp,im_Superficial-Intermediate
C:\Users\PAVAN H\Downloads\SIPaKMeD\im_Parabasal\im_Parabasal\CROPPED\106_02.bmp,im_Parabasal
C:\Users\PAVAN H\Downloads\SIPaKMeD\im_Metaplastic\im_Metaplastic\CROPPED\193_07.bmp,im_Metaplastic
C:\Users\PAVAN H\Downloads\SIPaKMeD\im_Metaplastic\im_Metaplastic\CROPPED\224_02.bmp,im_Metaplastic
C:\Users\PAVAN H\Downloads\SIPaKMeD\im_Parabasal\im_Parabasal\104.bmp,im_Parabasal
C:\Users\PAVAN H\Downloads\SIPaKMeD\im_Koilocytotic\im_Koilocytotic\126.bmp,im_Koilocytotic
C:\Users\PAVAN H\Downloads\SIPaKMeD\im_Superficial-Intermediate\im_Superficial-Intermediate\CROPPED\112_04.bmp,im_Superficial-Intermediate
C:\Users\PAVAN H\Downloads\SIPaKMeD\im_Parabasal\im_Parabasal\CROPPED\007_01.bmp,im_Parabasal
C:\Users\PAVAN H\Downloads\SIPaKMeD\im_Dyskeratotic\im_Dyskeratotic\CROPPED\212_02.bmp,im_Dyskeratotic
C:\Users\PAVAN H\Downloads\SIPaKMeD\im_Parabasal\im_Parabasal\CROPPED\093_26.bmp,im_Parabasal
C:\Users\PAVAN H\Downloads\SIPaKMeD\im_Dyskeratotic\im_Dyskeratotic\CROPPED\059_05.bmp,im_Dyskeratotic
C:\Users\PAVAN H\Downloads\SIPaKMeD\im_Koilocytotic\im_Koilocytotic\CROPPED\090_06.bmp,im_Koilocytotic
C:\Users\PAVAN H\Downloads\SIPaKMeD\im_Koilocytotic\im_Koilocytotic\211.bmp,im_Koilocytotic
C:\Users\PAVAN H\Downloads\SIPaKMeD\im_Dyskeratotic\im_Dyskeratotic\CROPPED\081_01.bmp,im_Dyskeratotic
C:\Users\PAVAN H\Downloads\SIPaKMeD\im_Dyskeratotic\im_Dyskeratotic\CROPPED\101_14.bmp,im_Dyskeratotic
C:\Users\PAVAN H\Downloads\SIPaKMeD\im_Superficial-Intermediate\im_Superficial-Intermediate\063.bmp,im_Superficial-Intermediate
C:\Users\PAVAN H\Downloads\SIPaKMeD\im_Superficial-Intermediate\im_Superficial-Intermediate\CROPPED\042_01.bmp,im_Superficial-Intermediate
C:\Users\PAVAN H\Downloads\SIPaKMeD\im_Parabasal\im_Parabasal\CROPPED\079_04.bmp,im_Parabasal
C:\Users\PAVAN H\Downloads\SIPaKMeD\im_Koilocytotic\im_Koilocytotic\103.bmp,im_Koilocytotic
C:\Users\PAVAN H\Downloads\SIPaKMeD\im_Koilocytotic\im_Koilocytotic\CROPPED\098_04.bmp,im_Koilocytotic
C:\Users\PAVAN H\Downloads\SIPaKMeD\im_Koilocytotic\im_Koilocytotic\CROPPED\107_02.bmp,im_Koilocytotic
C:\Users\PAVAN H\Downloads\SIPaKMeD\im_Metaplastic\im_Metaplastic\CROPPED\044_01.bmp,im_Metaplastic
C:\Users\PAVAN H\Downloads\SIPaKMeD\im_Superficial-Intermediate\im_Superficial-Intermediate\CROPPED\078_02.bmp,im_Superficial-Intermediate
C:\Users\PAVAN H\Downloads\SIPaKMeD\im_Dyskeratotic\im_Dyskeratotic\CROPPED\047_02.bmp,im_Dyskeratotic
C:\Users\PAVAN H\Downloads\SIPaKMeD\im_Superficial-Intermediate\im_Superficial-Intermediate\CROPPED\058_02.bmp,im_Superficial-Intermediate
C:\Users\PAVAN H\Downloads\SIPaKMeD\im_Metaplastic\im_Metaplastic\CROPPED\122_01.bmp,im_Metaplastic
C:\Users\PAVAN H\Downloads\SIPaKMeD\im_Dyskeratotic\im_Dyskeratotic\CROPPED\104_04.bmp,im_Dyskeratotic
C:\Users\PAVAN H\Downloads\SIPaKMeD\im_Dyskeratotic\im_Dyskeratotic\203.bmp,im_Dyskeratotic
C:\Users\PAVAN H\Downloads\SIPaKMeD\im_Koilocytotic\im_Koilocytotic\CROPPED\081_01.bmp,im_Koilocytotic
C:\Users\PAVAN H\Downloads\SIPaKMeD\im_Superficial-Intermediate\im_Superficial-Intermediate\CROPPED\021_08.bmp,im_Superficial-Intermediate
C:\Users\PAVAN H\Downloads\SIPaKMeD\im_Koilocytotic\im_Koilocytotic\CROPPED\217_02.bmp,im_Koilocytotic
C:\Users\PAVAN H\Downloads\SIPaKMeD\im_Koilocytotic\im_Koilocytotic\CROPPED\077_05.bmp,im_Koilocytotic
C:\Users\PAVAN H\Downloads\SIPaKMeD\im_Superficial-Intermediate\im_Superficial-Intermediate\CROPPED\010_08.bmp,im_Superficial-Intermediate
C:\Users\PAVAN H\Downloads\SIPaKMeD\im_Dyskeratotic\im_Dyskeratotic\CROPPED\001_03.bmp,im_Dyskeratotic
C:\Users\PAVAN H\Downloads\SIPaKMeD\im_Metaplastic\im_Metaplastic\217.bmp,im_Metaplastic
C:\Users\PAVAN H\Downloads\SIPaKMeD\im_Superficial-Intermediate\im_Superficial-Intermediate\CROPPED\017_11.bmp,im_Superficial-Intermediate
C:\Users\PAVAN H\Downloads\SIPaKMeD\im_Parabasal\im_Parabasal\CROPPED\001_03.bmp,im_Parabasal
C:\Users\PAVAN H\Downloads\SIPaKMeD\im_Metaplastic\im_Metaplastic\CROPPED\270_01.bmp,im_Metaplastic
C:\Users\PAVAN H\Downloads\SIPaKMeD\im_Koilocytotic\im_Koilocytotic\CROPPED\163_05.bmp,im_Koilocytotic
C:\Users\PAVAN H\Downloads\SIPaKMeD\im_Dyskeratotic\im_Dyskeratotic\132.bmp,im_Dyskeratotic
C:\Users\PAVAN H\Downloads\SIPaKMeD\im_Metaplastic\im_Metaplastic\CROPPED\126_02.bmp,im_Metaplastic
C:\Users\PAVAN H\Downloads\SIPaKMeD\im_Superficial-Intermediate\im_Superficial-Intermediate\CROPPED\017_05.bmp,im_Superficial-Intermediate
C:\Users\PAVAN H\Downloads\SIPaKMeD\im_Superficial-Intermediate\im_Superficial-Intermediate\CROPPED\072_04.bmp,im_Superficial-Intermediate
C:\Users\PAVAN H\Downloads\SIPaKMeD\im_Metaplastic\im_Metaplastic\CROPPED\257_02.bmp,im_Metaplastic
C:\Users\PAVAN H\Downloads\SIPaKMeD\im_Parabasal\im_Parabasal\CROPPED\089_10.bmp,im_Parabasal
C:\Users\PAVAN H\Downloads\SIPaKMeD\im_Dyskeratotic\im_Dyskeratotic\CROPPED\075_01.bmp,im_Dyskeratotic
C:\Users\PAVAN H\Downloads\SIPaKMeD\im_Koilocytotic\im_Koilocytotic\CROPPED\136_01.bmp,im_Koilocytotic
C:\Users\PAVAN H\Downloads\SIPaKMeD\im_Dyskeratotic\im_Dyskeratotic\CROPPED\045_02.bmp,im_Dyskeratotic
C:\Users\PAVAN H\Downloads\SIPaKMeD\im_Metaplastic\im_Metaplastic\CROPPED\232_01.bmp,im_Metaplastic
C:\Users\PAVAN H\Downloads\SIPaKMeD\im_Superficial-Intermediate\im_Superficial-Intermediate\CROPPED\112_06.bmp,im_Superficial-Intermediate
C:\Users\PAVAN H\Downloads\SIPaKMeD\im_Parabasal\im_Parabasal\CROPPED\069_11.bmp,im_Parabasal
C:\Users\PAVAN H\Downloads\SIPaKMeD\im_Metaplastic\im_Metaplastic\CROPPED\164_03.bmp,im_Metaplastic
C:\Users\PAVAN H\Downloads\SIPaKMeD\im_Parabasal\im_Parabasal\CROPPED\047_08.bmp,im_Parabasal
C:\Users\PAVAN H\Downloads\SIPaKMeD\im_Metaplastic\im_Metaplastic\048.bmp,im_Metaplastic
C:\Users\PAVAN H\Downloads\SIPaKMeD\im_Parabasal\im_Parabasal\CROPPED\067_03.bmp,im_Parabasal
C:\Users\PAVAN H\Downloads\SIPaKMeD\im_Metaplastic\im_Metaplastic\CROPPED\053_01.bmp,im_Metaplastic
C:\Users\PAVAN H\Downloads\SIPaKMeD\im_Parabasal\im_Parabasal\CROPPED\050_05.bmp,im_Parabasal
C:\Users\PAVAN H\Downloads\SIPaKMeD\im_Koilocytotic\im_Koilocytotic\176.bmp,im_Koilocytotic
C:\Users\PAVAN H\Downloads\SIPaKMeD\im_Dyskeratotic\im_Dyskeratotic\CROPPED\104_10.bmp,im_Dyskeratotic
C:\Users\PAVAN H\Downloads\SIPaKMeD\im_Metaplastic\im_Metaplastic\CROPPED\257_01.bmp,im_Metaplastic
C:\Users\PAVAN H\Downloads\SIPaKMeD\im_Dyskeratotic\im_Dyskeratotic\CROPPED\061_01.bmp,im_Dyskeratotic
C:\Users\PAVAN H\Downloads\SIPaKMeD\im_Metaplastic\im_Metaplastic\126.bmp,im_Metaplastic
C:\Users\PAVAN H\Downloads\SIPaKMeD\im_Dyskeratotic\im_Dyskeratotic\193.bmp,im_Dyskeratotic
C:\Users\PAVAN H\Downloads\SIPaKMeD\im_Metaplastic\im_Metaplastic\265.bmp,im_Metaplastic
C:\Users\PAVAN H\Downloads\SIPaKMeD\im_Dyskeratotic\im_Dyskeratotic\080.bmp,im_Dyskeratotic
C:\Users\PAVAN H\Downloads\SIPaKMeD\im_Koilocytotic\im_Koilocytotic\CROPPED\124_05.bmp,im_Koilocytotic
C:\Users\PAVAN H\Downloads\SIPaKMeD\im_Parabasal\im_Parabasal\CROPPED\044_08.bmp,im_Parabasal
C:\Users\PAVAN H\Downloads\SIPaKMeD\im_Parabasal\im_Parabasal\CROPPED\064_02.bmp,im_Parabasal
C:\Users\PAVAN H\Downloads\SIPaKMeD\im_Superficial-Intermediate\im_Superficial-Intermediate\CROPPED\102_06.bmp,im_Superficial-Intermediate
C:\Users\PAVAN H\Downloads\SIPaKMeD\im_Superficial-Intermediate\im_Superficial-Intermediate\CROPPED\113_04.bmp,im_Superficial-Intermediate
C:\Users\PAVAN H\Downloads\SIPaKMeD\im_Metaplastic\im_Metaplastic\255.bmp,im_Metaplastic
C:\Users\PAVAN H\Downloads\SIPaKMeD\im_Metaplastic\im_Metaplastic\CROPPED\271_03.bmp,im_Metaplastic
C:\Users\PAVAN H\Downloads\SIPaKMeD\im_Dyskeratotic\im_Dyskeratotic\CROPPED\114_02.bmp,im_Dyskeratotic
C:\Users\PAVAN H\Downloads\SIPaKMeD\im_Superficial-Intermediate\im_Superficial-Intermediate\CROPPED\097_11.bmp,im_Superficial-Intermediate
C:\Users\PAVAN H\Downloads\SIPaKMeD\im_Metaplastic\im_Metaplastic\CROPPED\209_03.bmp,im_Metaplastic
C:\Users\PAVAN H\Downloads\SIPaKMeD\im_Metaplastic\im_Metaplastic\063.bmp,im_Metaplastic
C:\Users\PAVAN H\Downloads\SIPaKMeD\im_Superficial-Intermediate\im_Superficial-Intermediate\CROPPED\020_10.bmp,im_Superficial-Intermediate
C:\Users\PAVAN H\Downloads\SIPaKMeD\im_Dyskeratotic\im_Dyskeratotic\CROPPED\173_07.bmp,im_Dyskeratotic
C:\Users\PAVAN H\Downloads\SIPaKMeD\im_Superficial-Intermediate\im_Superficial-Intermediate\CROPPED\083_06.bmp,im_Superficial-Intermediate
C:\Users\PAVAN H\Downloads\SIPaKMeD\im_Koilocytotic\im_Koilocytotic\CROPPED\051_04.bmp,im_Koilocytotic
C:\Users\PAVAN H\Downloads\SIPaKMeD\im_Koilocytotic\im_Koilocytotic\198.bmp,im_Koilocytotic
C:\Users\PAVAN H\Downloads\SIPaKMeD\im_Dyskeratotic\im_Dyskeratotic\CROPPED\187_01.bmp,im_Dyskeratotic
C:\Users\PAVAN H\Downloads\SIPaKMeD\im_Koilocytotic\im_Koilocytotic\CROPPED\130_10.bmp,im_Koilocytotic
C:\Users\PAVAN H\Downloads\SIPaKMeD\im_Koilocytotic\im_Koilocytotic\CROPPED\140_01.bmp,im_Koilocytotic
C:\Users\PAVAN H\Downloads\SIPaKMeD\im_Koilocytotic\im_Koilocytotic\CROPPED\007_02.bmp,im_Koilocytotic
C:\Users\PAVAN H\Downloads\SIPaKMeD\im_Dyskeratotic\im_Dyskeratotic\046.bmp,im_Dyskeratotic
C:\Users\PAVAN H\Downloads\SIPaKMeD\im_Dyskeratotic\im_Dyskeratotic\CROPPED\011_03.bmp,im_Dyskeratotic
C:\Users\PAVAN H\Downloads\SIPaKMeD\im_Parabasal\im_Parabasal\CROPPED\093_13.bmp,im_Parabasal
C:\Users\PAVAN H\Downloads\SIPaKMeD\im_Metaplastic\im_Metaplastic\CROPPED\159_03.bmp,im_Metaplastic
C:\Users\PAVAN H\Downloads\SIPaKMeD\im_Koilocytotic\im_Koilocytotic\191.bmp,im_Koilocytotic
C:\Users\PAVAN H\Downloads\SIPaKMeD\im_Dyskeratotic\im_Dyskeratotic\CROPPED\134_02.bmp,im_Dyskeratotic
C:\Users\PAVAN H\Downloads\SIPaKMeD\im_Koilocytotic\im_Koilocytotic\CROPPED\006_01.bmp,im_Koilocytotic
C:\Users\PAVAN H\Downloads\SIPaKMeD\im_Parabasal\im_Parabasal\CROPPED\044_04.bmp,im_Parabasal
C:\Users\PAVAN H\Downloads\SIPaKMeD\im_Metaplastic\im_Metaplastic\CROPPED\141_02.bmp,im_Metaplastic
C:\Users\PAVAN H\Downloads\SIPaKMeD\im_Metaplastic\im_Metaplastic\CROPPED\235_02.bmp,im_Metaplastic
C:\Users\PAVAN H\Downloads\SIPaKMeD\im_Parabasal\im_Parabasal\CROPPED\011_06.bmp,im_Parabasal
C:\Users\PAVAN H\Downloads\SIPaKMeD\im_Parabasal\im_Parabasal\CROPPED\069_08.bmp,im_Parabasal
C:\Users\PAVAN H\Downloads\SIPaKMeD\im_Parabasal\im_Parabasal\CROPPED\069_06.bmp,im_Parabasal
C:\Users\PAVAN H\Downloads\SIPaKMeD\im_Koilocytotic\im_Koilocytotic\CROPPED\108_12.bmp,im_Koilocytotic
C:\Users\PAVAN H\Downloads\SIPaKMeD\im_Dyskeratotic\im_Dyskeratotic\CROPPED\066_09.bmp,im_Dyskeratotic
C:\Users\PAVAN H\Downloads\SIPaKMeD\im_Metaplastic\im_Metaplastic\209.bmp,im_Metaplastic
C:\Users\PAVAN H\Downloads\SIPaKMeD\im_Superficial-Intermediate\im_Superficial-Intermediate\CROPPED\119_03.bmp,im_Superficial-Intermediate
C:\Users\PAVAN H\Downloads\SIPaKMeD\im_Dyskeratotic\im_Dyskeratotic\CROPPED\047_01.bmp,im_Dyskeratotic
C:\Users\PAVAN H\Downloads\SIPaKMeD\im_Metaplastic\im_Metaplastic\CROPPED\251_01.bmp,im_Metaplastic
C:\Users\PAVAN H\Downloads\SIPaKMeD\im_Koilocytotic\im_Koilocytotic\082.bmp,im_Koilocytotic
C:\Users\PAVAN H\Downloads\SIPaKMeD\im_Koilocytotic\im_Koilocytotic\CROPPED\159_03.bmp,im_Koilocytotic
C:\Users\PAVAN H\Downloads\SIPaKMeD\im_Metaplastic\im_Metaplastic\CROPPED\234_01.bmp,im_Metaplastic
C:\Users\PAVAN H\Downloads\SIPaKMeD\im_Superficial-Intermediate\im_Superficial-Intermediate\CROPPED\006_02.bmp,im_Superficial-Intermediate
C:\Users\PAVAN H\Downloads\SIPaKMeD\im_Superficial-Intermediate\im_Superficial-Intermediate\CROPPED\113_03.bmp,im_Superficial-Intermediate
C:\Users\PAVAN H\Downloads\SIPaKMeD\im_Metaplastic\im_Metaplastic\109.bmp,im_Metaplastic
C:\Users\PAVAN H\Downloads\SIPaKMeD\im_Metaplastic\im_Metaplastic\CROPPED\243_01.bmp,im_Metaplastic
C:\Users\PAVAN H\Downloads\SIPaKMeD\im_Parabasal\im_Parabasal\CROPPED\070_03.bmp,im_Parabasal
C:\Users\PAVAN H\Downloads\SIPaKMeD\im_Metaplastic\im_Metaplastic\CROPPED\116_04.bmp,im_Metaplastic
C:\Users\PAVAN H\Downloads\SIPaKMeD\im_Koilocytotic\im_Koilocytotic\CROPPED\069_02.bmp,im_Koilocytotic
C:\Users\PAVAN H\Downloads\SIPaKMeD\im_Dyskeratotic\im_Dyskeratotic\CROPPED\112_09.bmp,im_Dyskeratotic
C:\Users\PAVAN H\Downloads\SIPaKMeD\im_Parabasal\im_Parabasal\CROPPED\094_05.bmp,im_Parabasal
C:\Users\PAVAN H\Downloads\SIPaKMeD\im_Dyskeratotic\im_Dyskeratotic\CROPPED\067_15.bmp,im_Dyskeratotic
C:\Users\PAVAN H\Downloads\SIPaKMeD\im_Parabasal\im_Parabasal\CROPPED\089_09.bmp,im_Parabasal
C:\Users\PAVAN H\Downloads\SIPaKMeD\im_Parabasal\im_Parabasal\CROPPED\016_11.bmp,im_Parabasal
C:\Users\PAVAN H\Downloads\SIPaKMeD\im_Dyskeratotic\im_Dyskeratotic\CROPPED\218_02.bmp,im_Dyskeratotic
C:\Users\PAVAN H\Downloads\SIPaKMeD\im_Dyskeratotic\im_Dyskeratotic\074.bmp,im_Dyskeratotic
C:\Users\PAVAN H\Downloads\SIPaKMeD\im_Dyskeratotic\im_Dyskeratotic\CROPPED\223_01.bmp,im_Dyskeratotic
C:\Users\PAVAN H\Downloads\SIPaKMeD\im_Parabasal\im_Parabasal\CROPPED\093_01.bmp,im_Parabasal
C:\Users\PAVAN H\Downloads\SIPaKMeD\im_Parabasal\im_Parabasal\043.bmp,im_Parabasal
C:\Users\PAVAN H\Downloads\SIPaKMeD\im_Superficial-Intermediate\im_Superficial-Intermediate\CROPPED\005_02.bmp,im_Superficial-Intermediate
C:\Users\PAVAN H\Downloads\SIPaKMeD\im_Koilocytotic\im_Koilocytotic\CROPPED\032_01.bmp,im_Koilocytotic
C:\Users\PAVAN H\Downloads\SIPaKMeD\im_Metaplastic\im_Metaplastic\CROPPED\129_01.bmp,im_Metaplastic
C:\Users\PAVAN H\Downloads\SIPaKMeD\im_Dyskeratotic\im_Dyskeratotic\CROPPED\044_01.bmp,im_Dyskeratotic
C:\Users\PAVAN H\Downloads\SIPaKMeD\im_Koilocytotic\im_Koilocytotic\CROPPED\165_01.bmp,im_Koilocytotic
C:\Users\PAVAN H\Downloads\SIPaKMeD\im_Superficial-Intermediate\im_Superficial-Intermediate\CROPPED\118_09.bmp,im_Superficial-Intermediate
C:\Users\PAVAN H\Downloads\SIPaKMeD\im_Metaplastic\im_Metaplastic\CROPPED\062_01.bmp,im_Metaplastic
C:\Users\PAVAN H\Downloads\SIPaKMeD\im_Metaplastic\im_Metaplastic\110.bmp,im_Metaplastic
C:\Users\PAVAN H\Downloads\SIPaKMeD\im_Koilocytotic\im_Koilocytotic\CROPPED\205_01.bmp,im_Koilocytotic
C:\Users\PAVAN H\Downloads\SIPaKMeD\im_Metaplastic\im_Metaplastic\CROPPED\146_01.bmp,im_Metaplastic
C:\Users\PAVAN H\Downloads\SIPaKMeD\im_Superficial-Intermediate\im_Superficial-Intermediate\CROPPED\057_10.bmp,im_Superficial-Intermediate
C:\Users\PAVAN H\Downloads\SIPaKMeD\im_Dyskeratotic\im_Dyskeratotic\CROPPED\128_01.bmp,im_Dyskeratotic
C:\Users\PAVAN H\Downloads\SIPaKMeD\im_Superficial-Intermediate\im_Superficial-Intermediate\CROPPED\117_01.bmp,im_Superficial-Intermediate
C:\Users\PAVAN H\Downloads\SIPaKMeD\im_Dyskeratotic\im_Dyskeratotic\CROPPED\149_01.bmp,im_Dyskeratotic
C:\Users\PAVAN H\Downloads\SIPaKMeD\im_Superficial-Intermediate\im_Superficial-Intermediate\CROPPED\014_08.bmp,im_Superficial-Intermediate
C:\Users\PAVAN H\Downloads\SIPaKMeD\im_Metaplastic\im_Metaplastic\CROPPED\101_02.bmp,im_Metaplastic
C:\Users\PAVAN H\Downloads\SIPaKMeD\im_Parabasal\im_Parabasal\CROPPED\053_01.bmp,im_Parabasal
C:\Users\PAVAN H\Downloads\SIPaKMeD\im_Parabasal\im_Parabasal\CROPPED\068_02.bmp,im_Parabasal
C:\Users\PAVAN H\Downloads\SIPaKMeD\im_Superficial-Intermediate\im_Superficial-Intermediate\054.bmp,im_Superficial-Intermediate
C:\Users\PAVAN H\Downloads\SIPaKMeD\im_Superficial-Intermediate\im_Superficial-Intermediate\CROPPED\002_01.bmp,im_Superficial-Intermediate
C:\Users\PAVAN H\Downloads\SIPaKMeD\im_Dyskeratotic\im_Dyskeratotic\CROPPED\003_07.bmp,im_Dyskeratotic
C:\Users\PAVAN H\Downloads\SIPaKMeD\im_Koilocytotic\im_Koilocytotic\CROPPED\193_01.bmp,im_Koilocytotic
C:\Users\PAVAN H\Downloads\SIPaKMeD\im_Koilocytotic\im_Koilocytotic\CROPPED\217_03.bmp,im_Koilocytotic
C:\Users\PAVAN H\Downloads\SIPaKMeD\im_Superficial-Intermediate\im_Superficial-Intermediate\CROPPED\020_03.bmp,im_Superficial-Intermediate
C:\Users\PAVAN H\Downloads\SIPaKMeD\im_Superficial-Intermediate\im_Superficial-Intermediate\CROPPED\118_05.bmp,im_Superficial-Intermediate
C:\Users\PAVAN H\Downloads\SIPaKMeD\im_Koilocytotic\im_Koilocytotic\CROPPED\023_02.bmp,im_Koilocytotic
C:\Users\PAVAN H\Downloads\SIPaKMeD\im_Superficial-Intermediate\im_Superficial-Intermediate\CROPPED\005_04.bmp,im_Superficial-Intermediate
C:\Users\PAVAN H\Downloads\SIPaKMeD\im_Koilocytotic\im_Koilocytotic\CROPPED\229_01.bmp,im_Koilocytotic
C:\Users\PAVAN H\Downloads\SIPaKMeD\im_Superficial-Intermediate\im_Superficial-Intermediate\CROPPED\058_03.bmp,im_Superficial-Intermediate
C:\Users\PAVAN H\Downloads\SIPaKMeD\im_Parabasal\im_Parabasal\CROPPED\053_03.bmp,im_Parabasal
C:\Users\PAVAN H\Downloads\SIPaKMeD\im_Parabasal\im_Parabasal\029.bmp,im_Parabasal
C:\Users\PAVAN H\Downloads\SIPaKMeD\im_Dyskeratotic\im_Dyskeratotic\CROPPED\022_04.bmp,im_Dyskeratotic
C:\Users\PAVAN H\Downloads\SIPaKMeD\im_Parabasal\im_Parabasal\CROPPED\097_11.bmp,im_Parabasal
C:\Users\PAVAN H\Downloads\SIPaKMeD\im_Parabasal\im_Parabasal\CROPPED\012_07.bmp,im_Parabasal
C:\Users\PAVAN H\Downloads\SIPaKMeD\im_Superficial-Intermediate\im_Superficial-Intermediate\034.bmp,im_Superficial-Intermediate
C:\Users\PAVAN H\Downloads\SIPaKMeD\im_Parabasal\im_Parabasal\CROPPED\072_06.bmp,im_Parabasal
C:\Users\PAVAN H\Downloads\SIPaKMeD\im_Parabasal\im_Parabasal\CROPPED\102_13.bmp,im_Parabasal
C:\Users\PAVAN H\Downloads\SIPaKMeD\im_Parabasal\im_Parabasal\CROPPED\096_01.bmp,im_Parabasal
C:\Users\PAVAN H\Downloads\SIPaKMeD\im_Metaplastic\im_Metaplastic\053.bmp,im_Metaplastic
C:\Users\PAVAN H\Downloads\SIPaKMeD\im_Koilocytotic\im_Koilocytotic\CROPPED\084_03.bmp,im_Koilocytotic
C:\Users\PAVAN H\Downloads\SIPaKMeD\im_Parabasal\im_Parabasal\CROPPED\067_06.bmp,im_Parabasal
C:\Users\PAVAN H\Downloads\SIPaKMeD\im_Koilocytotic\im_Koilocytotic\CROPPED\097_05.bmp,im_Koilocytotic
C:\Users\PAVAN H\Downloads\SIPaKMeD\im_Superficial-Intermediate\im_Superficial-Intermediate\CROPPED\077_02.bmp,im_Superficial-Intermediate
C:\Users\PAVAN H\Downloads\SIPaKMeD\im_Metaplastic\im_Metaplastic\CROPPED\223_01.bmp,im_Metaplastic
C:\Users\PAVAN H\Downloads\SIPaKMeD\im_Superficial-Intermediate\im_Superficial-Intermediate\CROPPED\079_03.bmp,im_Superficial-Intermediate
C:\Users\PAVAN H\Downloads\SIPaKMeD\im_Koilocytotic\im_Koilocytotic\CROPPED\222_01.bmp,im_Koilocytotic
C:\Users\PAVAN H\Downloads\SIPaKMeD\im_Superficial-Intermediate\im_Superficial-Intermediate\049.bmp,im_Superficial-Intermediate
C:\Users\PAVAN H\Downloads\SIPaKMeD\im_Koilocytotic\im_Koilocytotic\CROPPED\118_04.bmp,im_Koilocytotic
C:\Users\PAVAN H\Downloads\SIPaKMeD\im_Metaplastic\im_Metaplastic\CROPPED\261_11.bmp,im_Metaplastic
C:\Users\PAVAN H\Downloads\SIPaKMeD\im_Parabasal\im_Parabasal\CROPPED\077_04.bmp,im_Parabasal
C:\Users\PAVAN H\Downloads\SIPaKMeD\im_Dyskeratotic\im_Dyskeratotic\CROPPED\147_03.bmp,im_Dyskeratotic
C:\Users\PAVAN H\Downloads\SIPaKMeD\im_Koilocytotic\im_Koilocytotic\CROPPED\066_01.bmp,im_Koilocytotic
C:\Users\PAVAN H\Downloads\SIPaKMeD\im_Metaplastic\im_Metaplastic\CROPPED\073_01.bmp,im_Metaplastic
C:\Users\PAVAN H\Downloads\SIPaKMeD\im_Parabasal\im_Parabasal\CROPPED\025_01.bmp,im_Parabasal
C:\Users\PAVAN H\Downloads\SIPaKMeD\im_Dyskeratotic\im_Dyskeratotic\154.bmp,im_Dyskeratotic
C:\Users\PAVAN H\Downloads\SIPaKMeD\im_Koilocytotic\im_Koilocytotic\CROPPED\103_02.bmp,im_Koilocytotic
C:\Users\PAVAN H\Downloads\SIPaKMeD\im_Koilocytotic\im_Koilocytotic\073.bmp,im_Koilocytotic
C:\Users\PAVAN H\Downloads\SIPaKMeD\im_Parabasal\im_Parabasal\CROPPED\093_18.bmp,im_Parabasal
C:\Users\PAVAN H\Downloads\SIPaKMeD\im_Superficial-Intermediate\im_Superficial-Intermediate\CROPPED\098_06.bmp,im_Superficial-Intermediate
C:\Users\PAVAN H\Downloads\SIPaKMeD\im_Dyskeratotic\im_Dyskeratotic\146.bmp,im_Dyskeratotic
C:\Users\PAVAN H\Downloads\SIPaKMeD\im_Metaplastic\im_Metaplastic\CROPPED\027_03.bmp,im_Metaplastic
C:\Users\PAVAN H\Downloads\SIPaKMeD\im_Parabasal\im_Parabasal\CROPPED\002_02.bmp,im_Parabasal
C:\Users\PAVAN H\Downloads\SIPaKMeD\im_Koilocytotic\im_Koilocytotic\CROPPED\124_03.bmp,im_Koilocytotic
C:\Users\PAVAN H\Downloads\SIPaKMeD\im_Superficial-Intermediate\im_Superficial-Intermediate\031.bmp,im_Superficial-Intermediate
C:\Users\PAVAN H\Downloads\SIPaKMeD\im_Superficial-Intermediate\im_Superficial-Intermediate\067.bmp,im_Superficial-Intermediate
C:\Users\PAVAN H\Downloads\SIPaKMeD\im_Superficial-Intermediate\im_Superficial-Intermediate\CROPPED\017_20.bmp,im_Superficial-Intermediate
C:\Users\PAVAN H\Downloads\SIPaKMeD\im_Superficial-Intermediate\im_Superficial-Intermediate\CROPPED\017_17.bmp,im_Superficial-Intermediate
C:\Users\PAVAN H\Downloads\SIPaKMeD\im_Superficial-Intermediate\im_Superficial-Intermediate\079.bmp,im_Superficial-Intermediate
C:\Users\PAVAN H\Downloads\SIPaKMeD\im_Parabasal\im_Parabasal\CROPPED\096_04.bmp,im_Parabasal
C:\Users\PAVAN H\Downloads\SIPaKMeD\im_Parabasal\im_Parabasal\CROPPED\095_11.bmp,im_Parabasal
C:\Users\PAVAN H\Downloads\SIPaKMeD\im_Dyskeratotic\im_Dyskeratotic\013.bmp,im_Dyskeratotic
C:\Users\PAVAN H\Downloads\SIPaKMeD\im_Parabasal\im_Parabasal\CROPPED\097_09.bmp,im_Parabasal
C:\Users\PAVAN H\Downloads\SIPaKMeD\im_Superficial-Intermediate\im_Superficial-Intermediate\CROPPED\066_08.bmp,im_Superficial-Intermediate
C:\Users\PAVAN H\Downloads\SIPaKMeD\im_Metaplastic\im_Metaplastic\047.bmp,im_Metaplastic
C:\Users\PAVAN H\Downloads\SIPaKMeD\im_Dyskeratotic\im_Dyskeratotic\CROPPED\086_01.bmp,im_Dyskeratotic
C:\Users\PAVAN H\Downloads\SIPaKMeD\im_Metaplastic\im_Metaplastic\CROPPED\135_01.bmp,im_Metaplastic
C:\Users\PAVAN H\Downloads\SIPaKMeD\im_Superficial-Intermediate\im_Superficial-Intermediate\CROPPED\082_06.bmp,im_Superficial-Intermediate
C:\Users\PAVAN H\Downloads\SIPaKMeD\im_Dyskeratotic\im_Dyskeratotic\CROPPED\223_03.bmp,im_Dyskeratotic
C:\Users\PAVAN H\Downloads\SIPaKMeD\im_Superficial-Intermediate\im_Superficial-Intermediate\CROPPED\095_03.bmp,im_Superficial-Intermediate
C:\Users\PAVAN H\Downloads\SIPaKMeD\im_Dyskeratotic\im_Dyskeratotic\CROPPED\199_05.bmp,im_Dyskeratotic
C:\Users\PAVAN H\Downloads\SIPaKMeD\im_Metaplastic\im_Metaplastic\CROPPED\060_01.bmp,im_Metaplastic
C:\Users\PAVAN H\Downloads\SIPaKMeD\im_Parabasal\im_Parabasal\CROPPED\099_10.bmp,im_Parabasal
C:\Users\PAVAN H\Downloads\SIPaKMeD\im_Dyskeratotic\im_Dyskeratotic\CROPPED\212_01.bmp,im_Dyskeratotic
C:\Users\PAVAN H\Downloads\SIPaKMeD\im_Metaplastic\im_Metaplastic\091.bmp,im_Metaplastic
C:\Users\PAVAN H\Downloads\SIPaKMeD\im_Koilocytotic\im_Koilocytotic\135.bmp,im_Koilocytotic
C:\Users\PAVAN H\Downloads\SIPaKMeD\im_Parabasal\im_Parabasal\CROPPED\002_01.bmp,im_Parabasal
C:\Users\PAVAN H\Downloads\SIPaKMeD\im_Superficial-Intermediate\im_Superficial-Intermediate\CROPPED\100_04.bmp,im_Superficial-Intermediate
C:\Users\PAVAN H\Downloads\SIPaKMeD\im_Metaplastic\im_Metaplastic\CROPPED\123_01.bmp,im_Metaplastic
C:\Users\PAVAN H\Downloads\SIPaKMeD\im_Koilocytotic\im_Koilocytotic\CROPPED\073_01.bmp,im_Koilocytotic
C:\Users\PAVAN H\Downloads\SIPaKMeD\im_Dyskeratotic\im_Dyskeratotic\CROPPED\033_02.bmp,im_Dyskeratotic
C:\Users\PAVAN H\Downloads\SIPaKMeD\im_Metaplastic\im_Metaplastic\CROPPED\023_05.bmp,im_Metaplastic
C:\Users\PAVAN H\Downloads\SIPaKMeD\im_Metaplastic\im_Metaplastic\CROPPED\144_03.bmp,im_Metaplastic
C:\Users\PAVAN H\Downloads\SIPaKMeD\im_Metaplastic\im_Metaplastic\CROPPED\118_04.bmp,im_Metaplastic
C:\Users\PAVAN H\Downloads\SIPaKMeD\im_Koilocytotic\im_Koilocytotic\217.bmp,im_Koilocytotic
C:\Users\PAVAN H\Downloads\SIPaKMeD\im_Metaplastic\im_Metaplastic\CROPPED\221_04.bmp,im_Metaplastic
C:\Users\PAVAN H\Downloads\SIPaKMeD\im_Koilocytotic\im_Koilocytotic\003.bmp,im_Koilocytotic
C:\Users\PAVAN H\Downloads\SIPaKMeD\im_Metaplastic\im_Metaplastic\CROPPED\082_09.bmp,im_Metaplastic
C:\Users\PAVAN H\Downloads\SIPaKMeD\im_Metaplastic\im_Metaplastic\CROPPED\209_01.bmp,im_Metaplastic
C:\Users\PAVAN H\Downloads\SIPaKMeD\im_Koilocytotic\im_Koilocytotic\205.bmp,im_Koilocytotic
C:\Users\PAVAN H\Downloads\SIPaKMeD\im_Parabasal\im_Parabasal\CROPPED\008_10.bmp,im_Parabasal
C:\Users\PAVAN H\Downloads\SIPaKMeD\im_Parabasal\im_Parabasal\CROPPED\041_04.bmp,im_Parabasal
C:\Users\PAVAN H\Downloads\SIPaKMeD\im_Superficial-Intermediate\im_Superficial-Intermediate\CROPPED\004_07.bmp,im_Superficial-Intermediate
C:\Users\PAVAN H\Downloads\SIPaKMeD\im_Dyskeratotic\im_Dyskeratotic\052.bmp,im_Dyskeratotic
C:\Users\PAVAN H\Downloads\SIPaKMeD\im_Superficial-Intermediate\im_Superficial-Intermediate\CROPPED\060_01.bmp,im_Superficial-Intermediate
C:\Users\PAVAN H\Downloads\SIPaKMeD\im_Superficial-Intermediate\im_Superficial-Intermediate\CROPPED\067_10.bmp,im_Superficial-Intermediate
C:\Users\PAVAN H\Downloads\SIPaKMeD\im_Metaplastic\im_Metaplastic\CROPPED\209_02.bmp,im_Metaplastic
C:\Users\PAVAN H\Downloads\SIPaKMeD\im_Parabasal\im_Parabasal\CROPPED\019_09.bmp,im_Parabasal
C:\Users\PAVAN H\Downloads\SIPaKMeD\im_Metaplastic\im_Metaplastic\CROPPED\086_02.bmp,im_Metaplastic
C:\Users\PAVAN H\Downloads\SIPaKMeD\im_Superficial-Intermediate\im_Superficial-Intermediate\CROPPED\080_12.bmp,im_Superficial-Intermediate
C:\Users\PAVAN H\Downloads\SIPaKMeD\im_Koilocytotic\im_Koilocytotic\CROPPED\113_09.bmp,im_Koilocytotic
C:\Users\PAVAN H\Downloads\SIPaKMeD\im_Metaplastic\im_Metaplastic\CROPPED\146_02.bmp,im_Metaplastic
C:\Users\PAVAN H\Downloads\SIPaKMeD\im_Parabasal\im_Parabasal\CROPPED\093_05.bmp,im_Parabasal
C:\Users\PAVAN H\Downloads\SIPaKMeD\im_Superficial-Intermediate\im_Superficial-Intermediate\CROPPED\039_01.bmp,im_Superficial-Intermediate
C:\Users\PAVAN H\Downloads\SIPaKMeD\im_Koilocytotic\im_Koilocytotic\129.bmp,im_Koilocytotic
C:\Users\PAVAN H\Downloads\SIPaKMeD\im_Superficial-Intermediate\im_Superficial-Intermediate\CROPPED\100_05.bmp,im_Superficial-Intermediate
C:\Users\PAVAN H\Downloads\SIPaKMeD\im_Parabasal\im_Parabasal\CROPPED\005_05.bmp,im_Parabasal
C:\Users\PAVAN H\Downloads\SIPaKMeD\im_Superficial-Intermediate\im_Superficial-Intermediate\002.bmp,im_Superficial-Intermediate
C:\Users\PAVAN H\Downloads\SIPaKMeD\im_Parabasal\im_Parabasal\CROPPED\042_01.bmp,im_Parabasal
C:\Users\PAVAN H\Downloads\SIPaKMeD\im_Parabasal\im_Parabasal\CROPPED\038_07.bmp,im_Parabasal
C:\Users\PAVAN H\Downloads\SIPaKMeD\im_Koilocytotic\im_Koilocytotic\CROPPED\157_01.bmp,im_Koilocytotic
C:\Users\PAVAN H\Downloads\SIPaKMeD\im_Dyskeratotic\im_Dyskeratotic\CROPPED\034_02.bmp,im_Dyskeratotic
C:\Users\PAVAN H\Downloads\SIPaKMeD\im_Dyskeratotic\im_Dyskeratotic\199.bmp,im_Dyskeratotic
C:\Users\PAVAN H\Downloads\SIPaKMeD\im_Dyskeratotic\im_Dyskeratotic\CROPPED\156_01.bmp,im_Dyskeratotic
C:\Users\PAVAN H\Downloads\SIPaKMeD\im_Parabasal\im_Parabasal\CROPPED\037_05.bmp,im_Parabasal
C:\Users\PAVAN H\Downloads\SIPaKMeD\im_Koilocytotic\im_Koilocytotic\CROPPED\131_02.bmp,im_Koilocytotic
C:\Users\PAVAN H\Downloads\SIPaKMeD\im_Dyskeratotic\im_Dyskeratotic\CROPPED\112_05.bmp,im_Dyskeratotic
C:\Users\PAVAN H\Downloads\SIPaKMeD\im_Dyskeratotic\im_Dyskeratotic\CROPPED\210_02.bmp,im_Dyskeratotic
C:\Users\PAVAN H\Downloads\SIPaKMeD\im_Superficial-Intermediate\im_Superficial-Intermediate\CROPPED\019_03.bmp,im_Superficial-Intermediate
C:\Users\PAVAN H\Downloads\SIPaKMeD\im_Superficial-Intermediate\im_Superficial-Intermediate\CROPPED\100_06.bmp,im_Superficial-Intermediate
C:\Users\PAVAN H\Downloads\SIPaKMeD\im_Metaplastic\im_Metaplastic\CROPPED\002_14.bmp,im_Metaplastic
C:\Users\PAVAN H\Downloads\SIPaKMeD\im_Dyskeratotic\im_Dyskeratotic\CROPPED\116_01.bmp,im_Dyskeratotic
C:\Users\PAVAN H\Downloads\SIPaKMeD\im_Parabasal\im_Parabasal\CROPPED\099_07.bmp,im_Parabasal
C:\Users\PAVAN H\Downloads\SIPaKMeD\im_Metaplastic\im_Metaplastic\CROPPED\124_04.bmp,im_Metaplastic
C:\Users\PAVAN H\Downloads\SIPaKMeD\im_Metaplastic\im_Metaplastic\015.bmp,im_Metaplastic
C:\Users\PAVAN H\Downloads\SIPaKMeD\im_Metaplastic\im_Metaplastic\CROPPED\064_01.bmp,im_Metaplastic
C:\Users\PAVAN H\Downloads\SIPaKMeD\im_Dyskeratotic\im_Dyskeratotic\CROPPED\013_04.bmp,im_Dyskeratotic
C:\Users\PAVAN H\Downloads\SIPaKMeD\im_Dyskeratotic\im_Dyskeratotic\CROPPED\176_01.bmp,im_Dyskeratotic
C:\Users\PAVAN H\Downloads\SIPaKMeD\im_Parabasal\im_Parabasal\CROPPED\058_02.bmp,im_Parabasal
C:\Users\PAVAN H\Downloads\SIPaKMeD\im_Metaplastic\im_Metaplastic\CROPPED\152_01.bmp,im_Metaplastic
C:\Users\PAVAN H\Downloads\SIPaKMeD\im_Koilocytotic\im_Koilocytotic\CROPPED\140_02.bmp,im_Koilocytotic
C:\Users\PAVAN H\Downloads\SIPaKMeD\im_Metaplastic\im_Metaplastic\CROPPED\074_03.bmp,im_Metaplastic
C:\Users\PAVAN H\Downloads\SIPaKMeD\im_Parabasal\im_Parabasal\CROPPED\053_07.bmp,im_Parabasal
C:\Users\PAVAN H\Downloads\SIPaKMeD\im_Dyskeratotic\im_Dyskeratotic\CROPPED\100_02.bmp,im_Dyskeratotic
C:\Users\PAVAN H\Downloads\SIPaKMeD\im_Parabasal\im_Parabasal\CROPPED\083_03.bmp,im_Parabasal
C:\Users\PAVAN H\Downloads\SIPaKMeD\im_Koilocytotic\im_Koilocytotic\CROPPED\183_01.bmp,im_Koilocytotic
C:\Users\PAVAN H\Downloads\SIPaKMeD\im_Metaplastic\im_Metaplastic\CROPPED\024_05.bmp,im_Metaplastic
C:\Users\PAVAN H\Downloads\SIPaKMeD\im_Metaplastic\im_Metaplastic\128.bmp,im_Metaplastic
C:\Users\PAVAN H\Downloads\SIPaKMeD\im_Dyskeratotic\im_Dyskeratotic\CROPPED\066_01.bmp,im_Dyskeratotic
C:\Users\PAVAN H\Downloads\SIPaKMeD\im_Parabasal\im_Parabasal\CROPPED\011_08.bmp,im_Parabasal
C:\Users\PAVAN H\Downloads\SIPaKMeD\im_Metaplastic\im_Metaplastic\CROPPED\268_02.bmp,im_Metaplastic
C:\Users\PAVAN H\Downloads\SIPaKMeD\im_Metaplastic\im_Metaplastic\CROPPED\092_02.bmp,im_Metaplastic
C:\Users\PAVAN H\Downloads\SIPaKMeD\im_Metaplastic\im_Metaplastic\CROPPED\256_01.bmp,im_Metaplastic
C:\Users\PAVAN H\Downloads\SIPaKMeD\im_Metaplastic\im_Metaplastic\259.bmp,im_Metaplastic
C:\Users\PAVAN H\Downloads\SIPaKMeD\im_Dyskeratotic\im_Dyskeratotic\CROPPED\139_03.bmp,im_Dyskeratotic
C:\Users\PAVAN H\Downloads\SIPaKMeD\im_Dyskeratotic\im_Dyskeratotic\047.bmp,im_Dyskeratotic
C:\Users\PAVAN H\Downloads\SIPaKMeD\im_Superficial-Intermediate\im_Superficial-Intermediate\CROPPED\004_13.bmp,im_Superficial-Intermediate
C:\Users\PAVAN H\Downloads\SIPaKMeD\im_Metaplastic\im_Metaplastic\CROPPED\003_01.bmp,im_Metaplastic
C:\Users\PAVAN H\Downloads\SIPaKMeD\im_Dyskeratotic\im_Dyskeratotic\CROPPED\165_02.bmp,im_Dyskeratotic
C:\Users\PAVAN H\Downloads\SIPaKMeD\im_Dyskeratotic\im_Dyskeratotic\CROPPED\146_04.bmp,im_Dyskeratotic
C:\Users\PAVAN H\Downloads\SIPaKMeD\im_Koilocytotic\im_Koilocytotic\CROPPED\133_03.bmp,im_Koilocytotic
C:\Users\PAVAN H\Downloads\SIPaKMeD\im_Dyskeratotic\im_Dyskeratotic\CROPPED\059_08.bmp,im_Dyskeratotic
C:\Users\PAVAN H\Downloads\SIPaKMeD\im_Dyskeratotic\im_Dyskeratotic\CROPPED\124_03.bmp,im_Dyskeratotic
C:\Users\PAVAN H\Downloads\SIPaKMeD\im_Koilocytotic\im_Koilocytotic\CROPPED\142_04.bmp,im_Koilocytotic
C:\Users\PAVAN H\Downloads\SIPaKMeD\im_Parabasal\im_Parabasal\CROPPED\001_02.bmp,im_Parabasal
C:\Users\PAVAN H\Downloads\SIPaKMeD\im_Koilocytotic\im_Koilocytotic\CROPPED\170_01.bmp,im_Koilocytotic
C:\Users\PAVAN H\Downloads\SIPaKMeD\im_Metaplastic\im_Metaplastic\CROPPED\145_01.bmp,im_Metaplastic
C:\Users\PAVAN H\Downloads\SIPaKMeD\im_Dyskeratotic\im_Dyskeratotic\CROPPED\111_07.bmp,im_Dyskeratotic
C:\Users\PAVAN H\Downloads\SIPaKMeD\im_Dyskeratotic\im_Dyskeratotic\CROPPED\114_12.bmp,im_Dyskeratotic
C:\Users\PAVAN H\Downloads\SIPaKMeD\im_Superficial-Intermediate\im_Superficial-Intermediate\047.bmp,im_Superficial-Intermediate
C:\Users\PAVAN H\Downloads\SIPaKMeD\im_Parabasal\im_Parabasal\CROPPED\027_08.bmp,im_Parabasal
C:\Users\PAVAN H\Downloads\SIPaKMeD\im_Dyskeratotic\im_Dyskeratotic\CROPPED\066_05.bmp,im_Dyskeratotic
C:\Users\PAVAN H\Downloads\SIPaKMeD\im_Dyskeratotic\im_Dyskeratotic\CROPPED\059_09.bmp,im_Dyskeratotic
C:\Users\PAVAN H\Downloads\SIPaKMeD\im_Superficial-Intermediate\im_Superficial-Intermediate\CROPPED\049_02.bmp,im_Superficial-Intermediate
C:\Users\PAVAN H\Downloads\SIPaKMeD\im_Superficial-Intermediate\im_Superficial-Intermediate\CROPPED\080_07.bmp,im_Superficial-Intermediate
C:\Users\PAVAN H\Downloads\SIPaKMeD\im_Dyskeratotic\im_Dyskeratotic\CROPPED\114_05.bmp,im_Dyskeratotic
C:\Users\PAVAN H\Downloads\SIPaKMeD\im_Superficial-Intermediate\im_Superficial-Intermediate\CROPPED\063_05.bmp,im_Superficial-Intermediate
C:\Users\PAVAN H\Downloads\SIPaKMeD\im_Koilocytotic\im_Koilocytotic\CROPPED\010_01.bmp,im_Koilocytotic
C:\Users\PAVAN H\Downloads\SIPaKMeD\im_Dyskeratotic\im_Dyskeratotic\CROPPED\037_05.bmp,im_Dyskeratotic
C:\Users\PAVAN H\Downloads\SIPaKMeD\im_Parabasal\im_Parabasal\093.bmp,im_Parabasal
C:\Users\PAVAN H\Downloads\SIPaKMeD\im_Dyskeratotic\im_Dyskeratotic\207.bmp,im_Dyskeratotic
C:\Users\PAVAN H\Downloads\SIPaKMeD\im_Superficial-Intermediate\im_Superficial-Intermediate\CROPPED\007_04.bmp,im_Superficial-Intermediate
C:\Users\PAVAN H\Downloads\SIPaKMeD\im_Koilocytotic\im_Koilocytotic\CROPPED\095_04.bmp,im_Koilocytotic
C:\Users\PAVAN H\Downloads\SIPaKMeD\im_Koilocytotic\im_Koilocytotic\CROPPED\082_02.bmp,im_Koilocytotic
C:\Users\PAVAN H\Downloads\SIPaKMeD\im_Parabasal\im_Parabasal\CROPPED\095_10.bmp,im_Parabasal
C:\Users\PAVAN H\Downloads\SIPaKMeD\im_Koilocytotic\im_Koilocytotic\078.bmp,im_Koilocytotic
C:\Users\PAVAN H\Downloads\SIPaKMeD\im_Parabasal\im_Parabasal\CROPPED\097_01.bmp,im_Parabasal
C:\Users\PAVAN H\Downloads\SIPaKMeD\im_Dyskeratotic\im_Dyskeratotic\CROPPED\090_04.bmp,im_Dyskeratotic
C:\Users\PAVAN H\Downloads\SIPaKMeD\im_Koilocytotic\im_Koilocytotic\CROPPED\058_01.bmp,im_Koilocytotic
C:\Users\PAVAN H\Downloads\SIPaKMeD\im_Parabasal\im_Parabasal\CROPPED\106_05.bmp,im_Parabasal
C:\Users\PAVAN H\Downloads\SIPaKMeD\im_Dyskeratotic\im_Dyskeratotic\CROPPED\034_01.bmp,im_Dyskeratotic
C:\Users\PAVAN H\Downloads\SIPaKMeD\im_Koilocytotic\im_Koilocytotic\CROPPED\163_06.bmp,im_Koilocytotic
C:\Users\PAVAN H\Downloads\SIPaKMeD\im_Koilocytotic\im_Koilocytotic\161.bmp,im_Koilocytotic
C:\Users\PAVAN H\Downloads\SIPaKMeD\im_Dyskeratotic\im_Dyskeratotic\CROPPED\067_19.bmp,im_Dyskeratotic
C:\Users\PAVAN H\Downloads\SIPaKMeD\im_Dyskeratotic\im_Dyskeratotic\CROPPED\017_01.bmp,im_Dyskeratotic
C:\Users\PAVAN H\Downloads\SIPaKMeD\im_Parabasal\im_Parabasal\CROPPED\093_04.bmp,im_Parabasal
C:\Users\PAVAN H\Downloads\SIPaKMeD\im_Parabasal\im_Parabasal\CROPPED\047_05.bmp,im_Parabasal
C:\Users\PAVAN H\Downloads\SIPaKMeD\im_Parabasal\im_Parabasal\CROPPED\012_03.bmp,im_Parabasal
C:\Users\PAVAN H\Downloads\SIPaKMeD\im_Koilocytotic\im_Koilocytotic\CROPPED\130_13.bmp,im_Koilocytotic
C:\Users\PAVAN H\Downloads\SIPaKMeD\im_Parabasal\im_Parabasal\CROPPED\070_06.bmp,im_Parabasal
C:\Users\PAVAN H\Downloads\SIPaKMeD\im_Dyskeratotic\im_Dyskeratotic\CROPPED\188_01.bmp,im_Dyskeratotic
C:\Users\PAVAN H\Downloads\SIPaKMeD\im_Superficial-Intermediate\im_Superficial-Intermediate\027.bmp,im_Superficial-Intermediate
C:\Users\PAVAN H\Downloads\SIPaKMeD\im_Dyskeratotic\im_Dyskeratotic\143.bmp,im_Dyskeratotic
C:\Users\PAVAN H\Downloads\SIPaKMeD\im_Koilocytotic\im_Koilocytotic\CROPPED\094_02.bmp,im_Koilocytotic
C:\Users\PAVAN H\Downloads\SIPaKMeD\im_Koilocytotic\im_Koilocytotic\CROPPED\157_05.bmp,im_Koilocytotic
C:\Users\PAVAN H\Downloads\SIPaKMeD\im_Metaplastic\im_Metaplastic\144.bmp,im_Metaplastic
C:\Users\PAVAN H\Downloads\SIPaKMeD\im_Dyskeratotic\im_Dyskeratotic\CROPPED\013_03.bmp,im_Dyskeratotic
C:\Users\PAVAN H\Downloads\SIPaKMeD\im_Metaplastic\im_Metaplastic\CROPPED\145_03.bmp,im_Metaplastic
C:\Users\PAVAN H\Downloads\SIPaKMeD\im_Parabasal\im_Parabasal\CROPPED\079_02.bmp,im_Parabasal
C:\Users\PAVAN H\Downloads\SIPaKMeD\im_Superficial-Intermediate\im_Superficial-Intermediate\CROPPED\077_01.bmp,im_Superficial-Intermediate
C:\Users\PAVAN H\Downloads\SIPaKMeD\im_Metaplastic\im_Metaplastic\223.bmp,im_Metaplastic
C:\Users\PAVAN H\Downloads\SIPaKMeD\im_Parabasal\im_Parabasal\CROPPED\099_05.bmp,im_Parabasal
C:\Users\PAVAN H\Downloads\SIPaKMeD\im_Dyskeratotic\im_Dyskeratotic\CROPPED\077_02.bmp,im_Dyskeratotic
C:\Users\PAVAN H\Downloads\SIPaKMeD\im_Metaplastic\im_Metaplastic\CROPPED\092_05.bmp,im_Metaplastic
C:\Users\PAVAN H\Downloads\SIPaKMeD\im_Koilocytotic\im_Koilocytotic\CROPPED\095_17.bmp,im_Koilocytotic
C:\Users\PAVAN H\Downloads\SIPaKMeD\im_Metaplastic\im_Metaplastic\201.bmp,im_Metaplastic
C:\Users\PAVAN H\Downloads\SIPaKMeD\im_Metaplastic\im_Metaplastic\213.bmp,im_Metaplastic
C:\Users\PAVAN H\Downloads\SIPaKMeD\im_Koilocytotic\im_Koilocytotic\203.bmp,im_Koilocytotic
C:\Users\PAVAN H\Downloads\SIPaKMeD\im_Metaplastic\im_Metaplastic\CROPPED\129_03.bmp,im_Metaplastic
C:\Users\PAVAN H\Downloads\SIPaKMeD\im_Superficial-Intermediate\im_Superficial-Intermediate\044.bmp,im_Superficial-Intermediate
C:\Users\PAVAN H\Downloads\SIPaKMeD\im_Dyskeratotic\im_Dyskeratotic\CROPPED\005_06.bmp,im_Dyskeratotic
C:\Users\PAVAN H\Downloads\SIPaKMeD\im_Koilocytotic\im_Koilocytotic\CROPPED\097_09.bmp,im_Koilocytotic
C:\Users\PAVAN H\Downloads\SIPaKMeD\im_Superficial-Intermediate\im_Superficial-Intermediate\CROPPED\082_07.bmp,im_Superficial-Intermediate
C:\Users\PAVAN H\Downloads\SIPaKMeD\im_Parabasal\im_Parabasal\089.bmp,im_Parabasal
C:\Users\PAVAN H\Downloads\SIPaKMeD\im_Metaplastic\im_Metaplastic\CROPPED\002_10.bmp,im_Metaplastic
C:\Users\PAVAN H\Downloads\SIPaKMeD\im_Dyskeratotic\im_Dyskeratotic\CROPPED\077_01.bmp,im_Dyskeratotic
C:\Users\PAVAN H\Downloads\SIPaKMeD\im_Parabasal\im_Parabasal\CROPPED\098_08.bmp,im_Parabasal
C:\Users\PAVAN H\Downloads\SIPaKMeD\im_Superficial-Intermediate\im_Superficial-Intermediate\CROPPED\014_04.bmp,im_Superficial-Intermediate
C:\Users\PAVAN H\Downloads\SIPaKMeD\im_Superficial-Intermediate\im_Superficial-Intermediate\CROPPED\004_06.bmp,im_Superficial-Intermediate
C:\Users\PAVAN H\Downloads\SIPaKMeD\im_Superficial-Intermediate\im_Superficial-Intermediate\CROPPED\072_03.bmp,im_Superficial-Intermediate
C:\Users\PAVAN H\Downloads\SIPaKMeD\im_Superficial-Intermediate\im_Superficial-Intermediate\CROPPED\019_01.bmp,im_Superficial-Intermediate
C:\Users\PAVAN H\Downloads\SIPaKMeD\im_Parabasal\im_Parabasal\CROPPED\095_14.bmp,im_Parabasal
C:\Users\PAVAN H\Downloads\SIPaKMeD\im_Metaplastic\im_Metaplastic\CROPPED\175_01.bmp,im_Metaplastic
C:\Users\PAVAN H\Downloads\SIPaKMeD\im_Parabasal\im_Parabasal\CROPPED\023_02.bmp,im_Parabasal
C:\Users\PAVAN H\Downloads\SIPaKMeD\im_Superficial-Intermediate\im_Superficial-Intermediate\CROPPED\050_07.bmp,im_Superficial-Intermediate
C:\Users\PAVAN H\Downloads\SIPaKMeD\im_Superficial-Intermediate\im_Superficial-Intermediate\CROPPED\019_04.bmp,im_Superficial-Intermediate
C:\Users\PAVAN H\Downloads\SIPaKMeD\im_Parabasal\im_Parabasal\CROPPED\065_06.bmp,im_Parabasal
C:\Users\PAVAN H\Downloads\SIPaKMeD\im_Metaplastic\im_Metaplastic\CROPPED\247_01.bmp,im_Metaplastic
C:\Users\PAVAN H\Downloads\SIPaKMeD\im_Metaplastic\im_Metaplastic\034.bmp,im_Metaplastic
C:\Users\PAVAN H\Downloads\SIPaKMeD\im_Metaplastic\im_Metaplastic\CROPPED\215_01.bmp,im_Metaplastic
C:\Users\PAVAN H\Downloads\SIPaKMeD\im_Dyskeratotic\im_Dyskeratotic\CROPPED\133_02.bmp,im_Dyskeratotic
C:\Users\PAVAN H\Downloads\SIPaKMeD\im_Metaplastic\im_Metaplastic\179.bmp,im_Metaplastic
C:\Users\PAVAN H\Downloads\SIPaKMeD\im_Superficial-Intermediate\im_Superficial-Intermediate\CROPPED\008_07.bmp,im_Superficial-Intermediate
C:\Users\PAVAN H\Downloads\SIPaKMeD\im_Dyskeratotic\im_Dyskeratotic\CROPPED\049_02.bmp,im_Dyskeratotic
C:\Users\PAVAN H\Downloads\SIPaKMeD\im_Dyskeratotic\im_Dyskeratotic\CROPPED\102_04.bmp,im_Dyskeratotic
C:\Users\PAVAN H\Downloads\SIPaKMeD\im_Metaplastic\im_Metaplastic\CROPPED\249_01.bmp,im_Metaplastic
C:\Users\PAVAN H\Downloads\SIPaKMeD\im_Koilocytotic\im_Koilocytotic\CROPPED\140_13.bmp,im_Koilocytotic
C:\Users\PAVAN H\Downloads\SIPaKMeD\im_Dyskeratotic\im_Dyskeratotic\CROPPED\004_01.bmp,im_Dyskeratotic
C:\Users\PAVAN H\Downloads\SIPaKMeD\im_Dyskeratotic\im_Dyskeratotic\CROPPED\134_01.bmp,im_Dyskeratotic
C:\Users\PAVAN H\Downloads\SIPaKMeD\im_Dyskeratotic\im_Dyskeratotic\CROPPED\073_01.bmp,im_Dyskeratotic
C:\Users\PAVAN H\Downloads\SIPaKMeD\im_Dyskeratotic\im_Dyskeratotic\CROPPED\102_06.bmp,im_Dyskeratotic
C:\Users\PAVAN H\Downloads\SIPaKMeD\im_Superficial-Intermediate\im_Superficial-Intermediate\095.bmp,im_Superficial-Intermediate
C:\Users\PAVAN H\Downloads\SIPaKMeD\im_Parabasal\im_Parabasal\CROPPED\054_06.bmp,im_Parabasal
C:\Users\PAVAN H\Downloads\SIPaKMeD\im_Superficial-Intermediate\im_Superficial-Intermediate\CROPPED\106_11.bmp,im_Superficial-Intermediate
C:\Users\PAVAN H\Downloads\SIPaKMeD\im_Superficial-Intermediate\im_Superficial-Intermediate\CROPPED\011_02.bmp,im_Superficial-Intermediate
C:\Users\PAVAN H\Downloads\SIPaKMeD\im_Metaplastic\im_Metaplastic\079.bmp,im_Metaplastic
C:\Users\PAVAN H\Downloads\SIPaKMeD\im_Parabasal\im_Parabasal\CROPPED\042_10.bmp,im_Parabasal
C:\Users\PAVAN H\Downloads\SIPaKMeD\im_Dyskeratotic\im_Dyskeratotic\CROPPED\139_01.bmp,im_Dyskeratotic
C:\Users\PAVAN H\Downloads\SIPaKMeD\im_Superficial-Intermediate\im_Superficial-Intermediate\CROPPED\037_05.bmp,im_Superficial-Intermediate
C:\Users\PAVAN H\Downloads\SIPaKMeD\im_Koilocytotic\im_Koilocytotic\183.bmp,im_Koilocytotic
C:\Users\PAVAN H\Downloads\SIPaKMeD\im_Parabasal\im_Parabasal\CROPPED\029_04.bmp,im_Parabasal
C:\Users\PAVAN H\Downloads\SIPaKMeD\im_Koilocytotic\im_Koilocytotic\CROPPED\123_07.bmp,im_Koilocytotic
C:\Users\PAVAN H\Downloads\SIPaKMeD\im_Parabasal\im_Parabasal\CROPPED\096_03.bmp,im_Parabasal
C:\Users\PAVAN H\Downloads\SIPaKMeD\im_Parabasal\im_Parabasal\CROPPED\102_04.bmp,im_Parabasal
C:\Users\PAVAN H\Downloads\SIPaKMeD\im_Dyskeratotic\im_Dyskeratotic\CROPPED\216_03.bmp,im_Dyskeratotic
C:\Users\PAVAN H\Downloads\SIPaKMeD\im_Metaplastic\im_Metaplastic\CROPPED\253_03.bmp,im_Metaplastic
C:\Users\PAVAN H\Downloads\SIPaKMeD\im_Koilocytotic\im_Koilocytotic\CROPPED\095_07.bmp,im_Koilocytotic
C:\Users\PAVAN H\Downloads\SIPaKMeD\im_Parabasal\im_Parabasal\055.bmp,im_Parabasal
C:\Users\PAVAN H\Downloads\SIPaKMeD\im_Dyskeratotic\im_Dyskeratotic\CROPPED\116_02.bmp,im_Dyskeratotic
C:\Users\PAVAN H\Downloads\SIPaKMeD\im_Metaplastic\im_Metaplastic\056.bmp,im_Metaplastic
C:\Users\PAVAN H\Downloads\SIPaKMeD\im_Parabasal\im_Parabasal\CROPPED\047_01.bmp,im_Parabasal
C:\Users\PAVAN H\Downloads\SIPaKMeD\im_Metaplastic\im_Metaplastic\CROPPED\137_01.bmp,im_Metaplastic
C:\Users\PAVAN H\Downloads\SIPaKMeD\im_Parabasal\im_Parabasal\CROPPED\095_03.bmp,im_Parabasal
C:\Users\PAVAN H\Downloads\SIPaKMeD\im_Koilocytotic\im_Koilocytotic\CROPPED\134_01.bmp,im_Koilocytotic
C:\Users\PAVAN H\Downloads\SIPaKMeD\im_Superficial-Intermediate\im_Superficial-Intermediate\CROPPED\023_04.bmp,im_Superficial-Intermediate
C:\Users\PAVAN H\Downloads\SIPaKMeD\im_Superficial-Intermediate\im_Superficial-Intermediate\013.bmp,im_Superficial-Intermediate
C:\Users\PAVAN H\Downloads\SIPaKMeD\im_Parabasal\im_Parabasal\094.bmp,im_Parabasal
C:\Users\PAVAN H\Downloads\SIPaKMeD\im_Metaplastic\im_Metaplastic\CROPPED\016_01.bmp,im_Metaplastic
C:\Users\PAVAN H\Downloads\SIPaKMeD\im_Superficial-Intermediate\im_Superficial-Intermediate\CROPPED\017_06.bmp,im_Superficial-Intermediate
C:\Users\PAVAN H\Downloads\SIPaKMeD\im_Dyskeratotic\im_Dyskeratotic\096.bmp,im_Dyskeratotic
C:\Users\PAVAN H\Downloads\SIPaKMeD\im_Metaplastic\im_Metaplastic\CROPPED\142_01.bmp,im_Metaplastic
C:\Users\PAVAN H\Downloads\SIPaKMeD\im_Superficial-Intermediate\im_Superficial-Intermediate\CROPPED\114_08.bmp,im_Superficial-Intermediate
C:\Users\PAVAN H\Downloads\SIPaKMeD\im_Dyskeratotic\im_Dyskeratotic\CROPPED\111_04.bmp,im_Dyskeratotic
C:\Users\PAVAN H\Downloads\SIPaKMeD\im_Metaplastic\im_Metaplastic\CROPPED\159_01.bmp,im_Metaplastic
C:\Users\PAVAN H\Downloads\SIPaKMeD\im_Superficial-Intermediate\im_Superficial-Intermediate\CROPPED\073_03.bmp,im_Superficial-Intermediate
C:\Users\PAVAN H\Downloads\SIPaKMeD\im_Superficial-Intermediate\im_Superficial-Intermediate\CROPPED\023_05.bmp,im_Superficial-Intermediate
C:\Users\PAVAN H\Downloads\SIPaKMeD\im_Parabasal\im_Parabasal\CROPPED\097_13.bmp,im_Parabasal
C:\Users\PAVAN H\Downloads\SIPaKMeD\im_Metaplastic\im_Metaplastic\CROPPED\265_01.bmp,im_Metaplastic
C:\Users\PAVAN H\Downloads\SIPaKMeD\im_Superficial-Intermediate\im_Superficial-Intermediate\CROPPED\056_05.bmp,im_Superficial-Intermediate
C:\Users\PAVAN H\Downloads\SIPaKMeD\im_Superficial-Intermediate\im_Superficial-Intermediate\CROPPED\021_03.bmp,im_Superficial-Intermediate
C:\Users\PAVAN H\Downloads\SIPaKMeD\im_Parabasal\im_Parabasal\CROPPED\055_06.bmp,im_Parabasal
C:\Users\PAVAN H\Downloads\SIPaKMeD\im_Koilocytotic\im_Koilocytotic\CROPPED\084_01.bmp,im_Koilocytotic
C:\Users\PAVAN H\Downloads\SIPaKMeD\im_Superficial-Intermediate\im_Superficial-Intermediate\CROPPED\083_08.bmp,im_Superficial-Intermediate
C:\Users\PAVAN H\Downloads\SIPaKMeD\im_Dyskeratotic\im_Dyskeratotic\CROPPED\073_05.bmp,im_Dyskeratotic
C:\Users\PAVAN H\Downloads\SIPaKMeD\im_Dyskeratotic\im_Dyskeratotic\104.bmp,im_Dyskeratotic
C:\Users\PAVAN H\Downloads\SIPaKMeD\im_Metaplastic\im_Metaplastic\CROPPED\097_04.bmp,im_Metaplastic
C:\Users\PAVAN H\Downloads\SIPaKMeD\im_Dyskeratotic\im_Dyskeratotic\102.bmp,im_Dyskeratotic
C:\Users\PAVAN H\Downloads\SIPaKMeD\im_Koilocytotic\im_Koilocytotic\CROPPED\076_01.bmp,im_Koilocytotic
C:\Users\PAVAN H\Downloads\SIPaKMeD\im_Superficial-Intermediate\im_Superficial-Intermediate\CROPPED\080_05.bmp,im_Superficial-Intermediate
C:\Users\PAVAN H\Downloads\SIPaKMeD\im_Superficial-Intermediate\im_Superficial-Intermediate\CROPPED\073_02.bmp,im_Superficial-Intermediate
C:\Users\PAVAN H\Downloads\SIPaKMeD\im_Metaplastic\im_Metaplastic\CROPPED\261_09.bmp,im_Metaplastic
C:\Users\PAVAN H\Downloads\SIPaKMeD\im_Koilocytotic\im_Koilocytotic\CROPPED\071_01.bmp,im_Koilocytotic
C:\Users\PAVAN H\Downloads\SIPaKMeD\im_Dyskeratotic\im_Dyskeratotic\CROPPED\094_02.bmp,im_Dyskeratotic
C:\Users\PAVAN H\Downloads\SIPaKMeD\im_Koilocytotic\im_Koilocytotic\CROPPED\159_01.bmp,im_Koilocytotic
C:\Users\PAVAN H\Downloads\SIPaKMeD\im_Metaplastic\im_Metaplastic\CROPPED\195_01.bmp,im_Metaplastic
C:\Users\PAVAN H\Downloads\SIPaKMeD\im_Metaplastic\im_Metaplastic\CROPPED\146_03.bmp,im_Metaplastic
C:\Users\PAVAN H\Downloads\SIPaKMeD\im_Metaplastic\im_Metaplastic\004.bmp,im_Metaplastic
C:\Users\PAVAN H\Downloads\SIPaKMeD\im_Parabasal\im_Parabasal\CROPPED\091_01.bmp,im_Parabasal
C:\Users\PAVAN H\Downloads\SIPaKMeD\im_Dyskeratotic\im_Dyskeratotic\CROPPED\114_14.bmp,im_Dyskeratotic
C:\Users\PAVAN H\Downloads\SIPaKMeD\im_Koilocytotic\im_Koilocytotic\CROPPED\093_07.bmp,im_Koilocytotic
C:\Users\PAVAN H\Downloads\SIPaKMeD\im_Dyskeratotic\im_Dyskeratotic\CROPPED\059_14.bmp,im_Dyskeratotic
C:\Users\PAVAN H\Downloads\SIPaKMeD\im_Superficial-Intermediate\im_Superficial-Intermediate\CROPPED\118_04.bmp,im_Superficial-Intermediate
C:\Users\PAVAN H\Downloads\SIPaKMeD\im_Superficial-Intermediate\im_Superficial-Intermediate\CROPPED\080_09.bmp,im_Superficial-Intermediate
C:\Users\PAVAN H\Downloads\SIPaKMeD\im_Koilocytotic\im_Koilocytotic\CROPPED\123_02.bmp,im_Koilocytotic
C:\Users\PAVAN H\Downloads\SIPaKMeD\im_Koilocytotic\im_Koilocytotic\092.bmp,im_Koilocytotic
C:\Users\PAVAN H\Downloads\SIPaKMeD\im_Dyskeratotic\im_Dyskeratotic\CROPPED\105_03.bmp,im_Dyskeratotic
C:\Users\PAVAN H\Downloads\SIPaKMeD\im_Dyskeratotic\im_Dyskeratotic\CROPPED\114_11.bmp,im_Dyskeratotic
C:\Users\PAVAN H\Downloads\SIPaKMeD\im_Superficial-Intermediate\im_Superficial-Intermediate\CROPPED\066_06.bmp,im_Superficial-Intermediate
C:\Users\PAVAN H\Downloads\SIPaKMeD\im_Metaplastic\im_Metaplastic\CROPPED\102_05.bmp,im_Metaplastic
C:\Users\PAVAN H\Downloads\SIPaKMeD\im_Parabasal\im_Parabasal\036.bmp,im_Parabasal
C:\Users\PAVAN H\Downloads\SIPaKMeD\im_Dyskeratotic\im_Dyskeratotic\043.bmp,im_Dyskeratotic
C:\Users\PAVAN H\Downloads\SIPaKMeD\im_Metaplastic\im_Metaplastic\037.bmp,im_Metaplastic
C:\Users\PAVAN H\Downloads\SIPaKMeD\im_Koilocytotic\im_Koilocytotic\077.bmp,im_Koilocytotic
C:\Users\PAVAN H\Downloads\SIPaKMeD\im_Dyskeratotic\im_Dyskeratotic\CROPPED\217_01.bmp,im_Dyskeratotic
C:\Users\PAVAN H\Downloads\SIPaKMeD\im_Parabasal\im_Parabasal\CROPPED\046_03.bmp,im_Parabasal
C:\Users\PAVAN H\Downloads\SIPaKMeD\im_Parabasal\im_Parabasal\CROPPED\063_04.bmp,im_Parabasal
C:\Users\PAVAN H\Downloads\SIPaKMeD\im_Dyskeratotic\im_Dyskeratotic\CROPPED\049_01.bmp,im_Dyskeratotic
C:\Users\PAVAN H\Downloads\SIPaKMeD\im_Parabasal\im_Parabasal\CROPPED\104_01.bmp,im_Parabasal
C:\Users\PAVAN H\Downloads\SIPaKMeD\im_Dyskeratotic\im_Dyskeratotic\CROPPED\125_04.bmp,im_Dyskeratotic
C:\Users\PAVAN H\Downloads\SIPaKMeD\im_Parabasal\im_Parabasal\CROPPED\045_03.bmp,im_Parabasal
C:\Users\PAVAN H\Downloads\SIPaKMeD\im_Parabasal\im_Parabasal\CROPPED\027_01.bmp,im_Parabasal
C:\Users\PAVAN H\Downloads\SIPaKMeD\im_Superficial-Intermediate\im_Superficial-Intermediate\CROPPED\073_05.bmp,im_Superficial-Intermediate
C:\Users\PAVAN H\Downloads\SIPaKMeD\im_Superficial-Intermediate\im_Superficial-Intermediate\009.bmp,im_Superficial-Intermediate
C:\Users\PAVAN H\Downloads\SIPaKMeD\im_Superficial-Intermediate\im_Superficial-Intermediate\CROPPED\034_01.bmp,im_Superficial-Intermediate
C:\Users\PAVAN H\Downloads\SIPaKMeD\im_Parabasal\im_Parabasal\CROPPED\069_05.bmp,im_Parabasal
C:\Users\PAVAN H\Downloads\SIPaKMeD\im_Koilocytotic\im_Koilocytotic\204.bmp,im_Koilocytotic
C:\Users\PAVAN H\Downloads\SIPaKMeD\im_Parabasal\im_Parabasal\CROPPED\102_10.bmp,im_Parabasal
C:\Users\PAVAN H\Downloads\SIPaKMeD\im_Koilocytotic\im_Koilocytotic\CROPPED\094_03.bmp,im_Koilocytotic
C:\Users\PAVAN H\Downloads\SIPaKMeD\im_Parabasal\im_Parabasal\CROPPED\034_01.bmp,im_Parabasal
C:\Users\PAVAN H\Downloads\SIPaKMeD\im_Koilocytotic\im_Koilocytotic\CROPPED\181_01.bmp,im_Koilocytotic
C:\Users\PAVAN H\Downloads\SIPaKMeD\im_Koilocytotic\im_Koilocytotic\CROPPED\220_02.bmp,im_Koilocytotic
C:\Users\PAVAN H\Downloads\SIPaKMeD\im_Parabasal\im_Parabasal\037.bmp,im_Parabasal
C:\Users\PAVAN H\Downloads\SIPaKMeD\im_Koilocytotic\im_Koilocytotic\CROPPED\154_05.bmp,im_Koilocytotic
C:\Users\PAVAN H\Downloads\SIPaKMeD\im_Koilocytotic\im_Koilocytotic\CROPPED\110_01.bmp,im_Koilocytotic
C:\Users\PAVAN H\Downloads\SIPaKMeD\im_Metaplastic\im_Metaplastic\CROPPED\019_02.bmp,im_Metaplastic
C:\Users\PAVAN H\Downloads\SIPaKMeD\im_Superficial-Intermediate\im_Superficial-Intermediate\080.bmp,im_Superficial-Intermediate
C:\Users\PAVAN H\Downloads\SIPaKMeD\im_Parabasal\im_Parabasal\CROPPED\082_01.bmp,im_Parabasal
C:\Users\PAVAN H\Downloads\SIPaKMeD\im_Dyskeratotic\im_Dyskeratotic\CROPPED\067_12.bmp,im_Dyskeratotic
C:\Users\PAVAN H\Downloads\SIPaKMeD\im_Superficial-Intermediate\im_Superficial-Intermediate\CROPPED\124_06.bmp,im_Superficial-Intermediate
C:\Users\PAVAN H\Downloads\SIPaKMeD\im_Parabasal\im_Parabasal\CROPPED\099_06.bmp,im_Parabasal
C:\Users\PAVAN H\Downloads\SIPaKMeD\im_Superficial-Intermediate\im_Superficial-Intermediate\CROPPED\121_07.bmp,im_Superficial-Intermediate
C:\Users\PAVAN H\Downloads\SIPaKMeD\im_Dyskeratotic\im_Dyskeratotic\106.bmp,im_Dyskeratotic
C:\Users\PAVAN H\Downloads\SIPaKMeD\im_Koilocytotic\im_Koilocytotic\CROPPED\200_01.bmp,im_Koilocytotic
C:\Users\PAVAN H\Downloads\SIPaKMeD\im_Metaplastic\im_Metaplastic\CROPPED\140_02.bmp,im_Metaplastic
C:\Users\PAVAN H\Downloads\SIPaKMeD\im_Parabasal\im_Parabasal\CROPPED\053_05.bmp,im_Parabasal
C:\Users\PAVAN H\Downloads\SIPaKMeD\im_Dyskeratotic\im_Dyskeratotic\CROPPED\085_01.bmp,im_Dyskeratotic
C:\Users\PAVAN H\Downloads\SIPaKMeD\im_Koilocytotic\im_Koilocytotic\CROPPED\092_01.bmp,im_Koilocytotic
C:\Users\PAVAN H\Downloads\SIPaKMeD\im_Superficial-Intermediate\im_Superficial-Intermediate\CROPPED\109_04.bmp,im_Superficial-Intermediate
C:\Users\PAVAN H\Downloads\SIPaKMeD\im_Koilocytotic\im_Koilocytotic\CROPPED\092_03.bmp,im_Koilocytotic
C:\Users\PAVAN H\Downloads\SIPaKMeD\im_Parabasal\im_Parabasal\CROPPED\050_01.bmp,im_Parabasal
C:\Users\PAVAN H\Downloads\SIPaKMeD\im_Metaplastic\im_Metaplastic\252.bmp,im_Metaplastic
C:\Users\PAVAN H\Downloads\SIPaKMeD\im_Superficial-Intermediate\im_Superficial-Intermediate\CROPPED\031_04.bmp,im_Superficial-Intermediate
C:\Users\PAVAN H\Downloads\SIPaKMeD\im_Metaplastic\im_Metaplastic\CROPPED\125_01.bmp,im_Metaplastic
C:\Users\PAVAN H\Downloads\SIPaKMeD\im_Koilocytotic\im_Koilocytotic\CROPPED\127_01.bmp,im_Koilocytotic
C:\Users\PAVAN H\Downloads\SIPaKMeD\im_Dyskeratotic\im_Dyskeratotic\200.bmp,im_Dyskeratotic
C:\Users\PAVAN H\Downloads\SIPaKMeD\im_Metaplastic\im_Metaplastic\239.bmp,im_Metaplastic
C:\Users\PAVAN H\Downloads\SIPaKMeD\im_Metaplastic\im_Metaplastic\264.bmp,im_Metaplastic
C:\Users\PAVAN H\Downloads\SIPaKMeD\im_Koilocytotic\im_Koilocytotic\093.bmp,im_Koilocytotic
C:\Users\PAVAN H\Downloads\SIPaKMeD\im_Koilocytotic\im_Koilocytotic\CROPPED\140_04.bmp,im_Koilocytotic
C:\Users\PAVAN H\Downloads\SIPaKMeD\im_Superficial-Intermediate\im_Superficial-Intermediate\CROPPED\004_12.bmp,im_Superficial-Intermediate
C:\Users\PAVAN H\Downloads\SIPaKMeD\im_Koilocytotic\im_Koilocytotic\CROPPED\046_02.bmp,im_Koilocytotic
C:\Users\PAVAN H\Downloads\SIPaKMeD\im_Parabasal\im_Parabasal\CROPPED\016_08.bmp,im_Parabasal
C:\Users\PAVAN H\Downloads\SIPaKMeD\im_Metaplastic\im_Metaplastic\CROPPED\243_02.bmp,im_Metaplastic
C:\Users\PAVAN H\Downloads\SIPaKMeD\im_Parabasal\im_Parabasal\CROPPED\047_03.bmp,im_Parabasal
C:\Users\PAVAN H\Downloads\SIPaKMeD\im_Koilocytotic\im_Koilocytotic\CROPPED\137_01.bmp,im_Koilocytotic
C:\Users\PAVAN H\Downloads\SIPaKMeD\im_Parabasal\im_Parabasal\CROPPED\095_15.bmp,im_Parabasal
C:\Users\PAVAN H\Downloads\SIPaKMeD\im_Koilocytotic\im_Koilocytotic\CROPPED\117_06.bmp,im_Koilocytotic
C:\Users\PAVAN H\Downloads\SIPaKMeD\im_Metaplastic\im_Metaplastic\CROPPED\266_01.bmp,im_Metaplastic
C:\Users\PAVAN H\Downloads\SIPaKMeD\im_Dyskeratotic\im_Dyskeratotic\CROPPED\210_03.bmp,im_Dyskeratotic
C:\Users\PAVAN H\Downloads\SIPaKMeD\im_Dyskeratotic\im_Dyskeratotic\CROPPED\019_01.bmp,im_Dyskeratotic
C:\Users\PAVAN H\Downloads\SIPaKMeD\im_Parabasal\im_Parabasal\CROPPED\066_05.bmp,im_Parabasal
C:\Users\PAVAN H\Downloads\SIPaKMeD\im_Parabasal\im_Parabasal\CROPPED\069_04.bmp,im_Parabasal
C:\Users\PAVAN H\Downloads\SIPaKMeD\im_Koilocytotic\im_Koilocytotic\CROPPED\017_03.bmp,im_Koilocytotic
C:\Users\PAVAN H\Downloads\SIPaKMeD\im_Metaplastic\im_Metaplastic\CROPPED\079_04.bmp,im_Metaplastic
C:\Users\PAVAN H\Downloads\SIPaKMeD\im_Dyskeratotic\im_Dyskeratotic\CROPPED\169_01.bmp,im_Dyskeratotic
C:\Users\PAVAN H\Downloads\SIPaKMeD\im_Parabasal\im_Parabasal\CROPPED\044_03.bmp,im_Parabasal
C:\Users\PAVAN H\Downloads\SIPaKMeD\im_Koilocytotic\im_Koilocytotic\CROPPED\135_01.bmp,im_Koilocytotic
C:\Users\PAVAN H\Downloads\SIPaKMeD\im_Metaplastic\im_Metaplastic\257.bmp,im_Metaplastic
C:\Users\PAVAN H\Downloads\SIPaKMeD\im_Koilocytotic\im_Koilocytotic\185.bmp,im_Koilocytotic
C:\Users\PAVAN H\Downloads\SIPaKMeD\im_Parabasal\im_Parabasal\CROPPED\034_06.bmp,im_Parabasal
C:\Users\PAVAN H\Downloads\SIPaKMeD\im_Metaplastic\im_Metaplastic\CROPPED\065_01.bmp,im_Metaplastic
C:\Users\PAVAN H\Downloads\SIPaKMeD\im_Koilocytotic\im_Koilocytotic\CROPPED\095_01.bmp,im_Koilocytotic
C:\Users\PAVAN H\Downloads\SIPaKMeD\im_Dyskeratotic\im_Dyskeratotic\202.bmp,im_Dyskeratotic
C:\Users\PAVAN H\Downloads\SIPaKMeD\im_Parabasal\im_Parabasal\CROPPED\062_10.bmp,im_Parabasal
C:\Users\PAVAN H\Downloads\SIPaKMeD\im_Metaplastic\im_Metaplastic\CROPPED\063_01.bmp,im_Metaplastic
C:\Users\PAVAN H\Downloads\SIPaKMeD\im_Koilocytotic\im_Koilocytotic\CROPPED\033_01.bmp,im_Koilocytotic
C:\Users\PAVAN H\Downloads\SIPaKMeD\im_Parabasal\im_Parabasal\CROPPED\006_04.bmp,im_Parabasal
C:\Users\PAVAN H\Downloads\SIPaKMeD\im_Parabasal\im_Parabasal\CROPPED\102_05.bmp,im_Parabasal
C:\Users\PAVAN H\Downloads\SIPaKMeD\im_Metaplastic\im_Metaplastic\210.bmp,im_Metaplastic
C:\Users\PAVAN H\Downloads\SIPaKMeD\im_Parabasal\im_Parabasal\CROPPED\029_02.bmp,im_Parabasal
C:\Users\PAVAN H\Downloads\SIPaKMeD\im_Dyskeratotic\im_Dyskeratotic\CROPPED\001_04.bmp,im_Dyskeratotic
C:\Users\PAVAN H\Downloads\SIPaKMeD\im_Superficial-Intermediate\im_Superficial-Intermediate\039.bmp,im_Superficial-Intermediate
C:\Users\PAVAN H\Downloads\SIPaKMeD\im_Dyskeratotic\im_Dyskeratotic\CROPPED\166_02.bmp,im_Dyskeratotic
C:\Users\PAVAN H\Downloads\SIPaKMeD\im_Koilocytotic\im_Koilocytotic\CROPPED\023_01.bmp,im_Koilocytotic
C:\Users\PAVAN H\Downloads\SIPaKMeD\im_Parabasal\im_Parabasal\CROPPED\045_07.bmp,im_Parabasal
C:\Users\PAVAN H\Downloads\SIPaKMeD\im_Parabasal\im_Parabasal\CROPPED\068_01.bmp,im_Parabasal
C:\Users\PAVAN H\Downloads\SIPaKMeD\im_Metaplastic\im_Metaplastic\CROPPED\025_12.bmp,im_Metaplastic
C:\Users\PAVAN H\Downloads\SIPaKMeD\im_Metaplastic\im_Metaplastic\CROPPED\146_04.bmp,im_Metaplastic
C:\Users\PAVAN H\Downloads\SIPaKMeD\im_Koilocytotic\im_Koilocytotic\CROPPED\099_02.bmp,im_Koilocytotic
C:\Users\PAVAN H\Downloads\SIPaKMeD\im_Dyskeratotic\im_Dyskeratotic\CROPPED\103_04.bmp,im_Dyskeratotic
C:\Users\PAVAN H\Downloads\SIPaKMeD\im_Metaplastic\im_Metaplastic\009.bmp,im_Metaplastic
C:\Users\PAVAN H\Downloads\SIPaKMeD\im_Metaplastic\im_Metaplastic\CROPPED\091_02.bmp,im_Metaplastic
C:\Users\PAVAN H\Downloads\SIPaKMeD\im_Metaplastic\im_Metaplastic\CROPPED\145_02.bmp,im_Metaplastic
C:\Users\PAVAN H\Downloads\SIPaKMeD\im_Koilocytotic\im_Koilocytotic\CROPPED\113_03.bmp,im_Koilocytotic
C:\Users\PAVAN H\Downloads\SIPaKMeD\im_Dyskeratotic\im_Dyskeratotic\CROPPED\011_08.bmp,im_Dyskeratotic
C:\Users\PAVAN H\Downloads\SIPaKMeD\im_Koilocytotic\im_Koilocytotic\CROPPED\041_01.bmp,im_Koilocytotic
C:\Users\PAVAN H\Downloads\SIPaKMeD\im_Dyskeratotic\im_Dyskeratotic\067.bmp,im_Dyskeratotic
C:\Users\PAVAN H\Downloads\SIPaKMeD\im_Superficial-Intermediate\im_Superficial-Intermediate\CROPPED\007_07.bmp,im_Superficial-Intermediate
C:\Users\PAVAN H\Downloads\SIPaKMeD\im_Koilocytotic\im_Koilocytotic\CROPPED\137_02.bmp,im_Koilocytotic
C:\Users\PAVAN H\Downloads\SIPaKMeD\im_Superficial-Intermediate\im_Superficial-Intermediate\CROPPED\058_05.bmp,im_Superficial-Intermediate
C:\Users\PAVAN H\Downloads\SIPaKMeD\im_Dyskeratotic\im_Dyskeratotic\CROPPED\183_01.bmp,im_Dyskeratotic
C:\Users\PAVAN H\Downloads\SIPaKMeD\im_Metaplastic\im_Metaplastic\CROPPED\213_01.bmp,im_Metaplastic
C:\Users\PAVAN H\Downloads\SIPaKMeD\im_Superficial-Intermediate\im_Superficial-Intermediate\CROPPED\126_02.bmp,im_Superficial-Intermediate
C:\Users\PAVAN H\Downloads\SIPaKMeD\im_Superficial-Intermediate\im_Superficial-Intermediate\CROPPED\081_02.bmp,im_Superficial-Intermediate
C:\Users\PAVAN H\Downloads\SIPaKMeD\im_Parabasal\im_Parabasal\CROPPED\042_03.bmp,im_Parabasal
C:\Users\PAVAN H\Downloads\SIPaKMeD\im_Superficial-Intermediate\im_Superficial-Intermediate\CROPPED\074_02.bmp,im_Superficial-Intermediate
C:\Users\PAVAN H\Downloads\SIPaKMeD\im_Dyskeratotic\im_Dyskeratotic\CROPPED\126_02.bmp,im_Dyskeratotic
C:\Users\PAVAN H\Downloads\SIPaKMeD\im_Metaplastic\im_Metaplastic\CROPPED\188_01.bmp,im_Metaplastic
C:\Users\PAVAN H\Downloads\SIPaKMeD\im_Dyskeratotic\im_Dyskeratotic\CROPPED\105_04.bmp,im_Dyskeratotic
C:\Users\PAVAN H\Downloads\SIPaKMeD\im_Superficial-Intermediate\im_Superficial-Intermediate\CROPPED\080_06.bmp,im_Superficial-Intermediate
C:\Users\PAVAN H\Downloads\SIPaKMeD\im_Koilocytotic\im_Koilocytotic\CROPPED\062_01.bmp,im_Koilocytotic
C:\Users\PAVAN H\Downloads\SIPaKMeD\im_Koilocytotic\im_Koilocytotic\CROPPED\017_02.bmp,im_Koilocytotic
C:\Users\PAVAN H\Downloads\SIPaKMeD\im_Parabasal\im_Parabasal\099.bmp,im_Parabasal
C:\Users\PAVAN H\Downloads\SIPaKMeD\im_Parabasal\im_Parabasal\018.bmp,im_Parabasal
C:\Users\PAVAN H\Downloads\SIPaKMeD\im_Koilocytotic\im_Koilocytotic\CROPPED\095_11.bmp,im_Koilocytotic
C:\Users\PAVAN H\Downloads\SIPaKMeD\im_Dyskeratotic\im_Dyskeratotic\CROPPED\090_03.bmp,im_Dyskeratotic
C:\Users\PAVAN H\Downloads\SIPaKMeD\im_Parabasal\im_Parabasal\CROPPED\089_08.bmp,im_Parabasal
C:\Users\PAVAN H\Downloads\SIPaKMeD\im_Dyskeratotic\im_Dyskeratotic\CROPPED\006_05.bmp,im_Dyskeratotic
C:\Users\PAVAN H\Downloads\SIPaKMeD\im_Parabasal\im_Parabasal\CROPPED\056_01.bmp,im_Parabasal
C:\Users\PAVAN H\Downloads\SIPaKMeD\im_Metaplastic\im_Metaplastic\CROPPED\002_04.bmp,im_Metaplastic
C:\Users\PAVAN H\Downloads\SIPaKMeD\im_Superficial-Intermediate\im_Superficial-Intermediate\CROPPED\027_06.bmp,im_Superficial-Intermediate
C:\Users\PAVAN H\Downloads\SIPaKMeD\im_Superficial-Intermediate\im_Superficial-Intermediate\117.bmp,im_Superficial-Intermediate
C:\Users\PAVAN H\Downloads\SIPaKMeD\im_Parabasal\im_Parabasal\CROPPED\063_01.bmp,im_Parabasal
C:\Users\PAVAN H\Downloads\SIPaKMeD\im_Koilocytotic\im_Koilocytotic\CROPPED\121_13.bmp,im_Koilocytotic
C:\Users\PAVAN H\Downloads\SIPaKMeD\im_Metaplastic\im_Metaplastic\CROPPED\271_02.bmp,im_Metaplastic
C:\Users\PAVAN H\Downloads\SIPaKMeD\im_Metaplastic\im_Metaplastic\CROPPED\098_01.bmp,im_Metaplastic
C:\Users\PAVAN H\Downloads\SIPaKMeD\im_Parabasal\im_Parabasal\CROPPED\094_07.bmp,im_Parabasal
C:\Users\PAVAN H\Downloads\SIPaKMeD\im_Koilocytotic\im_Koilocytotic\CROPPED\123_09.bmp,im_Koilocytotic
C:\Users\PAVAN H\Downloads\SIPaKMeD\im_Dyskeratotic\im_Dyskeratotic\CROPPED\112_03.bmp,im_Dyskeratotic
C:\Users\PAVAN H\Downloads\SIPaKMeD\im_Parabasal\im_Parabasal\CROPPED\054_08.bmp,im_Parabasal
C:\Users\PAVAN H\Downloads\SIPaKMeD\im_Metaplastic\im_Metaplastic\CROPPED\265_02.bmp,im_Metaplastic
C:\Users\PAVAN H\Downloads\SIPaKMeD\im_Superficial-Intermediate\im_Superficial-Intermediate\058.bmp,im_Superficial-Intermediate
C:\Users\PAVAN H\Downloads\SIPaKMeD\im_Parabasal\im_Parabasal\CROPPED\038_02.bmp,im_Parabasal
C:\Users\PAVAN H\Downloads\SIPaKMeD\im_Koilocytotic\im_Koilocytotic\076.bmp,im_Koilocytotic
C:\Users\PAVAN H\Downloads\SIPaKMeD\im_Koilocytotic\im_Koilocytotic\CROPPED\133_02.bmp,im_Koilocytotic
C:\Users\PAVAN H\Downloads\SIPaKMeD\im_Superficial-Intermediate\im_Superficial-Intermediate\CROPPED\044_04.bmp,im_Superficial-Intermediate
C:\Users\PAVAN H\Downloads\SIPaKMeD\im_Metaplastic\im_Metaplastic\197.bmp,im_Metaplastic
C:\Users\PAVAN H\Downloads\SIPaKMeD\im_Dyskeratotic\im_Dyskeratotic\CROPPED\065_03.bmp,im_Dyskeratotic
C:\Users\PAVAN H\Downloads\SIPaKMeD\im_Dyskeratotic\im_Dyskeratotic\CROPPED\147_02.bmp,im_Dyskeratotic
C:\Users\PAVAN H\Downloads\SIPaKMeD\im_Parabasal\im_Parabasal\CROPPED\098_07.bmp,im_Parabasal
C:\Users\PAVAN H\Downloads\SIPaKMeD\im_Metaplastic\im_Metaplastic\CROPPED\025_04.bmp,im_Metaplastic
C:\Users\PAVAN H\Downloads\SIPaKMeD\im_Dyskeratotic\im_Dyskeratotic\CROPPED\035_01.bmp,im_Dyskeratotic
C:\Users\PAVAN H\Downloads\SIPaKMeD\im_Superficial-Intermediate\im_Superficial-Intermediate\CROPPED\009_07.bmp,im_Superficial-Intermediate
C:\Users\PAVAN H\Downloads\SIPaKMeD\im_Dyskeratotic\im_Dyskeratotic\CROPPED\124_01.bmp,im_Dyskeratotic
C:\Users\PAVAN H\Downloads\SIPaKMeD\im_Metaplastic\im_Metaplastic\CROPPED\096_04.bmp,im_Metaplastic
C:\Users\PAVAN H\Downloads\SIPaKMeD\im_Metaplastic\im_Metaplastic\CROPPED\217_08.bmp,im_Metaplastic
C:\Users\PAVAN H\Downloads\SIPaKMeD\im_Dyskeratotic\im_Dyskeratotic\CROPPED\101_01.bmp,im_Dyskeratotic
C:\Users\PAVAN H\Downloads\SIPaKMeD\im_Metaplastic\im_Metaplastic\CROPPED\095_02.bmp,im_Metaplastic
C:\Users\PAVAN H\Downloads\SIPaKMeD\im_Dyskeratotic\im_Dyskeratotic\CROPPED\101_04.bmp,im_Dyskeratotic
C:\Users\PAVAN H\Downloads\SIPaKMeD\im_Koilocytotic\im_Koilocytotic\CROPPED\146_05.bmp,im_Koilocytotic
C:\Users\PAVAN H\Downloads\SIPaKMeD\im_Parabasal\im_Parabasal\CROPPED\001_08.bmp,im_Parabasal
C:\Users\PAVAN H\Downloads\SIPaKMeD\im_Metaplastic\im_Metaplastic\CROPPED\061_01.bmp,im_Metaplastic
C:\Users\PAVAN H\Downloads\SIPaKMeD\im_Dyskeratotic\im_Dyskeratotic\165.bmp,im_Dyskeratotic
C:\Users\PAVAN H\Downloads\SIPaKMeD\im_Dyskeratotic\im_Dyskeratotic\004.bmp,im_Dyskeratotic
C:\Users\PAVAN H\Downloads\SIPaKMeD\im_Metaplastic\im_Metaplastic\CROPPED\107_02.bmp,im_Metaplastic
C:\Users\PAVAN H\Downloads\SIPaKMeD\im_Dyskeratotic\im_Dyskeratotic\CROPPED\070_01.bmp,im_Dyskeratotic
C:\Users\PAVAN H\Downloads\SIPaKMeD\im_Parabasal\im_Parabasal\CROPPED\024_02.bmp,im_Parabasal
C:\Users\PAVAN H\Downloads\SIPaKMeD\im_Superficial-Intermediate\im_Superficial-Intermediate\053.bmp,im_Superficial-Intermediate
C:\Users\PAVAN H\Downloads\SIPaKMeD\im_Parabasal\im_Parabasal\CROPPED\070_10.bmp,im_Parabasal
C:\Users\PAVAN H\Downloads\SIPaKMeD\im_Metaplastic\im_Metaplastic\CROPPED\264_06.bmp,im_Metaplastic
C:\Users\PAVAN H\Downloads\SIPaKMeD\im_Metaplastic\im_Metaplastic\125.bmp,im_Metaplastic
C:\Users\PAVAN H\Downloads\SIPaKMeD\im_Superficial-Intermediate\im_Superficial-Intermediate\104.bmp,im_Superficial-Intermediate
C:\Users\PAVAN H\Downloads\SIPaKMeD\im_Metaplastic\im_Metaplastic\CROPPED\237_01.bmp,im_Metaplastic
C:\Users\PAVAN H\Downloads\SIPaKMeD\im_Superficial-Intermediate\im_Superficial-Intermediate\091.bmp,im_Superficial-Intermediate
C:\Users\PAVAN H\Downloads\SIPaKMeD\im_Koilocytotic\im_Koilocytotic\CROPPED\192_02.bmp,im_Koilocytotic
C:\Users\PAVAN H\Downloads\SIPaKMeD\im_Dyskeratotic\im_Dyskeratotic\CROPPED\100_03.bmp,im_Dyskeratotic
C:\Users\PAVAN H\Downloads\SIPaKMeD\im_Metaplastic\im_Metaplastic\CROPPED\025_07.bmp,im_Metaplastic
C:\Users\PAVAN H\Downloads\SIPaKMeD\im_Superficial-Intermediate\im_Superficial-Intermediate\CROPPED\010_05.bmp,im_Superficial-Intermediate
C:\Users\PAVAN H\Downloads\SIPaKMeD\im_Superficial-Intermediate\im_Superficial-Intermediate\076.bmp,im_Superficial-Intermediate
C:\Users\PAVAN H\Downloads\SIPaKMeD\im_Metaplastic\im_Metaplastic\CROPPED\210_02.bmp,im_Metaplastic
C:\Users\PAVAN H\Downloads\SIPaKMeD\im_Parabasal\im_Parabasal\CROPPED\057_13.bmp,im_Parabasal
C:\Users\PAVAN H\Downloads\SIPaKMeD\im_Koilocytotic\im_Koilocytotic\CROPPED\102_01.bmp,im_Koilocytotic
C:\Users\PAVAN H\Downloads\SIPaKMeD\im_Superficial-Intermediate\im_Superficial-Intermediate\CROPPED\064_02.bmp,im_Superficial-Intermediate
C:\Users\PAVAN H\Downloads\SIPaKMeD\im_Koilocytotic\im_Koilocytotic\CROPPED\088_09.bmp,im_Koilocytotic
C:\Users\PAVAN H\Downloads\SIPaKMeD\im_Koilocytotic\im_Koilocytotic\CROPPED\131_01.bmp,im_Koilocytotic
C:\Users\PAVAN H\Downloads\SIPaKMeD\im_Metaplastic\im_Metaplastic\154.bmp,im_Metaplastic
C:\Users\PAVAN H\Downloads\SIPaKMeD\im_Metaplastic\im_Metaplastic\029.bmp,im_Metaplastic
C:\Users\PAVAN H\Downloads\SIPaKMeD\im_Parabasal\im_Parabasal\CROPPED\052_03.bmp,im_Parabasal
C:\Users\PAVAN H\Downloads\SIPaKMeD\im_Superficial-Intermediate\im_Superficial-Intermediate\CROPPED\112_08.bmp,im_Superficial-Intermediate
C:\Users\PAVAN H\Downloads\SIPaKMeD\im_Parabasal\im_Parabasal\071.bmp,im_Parabasal
C:\Users\PAVAN H\Downloads\SIPaKMeD\im_Koilocytotic\im_Koilocytotic\CROPPED\146_07.bmp,im_Koilocytotic
C:\Users\PAVAN H\Downloads\SIPaKMeD\im_Koilocytotic\im_Koilocytotic\CROPPED\117_04.bmp,im_Koilocytotic
C:\Users\PAVAN H\Downloads\SIPaKMeD\im_Metaplastic\im_Metaplastic\CROPPED\239_04.bmp,im_Metaplastic
C:\Users\PAVAN H\Downloads\SIPaKMeD\im_Parabasal\im_Parabasal\CROPPED\107_03.bmp,im_Parabasal
C:\Users\PAVAN H\Downloads\SIPaKMeD\im_Metaplastic\im_Metaplastic\CROPPED\201_08.bmp,im_Metaplastic
C:\Users\PAVAN H\Downloads\SIPaKMeD\im_Dyskeratotic\im_Dyskeratotic\CROPPED\156_02.bmp,im_Dyskeratotic
C:\Users\PAVAN H\Downloads\SIPaKMeD\im_Metaplastic\im_Metaplastic\CROPPED\002_11.bmp,im_Metaplastic
C:\Users\PAVAN H\Downloads\SIPaKMeD\im_Parabasal\im_Parabasal\CROPPED\027_04.bmp,im_Parabasal
C:\Users\PAVAN H\Downloads\SIPaKMeD\im_Parabasal\im_Parabasal\CROPPED\036_02.bmp,im_Parabasal
C:\Users\PAVAN H\Downloads\SIPaKMeD\im_Superficial-Intermediate\im_Superficial-Intermediate\CROPPED\023_07.bmp,im_Superficial-Intermediate
C:\Users\PAVAN H\Downloads\SIPaKMeD\im_Koilocytotic\im_Koilocytotic\CROPPED\218_01.bmp,im_Koilocytotic
C:\Users\PAVAN H\Downloads\SIPaKMeD\im_Superficial-Intermediate\im_Superficial-Intermediate\072.bmp,im_Superficial-Intermediate
C:\Users\PAVAN H\Downloads\SIPaKMeD\im_Koilocytotic\im_Koilocytotic\CROPPED\108_10.bmp,im_Koilocytotic
C:\Users\PAVAN H\Downloads\SIPaKMeD\im_Dyskeratotic\im_Dyskeratotic\CROPPED\037_04.bmp,im_Dyskeratotic
C:\Users\PAVAN H\Downloads\SIPaKMeD\im_Koilocytotic\im_Koilocytotic\229.bmp,im_Koilocytotic
C:\Users\PAVAN H\Downloads\SIPaKMeD\im_Metaplastic\im_Metaplastic\CROPPED\073_02.bmp,im_Metaplastic
C:\Users\PAVAN H\Downloads\SIPaKMeD\im_Superficial-Intermediate\im_Superficial-Intermediate\CROPPED\114_07.bmp,im_Superficial-Intermediate
C:\Users\PAVAN H\Downloads\SIPaKMeD\im_Koilocytotic\im_Koilocytotic\040.bmp,im_Koilocytotic
C:\Users\PAVAN H\Downloads\SIPaKMeD\im_Metaplastic\im_Metaplastic\CROPPED\023_01.bmp,im_Metaplastic
C:\Users\PAVAN H\Downloads\SIPaKMeD\im_Superficial-Intermediate\im_Superficial-Intermediate\CROPPED\026_02.bmp,im_Superficial-Intermediate
C:\Users\PAVAN H\Downloads\SIPaKMeD\im_Superficial-Intermediate\im_Superficial-Intermediate\017.bmp,im_Superficial-Intermediate
C:\Users\PAVAN H\Downloads\SIPaKMeD\im_Koilocytotic\im_Koilocytotic\CROPPED\157_06.bmp,im_Koilocytotic
C:\Users\PAVAN H\Downloads\SIPaKMeD\im_Dyskeratotic\im_Dyskeratotic\CROPPED\194_03.bmp,im_Dyskeratotic
C:\Users\PAVAN H\Downloads\SIPaKMeD\im_Dyskeratotic\im_Dyskeratotic\CROPPED\125_03.bmp,im_Dyskeratotic
C:\Users\PAVAN H\Downloads\SIPaKMeD\im_Superficial-Intermediate\im_Superficial-Intermediate\CROPPED\080_04.bmp,im_Superficial-Intermediate
C:\Users\PAVAN H\Downloads\SIPaKMeD\im_Metaplastic\im_Metaplastic\CROPPED\073_04.bmp,im_Metaplastic
C:\Users\PAVAN H\Downloads\SIPaKMeD\im_Parabasal\im_Parabasal\CROPPED\093_14.bmp,im_Parabasal
C:\Users\PAVAN H\Downloads\SIPaKMeD\im_Koilocytotic\im_Koilocytotic\CROPPED\094_05.bmp,im_Koilocytotic
C:\Users\PAVAN H\Downloads\SIPaKMeD\im_Metaplastic\im_Metaplastic\181.bmp,im_Metaplastic
C:\Users\PAVAN H\Downloads\SIPaKMeD\im_Dyskeratotic\im_Dyskeratotic\103.bmp,im_Dyskeratotic
C:\Users\PAVAN H\Downloads\SIPaKMeD\im_Parabasal\im_Parabasal\CROPPED\008_09.bmp,im_Parabasal
C:\Users\PAVAN H\Downloads\SIPaKMeD\im_Metaplastic\im_Metaplastic\CROPPED\096_03.bmp,im_Metaplastic
C:\Users\PAVAN H\Downloads\SIPaKMeD\im_Koilocytotic\im_Koilocytotic\099.bmp,im_Koilocytotic
C:\Users\PAVAN H\Downloads\SIPaKMeD\im_Metaplastic\im_Metaplastic\CROPPED\253_06.bmp,im_Metaplastic
C:\Users\PAVAN H\Downloads\SIPaKMeD\im_Metaplastic\im_Metaplastic\119.bmp,im_Metaplastic
C:\Users\PAVAN H\Downloads\SIPaKMeD\im_Metaplastic\im_Metaplastic\CROPPED\023_03.bmp,im_Metaplastic
C:\Users\PAVAN H\Downloads\SIPaKMeD\im_Koilocytotic\im_Koilocytotic\175.bmp,im_Koilocytotic
C:\Users\PAVAN H\Downloads\SIPaKMeD\im_Superficial-Intermediate\im_Superficial-Intermediate\CROPPED\104_01.bmp,im_Superficial-Intermediate
C:\Users\PAVAN H\Downloads\SIPaKMeD\im_Metaplastic\im_Metaplastic\CROPPED\073_07.bmp,im_Metaplastic
C:\Users\PAVAN H\Downloads\SIPaKMeD\im_Koilocytotic\im_Koilocytotic\CROPPED\128_06.bmp,im_Koilocytotic
C:\Users\PAVAN H\Downloads\SIPaKMeD\im_Superficial-Intermediate\im_Superficial-Intermediate\078.bmp,im_Superficial-Intermediate
C:\Users\PAVAN H\Downloads\SIPaKMeD\im_Superficial-Intermediate\im_Superficial-Intermediate\CROPPED\006_04.bmp,im_Superficial-Intermediate
C:\Users\PAVAN H\Downloads\SIPaKMeD\im_Dyskeratotic\im_Dyskeratotic\147.bmp,im_Dyskeratotic
C:\Users\PAVAN H\Downloads\SIPaKMeD\im_Parabasal\im_Parabasal\054.bmp,im_Parabasal
C:\Users\PAVAN H\Downloads\SIPaKMeD\im_Dyskeratotic\im_Dyskeratotic\CROPPED\102_10.bmp,im_Dyskeratotic
C:\Users\PAVAN H\Downloads\SIPaKMeD\im_Metaplastic\im_Metaplastic\093.bmp,im_Metaplastic
C:\Users\PAVAN H\Downloads\SIPaKMeD\im_Dyskeratotic\im_Dyskeratotic\CROPPED\222_01.bmp,im_Dyskeratotic
C:\Users\PAVAN H\Downloads\SIPaKMeD\im_Superficial-Intermediate\im_Superficial-Intermediate\077.bmp,im_Superficial-Intermediate
C:\Users\PAVAN H\Downloads\SIPaKMeD\im_Dyskeratotic\im_Dyskeratotic\CROPPED\219_05.bmp,im_Dyskeratotic
C:\Users\PAVAN H\Downloads\SIPaKMeD\im_Metaplastic\im_Metaplastic\CROPPED\184_01.bmp,im_Metaplastic
C:\Users\PAVAN H\Downloads\SIPaKMeD\im_Parabasal\im_Parabasal\CROPPED\071_02.bmp,im_Parabasal
C:\Users\PAVAN H\Downloads\SIPaKMeD\im_Dyskeratotic\im_Dyskeratotic\CROPPED\111_03.bmp,im_Dyskeratotic
C:\Users\PAVAN H\Downloads\SIPaKMeD\im_Parabasal\im_Parabasal\CROPPED\008_08.bmp,im_Parabasal
C:\Users\PAVAN H\Downloads\SIPaKMeD\im_Koilocytotic\im_Koilocytotic\CROPPED\077_07.bmp,im_Koilocytotic
C:\Users\PAVAN H\Downloads\SIPaKMeD\im_Dyskeratotic\im_Dyskeratotic\CROPPED\019_02.bmp,im_Dyskeratotic
C:\Users\PAVAN H\Downloads\SIPaKMeD\im_Superficial-Intermediate\im_Superficial-Intermediate\CROPPED\070_02.bmp,im_Superficial-Intermediate
C:\Users\PAVAN H\Downloads\SIPaKMeD\im_Koilocytotic\im_Koilocytotic\CROPPED\102_03.bmp,im_Koilocytotic
C:\Users\PAVAN H\Downloads\SIPaKMeD\im_Superficial-Intermediate\im_Superficial-Intermediate\CROPPED\056_06.bmp,im_Superficial-Intermediate
C:\Users\PAVAN H\Downloads\SIPaKMeD\im_Parabasal\im_Parabasal\CROPPED\037_07.bmp,im_Parabasal
C:\Users\PAVAN H\Downloads\SIPaKMeD\im_Parabasal\im_Parabasal\084.bmp,im_Parabasal
C:\Users\PAVAN H\Downloads\SIPaKMeD\im_Dyskeratotic\im_Dyskeratotic\CROPPED\031_04.bmp,im_Dyskeratotic
C:\Users\PAVAN H\Downloads\SIPaKMeD\im_Dyskeratotic\im_Dyskeratotic\CROPPED\110_02.bmp,im_Dyskeratotic
C:\Users\PAVAN H\Downloads\SIPaKMeD\im_Metaplastic\im_Metaplastic\057.bmp,im_Metaplastic
C:\Users\PAVAN H\Downloads\SIPaKMeD\im_Superficial-Intermediate\im_Superficial-Intermediate\109.bmp,im_Superficial-Intermediate
C:\Users\PAVAN H\Downloads\SIPaKMeD\im_Metaplastic\im_Metaplastic\162.bmp,im_Metaplastic
C:\Users\PAVAN H\Downloads\SIPaKMeD\im_Koilocytotic\im_Koilocytotic\CROPPED\017_04.bmp,im_Koilocytotic
C:\Users\PAVAN H\Downloads\SIPaKMeD\im_Dyskeratotic\im_Dyskeratotic\CROPPED\114_09.bmp,im_Dyskeratotic
C:\Users\PAVAN H\Downloads\SIPaKMeD\im_Parabasal\im_Parabasal\CROPPED\008_01.bmp,im_Parabasal
C:\Users\PAVAN H\Downloads\SIPaKMeD\im_Koilocytotic\im_Koilocytotic\CROPPED\164_02.bmp,im_Koilocytotic
C:\Users\PAVAN H\Downloads\SIPaKMeD\im_Koilocytotic\im_Koilocytotic\CROPPED\038_02.bmp,im_Koilocytotic
C:\Users\PAVAN H\Downloads\SIPaKMeD\im_Dyskeratotic\im_Dyskeratotic\CROPPED\146_01.bmp,im_Dyskeratotic
C:\Users\PAVAN H\Downloads\SIPaKMeD\im_Superficial-Intermediate\im_Superficial-Intermediate\074.bmp,im_Superficial-Intermediate
C:\Users\PAVAN H\Downloads\SIPaKMeD\im_Metaplastic\im_Metaplastic\116.bmp,im_Metaplastic
C:\Users\PAVAN H\Downloads\SIPaKMeD\im_Parabasal\im_Parabasal\CROPPED\081_03.bmp,im_Parabasal
C:\Users\PAVAN H\Downloads\SIPaKMeD\im_Metaplastic\im_Metaplastic\007.bmp,im_Metaplastic
C:\Users\PAVAN H\Downloads\SIPaKMeD\im_Superficial-Intermediate\im_Superficial-Intermediate\CROPPED\034_05.bmp,im_Superficial-Intermediate
C:\Users\PAVAN H\Downloads\SIPaKMeD\im_Parabasal\im_Parabasal\038.bmp,im_Parabasal
C:\Users\PAVAN H\Downloads\SIPaKMeD\im_Metaplastic\im_Metaplastic\CROPPED\092_01.bmp,im_Metaplastic
C:\Users\PAVAN H\Downloads\SIPaKMeD\im_Metaplastic\im_Metaplastic\CROPPED\227_05.bmp,im_Metaplastic
C:\Users\PAVAN H\Downloads\SIPaKMeD\im_Koilocytotic\im_Koilocytotic\CROPPED\088_05.bmp,im_Koilocytotic
C:\Users\PAVAN H\Downloads\SIPaKMeD\im_Dyskeratotic\im_Dyskeratotic\CROPPED\011_01.bmp,im_Dyskeratotic
C:\Users\PAVAN H\Downloads\SIPaKMeD\im_Metaplastic\im_Metaplastic\CROPPED\221_02.bmp,im_Metaplastic
C:\Users\PAVAN H\Downloads\SIPaKMeD\im_Metaplastic\im_Metaplastic\CROPPED\093_02.bmp,im_Metaplastic
C:\Users\PAVAN H\Downloads\SIPaKMeD\im_Parabasal\im_Parabasal\052.bmp,im_Parabasal
C:\Users\PAVAN H\Downloads\SIPaKMeD\im_Parabasal\im_Parabasal\CROPPED\053_02.bmp,im_Parabasal
C:\Users\PAVAN H\Downloads\SIPaKMeD\im_Dyskeratotic\im_Dyskeratotic\CROPPED\163_04.bmp,im_Dyskeratotic
C:\Users\PAVAN H\Downloads\SIPaKMeD\im_Superficial-Intermediate\im_Superficial-Intermediate\CROPPED\110_02.bmp,im_Superficial-Intermediate
C:\Users\PAVAN H\Downloads\SIPaKMeD\im_Metaplastic\im_Metaplastic\CROPPED\120_01.bmp,im_Metaplastic
C:\Users\PAVAN H\Downloads\SIPaKMeD\im_Metaplastic\im_Metaplastic\CROPPED\113_01.bmp,im_Metaplastic
C:\Users\PAVAN H\Downloads\SIPaKMeD\im_Superficial-Intermediate\im_Superficial-Intermediate\113.bmp,im_Superficial-Intermediate
C:\Users\PAVAN H\Downloads\SIPaKMeD\im_Dyskeratotic\im_Dyskeratotic\CROPPED\102_03.bmp,im_Dyskeratotic
C:\Users\PAVAN H\Downloads\SIPaKMeD\im_Koilocytotic\im_Koilocytotic\CROPPED\142_02.bmp,im_Koilocytotic
C:\Users\PAVAN H\Downloads\SIPaKMeD\im_Koilocytotic\im_Koilocytotic\035.bmp,im_Koilocytotic
C:\Users\PAVAN H\Downloads\SIPaKMeD\im_Koilocytotic\im_Koilocytotic\CROPPED\121_04.bmp,im_Koilocytotic
C:\Users\PAVAN H\Downloads\SIPaKMeD\im_Dyskeratotic\im_Dyskeratotic\CROPPED\141_10.bmp,im_Dyskeratotic
C:\Users\PAVAN H\Downloads\SIPaKMeD\im_Metaplastic\im_Metaplastic\CROPPED\254_02.bmp,im_Metaplastic
C:\Users\PAVAN H\Downloads\SIPaKMeD\im_Dyskeratotic\im_Dyskeratotic\CROPPED\078_01.bmp,im_Dyskeratotic
C:\Users\PAVAN H\Downloads\SIPaKMeD\im_Parabasal\im_Parabasal\CROPPED\008_05.bmp,im_Parabasal
C:\Users\PAVAN H\Downloads\SIPaKMeD\im_Superficial-Intermediate\im_Superficial-Intermediate\CROPPED\074_03.bmp,im_Superficial-Intermediate
C:\Users\PAVAN H\Downloads\SIPaKMeD\im_Superficial-Intermediate\im_Superficial-Intermediate\CROPPED\119_08.bmp,im_Superficial-Intermediate
C:\Users\PAVAN H\Downloads\SIPaKMeD\im_Metaplastic\im_Metaplastic\CROPPED\101_01.bmp,im_Metaplastic
C:\Users\PAVAN H\Downloads\SIPaKMeD\im_Parabasal\im_Parabasal\CROPPED\070_05.bmp,im_Parabasal
C:\Users\PAVAN H\Downloads\SIPaKMeD\im_Koilocytotic\im_Koilocytotic\CROPPED\017_05.bmp,im_Koilocytotic
C:\Users\PAVAN H\Downloads\SIPaKMeD\im_Metaplastic\im_Metaplastic\263.bmp,im_Metaplastic
C:\Users\PAVAN H\Downloads\SIPaKMeD\im_Superficial-Intermediate\im_Superficial-Intermediate\CROPPED\058_04.bmp,im_Superficial-Intermediate
C:\Users\PAVAN H\Downloads\SIPaKMeD\im_Metaplastic\im_Metaplastic\CROPPED\025_11.bmp,im_Metaplastic
C:\Users\PAVAN H\Downloads\SIPaKMeD\im_Koilocytotic\im_Koilocytotic\CROPPED\123_14.bmp,im_Koilocytotic
C:\Users\PAVAN H\Downloads\SIPaKMeD\im_Dyskeratotic\im_Dyskeratotic\CROPPED\069_04.bmp,im_Dyskeratotic
C:\Users\PAVAN H\Downloads\SIPaKMeD\im_Dyskeratotic\im_Dyskeratotic\CROPPED\129_02.bmp,im_Dyskeratotic
C:\Users\PAVAN H\Downloads\SIPaKMeD\im_Parabasal\im_Parabasal\CROPPED\065_04.bmp,im_Parabasal
C:\Users\PAVAN H\Downloads\SIPaKMeD\im_Koilocytotic\im_Koilocytotic\CROPPED\021_01.bmp,im_Koilocytotic
C:\Users\PAVAN H\Downloads\SIPaKMeD\im_Koilocytotic\im_Koilocytotic\CROPPED\081_02.bmp,im_Koilocytotic
C:\Users\PAVAN H\Downloads\SIPaKMeD\im_Metaplastic\im_Metaplastic\CROPPED\184_02.bmp,im_Metaplastic
C:\Users\PAVAN H\Downloads\SIPaKMeD\im_Koilocytotic\im_Koilocytotic\001.bmp,im_Koilocytotic
C:\Users\PAVAN H\Downloads\SIPaKMeD\im_Metaplastic\im_Metaplastic\CROPPED\197_02.bmp,im_Metaplastic
C:\Users\PAVAN H\Downloads\SIPaKMeD\im_Dyskeratotic\im_Dyskeratotic\CROPPED\145_02.bmp,im_Dyskeratotic
C:\Users\PAVAN H\Downloads\SIPaKMeD\im_Metaplastic\im_Metaplastic\CROPPED\147_01.bmp,im_Metaplastic
C:\Users\PAVAN H\Downloads\SIPaKMeD\im_Superficial-Intermediate\im_Superficial-Intermediate\086.bmp,im_Superficial-Intermediate
C:\Users\PAVAN H\Downloads\SIPaKMeD\im_Parabasal\im_Parabasal\CROPPED\042_08.bmp,im_Parabasal
C:\Users\PAVAN H\Downloads\SIPaKMeD\im_Metaplastic\im_Metaplastic\CROPPED\270_02.bmp,im_Metaplastic
C:\Users\PAVAN H\Downloads\SIPaKMeD\im_Parabasal\im_Parabasal\CROPPED\095_06.bmp,im_Parabasal
C:\Users\PAVAN H\Downloads\SIPaKMeD\im_Koilocytotic\im_Koilocytotic\CROPPED\160_02.bmp,im_Koilocytotic
C:\Users\PAVAN H\Downloads\SIPaKMeD\im_Koilocytotic\im_Koilocytotic\CROPPED\097_03.bmp,im_Koilocytotic
C:\Users\PAVAN H\Downloads\SIPaKMeD\im_Metaplastic\im_Metaplastic\CROPPED\116_01.bmp,im_Metaplastic
C:\Users\PAVAN H\Downloads\SIPaKMeD\im_Parabasal\im_Parabasal\024.bmp,im_Parabasal
C:\Users\PAVAN H\Downloads\SIPaKMeD\im_Metaplastic\im_Metaplastic\CROPPED\238_01.bmp,im_Metaplastic
C:\Users\PAVAN H\Downloads\SIPaKMeD\im_Metaplastic\im_Metaplastic\CROPPED\197_04.bmp,im_Metaplastic
C:\Users\PAVAN H\Downloads\SIPaKMeD\im_Dyskeratotic\im_Dyskeratotic\CROPPED\059_12.bmp,im_Dyskeratotic
C:\Users\PAVAN H\Downloads\SIPaKMeD\im_Superficial-Intermediate\im_Superficial-Intermediate\CROPPED\034_04.bmp,im_Superficial-Intermediate
C:\Users\PAVAN H\Downloads\SIPaKMeD\im_Superficial-Intermediate\im_Superficial-Intermediate\097.bmp,im_Superficial-Intermediate
C:\Users\PAVAN H\Downloads\SIPaKMeD\im_Dyskeratotic\im_Dyskeratotic\CROPPED\217_04.bmp,im_Dyskeratotic
C:\Users\PAVAN H\Downloads\SIPaKMeD\im_Parabasal\im_Parabasal\CROPPED\050_07.bmp,im_Parabasal
C:\Users\PAVAN H\Downloads\SIPaKMeD\im_Koilocytotic\im_Koilocytotic\CROPPED\145_03.bmp,im_Koilocytotic
C:\Users\PAVAN H\Downloads\SIPaKMeD\im_Superficial-Intermediate\im_Superficial-Intermediate\CROPPED\118_07.bmp,im_Superficial-Intermediate
C:\Users\PAVAN H\Downloads\SIPaKMeD\im_Parabasal\im_Parabasal\CROPPED\009_05.bmp,im_Parabasal
C:\Users\PAVAN H\Downloads\SIPaKMeD\im_Superficial-Intermediate\im_Superficial-Intermediate\CROPPED\097_07.bmp,im_Superficial-Intermediate
C:\Users\PAVAN H\Downloads\SIPaKMeD\im_Dyskeratotic\im_Dyskeratotic\CROPPED\045_01.bmp,im_Dyskeratotic
C:\Users\PAVAN H\Downloads\SIPaKMeD\im_Parabasal\im_Parabasal\CROPPED\095_13.bmp,im_Parabasal
C:\Users\PAVAN H\Downloads\SIPaKMeD\im_Parabasal\im_Parabasal\CROPPED\050_03.bmp,im_Parabasal
C:\Users\PAVAN H\Downloads\SIPaKMeD\im_Superficial-Intermediate\im_Superficial-Intermediate\CROPPED\017_09.bmp,im_Superficial-Intermediate
C:\Users\PAVAN H\Downloads\SIPaKMeD\im_Parabasal\im_Parabasal\CROPPED\094_06.bmp,im_Parabasal
C:\Users\PAVAN H\Downloads\SIPaKMeD\im_Koilocytotic\im_Koilocytotic\154.bmp,im_Koilocytotic
C:\Users\PAVAN H\Downloads\SIPaKMeD\im_Dyskeratotic\im_Dyskeratotic\188.bmp,im_Dyskeratotic
C:\Users\PAVAN H\Downloads\SIPaKMeD\im_Dyskeratotic\im_Dyskeratotic\CROPPED\022_02.bmp,im_Dyskeratotic
C:\Users\PAVAN H\Downloads\SIPaKMeD\im_Koilocytotic\im_Koilocytotic\CROPPED\046_03.bmp,im_Koilocytotic
C:\Users\PAVAN H\Downloads\SIPaKMeD\im_Parabasal\im_Parabasal\CROPPED\019_02.bmp,im_Parabasal
C:\Users\PAVAN H\Downloads\SIPaKMeD\im_Koilocytotic\im_Koilocytotic\CROPPED\131_03.bmp,im_Koilocytotic
C:\Users\PAVAN H\Downloads\SIPaKMeD\im_Superficial-Intermediate\im_Superficial-Intermediate\CROPPED\042_03.bmp,im_Superficial-Intermediate
C:\Users\PAVAN H\Downloads\SIPaKMeD\im_Metaplastic\im_Metaplastic\167.bmp,im_Metaplastic
C:\Users\PAVAN H\Downloads\SIPaKMeD\im_Dyskeratotic\im_Dyskeratotic\CROPPED\217_03.bmp,im_Dyskeratotic
C:\Users\PAVAN H\Downloads\SIPaKMeD\im_Parabasal\im_Parabasal\CROPPED\093_08.bmp,im_Parabasal
C:\Users\PAVAN H\Downloads\SIPaKMeD\im_Dyskeratotic\im_Dyskeratotic\CROPPED\112_04.bmp,im_Dyskeratotic
C:\Users\PAVAN H\Downloads\SIPaKMeD\im_Metaplastic\im_Metaplastic\CROPPED\070_01.bmp,im_Metaplastic
C:\Users\PAVAN H\Downloads\SIPaKMeD\im_Metaplastic\im_Metaplastic\CROPPED\224_01.bmp,im_Metaplastic
C:\Users\PAVAN H\Downloads\SIPaKMeD\im_Parabasal\im_Parabasal\CROPPED\023_01.bmp,im_Parabasal
C:\Users\PAVAN H\Downloads\SIPaKMeD\im_Metaplastic\im_Metaplastic\CROPPED\208_01.bmp,im_Metaplastic
C:\Users\PAVAN H\Downloads\SIPaKMeD\im_Koilocytotic\im_Koilocytotic\159.bmp,im_Koilocytotic
C:\Users\PAVAN H\Downloads\SIPaKMeD\im_Metaplastic\im_Metaplastic\CROPPED\015_03.bmp,im_Metaplastic
C:\Users\PAVAN H\Downloads\SIPaKMeD\im_Superficial-Intermediate\im_Superficial-Intermediate\CROPPED\084_01.bmp,im_Superficial-Intermediate
C:\Users\PAVAN H\Downloads\SIPaKMeD\im_Koilocytotic\im_Koilocytotic\CROPPED\140_12.bmp,im_Koilocytotic
C:\Users\PAVAN H\Downloads\SIPaKMeD\im_Parabasal\im_Parabasal\CROPPED\016_01.bmp,im_Parabasal
C:\Users\PAVAN H\Downloads\SIPaKMeD\im_Metaplastic\im_Metaplastic\CROPPED\097_05.bmp,im_Metaplastic
C:\Users\PAVAN H\Downloads\SIPaKMeD\im_Dyskeratotic\im_Dyskeratotic\CROPPED\168_01.bmp,im_Dyskeratotic
C:\Users\PAVAN H\Downloads\SIPaKMeD\im_Metaplastic\im_Metaplastic\035.bmp,im_Metaplastic
C:\Users\PAVAN H\Downloads\SIPaKMeD\im_Koilocytotic\im_Koilocytotic\CROPPED\051_01.bmp,im_Koilocytotic
C:\Users\PAVAN H\Downloads\SIPaKMeD\im_Parabasal\im_Parabasal\CROPPED\057_02.bmp,im_Parabasal
C:\Users\PAVAN H\Downloads\SIPaKMeD\im_Superficial-Intermediate\im_Superficial-Intermediate\110.bmp,im_Superficial-Intermediate
C:\Users\PAVAN H\Downloads\SIPaKMeD\im_Superficial-Intermediate\im_Superficial-Intermediate\CROPPED\103_02.bmp,im_Superficial-Intermediate
C:\Users\PAVAN H\Downloads\SIPaKMeD\im_Parabasal\im_Parabasal\013.bmp,im_Parabasal
C:\Users\PAVAN H\Downloads\SIPaKMeD\im_Koilocytotic\im_Koilocytotic\080.bmp,im_Koilocytotic
C:\Users\PAVAN H\Downloads\SIPaKMeD\im_Superficial-Intermediate\im_Superficial-Intermediate\CROPPED\053_01.bmp,im_Superficial-Intermediate
C:\Users\PAVAN H\Downloads\SIPaKMeD\im_Dyskeratotic\im_Dyskeratotic\CROPPED\117_05.bmp,im_Dyskeratotic
C:\Users\PAVAN H\Downloads\SIPaKMeD\im_Dyskeratotic\im_Dyskeratotic\CROPPED\010_07.bmp,im_Dyskeratotic
C:\Users\PAVAN H\Downloads\SIPaKMeD\im_Dyskeratotic\im_Dyskeratotic\120.bmp,im_Dyskeratotic
C:\Users\PAVAN H\Downloads\SIPaKMeD\im_Dyskeratotic\im_Dyskeratotic\028.bmp,im_Dyskeratotic
C:\Users\PAVAN H\Downloads\SIPaKMeD\im_Superficial-Intermediate\im_Superficial-Intermediate\CROPPED\007_06.bmp,im_Superficial-Intermediate
C:\Users\PAVAN H\Downloads\SIPaKMeD\im_Koilocytotic\im_Koilocytotic\CROPPED\133_05.bmp,im_Koilocytotic
C:\Users\PAVAN H\Downloads\SIPaKMeD\im_Dyskeratotic\im_Dyskeratotic\CROPPED\156_04.bmp,im_Dyskeratotic
C:\Users\PAVAN H\Downloads\SIPaKMeD\im_Parabasal\im_Parabasal\CROPPED\030_04.bmp,im_Parabasal
C:\Users\PAVAN H\Downloads\SIPaKMeD\im_Koilocytotic\im_Koilocytotic\195.bmp,im_Koilocytotic
C:\Users\PAVAN H\Downloads\SIPaKMeD\im_Parabasal\im_Parabasal\CROPPED\052_08.bmp,im_Parabasal
C:\Users\PAVAN H\Downloads\SIPaKMeD\im_Dyskeratotic\im_Dyskeratotic\CROPPED\052_02.bmp,im_Dyskeratotic
C:\Users\PAVAN H\Downloads\SIPaKMeD\im_Metaplastic\im_Metaplastic\CROPPED\166_03.bmp,im_Metaplastic
C:\Users\PAVAN H\Downloads\SIPaKMeD\im_Koilocytotic\im_Koilocytotic\CROPPED\090_08.bmp,im_Koilocytotic
C:\Users\PAVAN H\Downloads\SIPaKMeD\im_Superficial-Intermediate\im_Superficial-Intermediate\126.bmp,im_Superficial-Intermediate
C:\Users\PAVAN H\Downloads\SIPaKMeD\im_Parabasal\im_Parabasal\070.bmp,im_Parabasal
C:\Users\PAVAN H\Downloads\SIPaKMeD\im_Parabasal\im_Parabasal\CROPPED\001_06.bmp,im_Parabasal
C:\Users\PAVAN H\Downloads\SIPaKMeD\im_Parabasal\im_Parabasal\CROPPED\081_02.bmp,im_Parabasal
C:\Users\PAVAN H\Downloads\SIPaKMeD\im_Superficial-Intermediate\im_Superficial-Intermediate\CROPPED\005_01.bmp,im_Superficial-Intermediate
C:\Users\PAVAN H\Downloads\SIPaKMeD\im_Superficial-Intermediate\im_Superficial-Intermediate\CROPPED\121_02.bmp,im_Superficial-Intermediate
C:\Users\PAVAN H\Downloads\SIPaKMeD\im_Koilocytotic\im_Koilocytotic\133.bmp,im_Koilocytotic
C:\Users\PAVAN H\Downloads\SIPaKMeD\im_Koilocytotic\im_Koilocytotic\CROPPED\095_06.bmp,im_Koilocytotic
C:\Users\PAVAN H\Downloads\SIPaKMeD\im_Parabasal\im_Parabasal\CROPPED\099_12.bmp,im_Parabasal
C:\Users\PAVAN H\Downloads\SIPaKMeD\im_Dyskeratotic\im_Dyskeratotic\CROPPED\135_04.bmp,im_Dyskeratotic
C:\Users\PAVAN H\Downloads\SIPaKMeD\im_Metaplastic\im_Metaplastic\CROPPED\034_01.bmp,im_Metaplastic
C:\Users\PAVAN H\Downloads\SIPaKMeD\im_Superficial-Intermediate\im_Superficial-Intermediate\CROPPED\076_03.bmp,im_Superficial-Intermediate
C:\Users\PAVAN H\Downloads\SIPaKMeD\im_Superficial-Intermediate\im_Superficial-Intermediate\CROPPED\060_06.bmp,im_Superficial-Intermediate
